<?xml version="1.0" encoding="UTF-8" standalone="no" ?>
<COLLADA xmlns="http://www.collada.org/2005/11/COLLADASchema" version="1.4.1">
  <asset>
    <contributor>
      <author>Assimp</author>
      <authoring_tool>Assimp Exporter</authoring_tool>
    </contributor>
    <created>2026-09-03T00:11:22</created>
    <modified>2026-09-03T00:11:22</modified>
    <unit name="meter" meter="1" />
    <up_axis>Y_UP</up_axis>
  </asset>
  <library_images>
    <image id="colormap-diffuse-image">
      <init_from>colormap.png</init_from>
    </image>
    <image id="colormap-specular-diffuse-image">
      <init_from>colormap.png</init_from>
    </image>
  </library_images>
  <library_effects>
    <effect id="DefaultMaterial-fx" name="DefaultMaterial">
      <profile_COMMON>
        <technique sid="standard">
          <phong>
            <emission>
              <color sid="emission">0   0   0   1</color>
            </emission>
            <ambient>
              <color sid="ambient">0.6 0.6 0.6 1</color>
            </ambient>
            <diffuse>
              <color sid="diffuse">0.600000024   0.600000024   0.600000024   1</color>
            </diffuse>
            <specular>
              <color sid="specular">0   0   0   1</color>
            </specular>
            <shininess>
              <float sid="shininess">0</float>
            </shininess>
            <transparent>
              <color sid="transparent">1   1   1   1</color>
            </transparent>
            <transparency>
              <float sid="transparency">1</float>
            </transparency>
            <index_of_refraction>
              <float sid="index_of_refraction">1</float>
            </index_of_refraction>
          </phong>
        </technique>
      </profile_COMMON>
    </effect>
    <effect id="colormap-fx" name="colormap">
      <profile_COMMON>
        <newparam sid="colormap-diffuse-surface">
          <surface type="2D">
            <init_from>colormap-diffuse-image</init_from>
          </surface>
        </newparam>
        <newparam sid="colormap-diffuse-sampler">
          <sampler2D>
            <source>colormap-diffuse-surface</source>
          </sampler2D>
        </newparam>
        <technique sid="standard">
          <phong>
            <emission>
              <color sid="emission">0   0   0   1</color>
            </emission>
            <ambient>
              <color sid="ambient">0.6 0.6 0.6 1</color>
            </ambient>
            <diffuse>
              <texture texture="colormap-diffuse-sampler" texcoord="CHANNEL0" />
            </diffuse>
            <specular>
              <color sid="specular">0   0   0   1</color>
            </specular>
            <shininess>
              <float sid="shininess">0</float>
            </shininess>
            <transparent>
              <color sid="transparent">1   1   1   1</color>
            </transparent>
            <transparency>
              <float sid="transparency">1</float>
            </transparency>
            <index_of_refraction>
              <float sid="index_of_refraction">1</float>
            </index_of_refraction>
          </phong>
        </technique>
      </profile_COMMON>
    </effect>
    <effect id="colormap-specular-fx" name="colormap-specular">
      <profile_COMMON>
        <newparam sid="colormap-specular-diffuse-surface">
          <surface type="2D">
            <init_from>colormap-specular-diffuse-image</init_from>
          </surface>
        </newparam>
        <newparam sid="colormap-specular-diffuse-sampler">
          <sampler2D>
            <source>colormap-specular-diffuse-surface</source>
          </sampler2D>
        </newparam>
        <technique sid="standard">
          <phong>
            <emission>
              <color sid="emission">0   0   0   1</color>
            </emission>
            <ambient>
              <color sid="ambient">0.6 0.6 0.6 1</color>
            </ambient>
            <diffuse>
              <texture texture="colormap-specular-diffuse-sampler" texcoord="CHANNEL0" />
            </diffuse>
            <specular>
              <color sid="specular">0   0   0   1</color>
            </specular>
            <shininess>
              <float sid="shininess">0</float>
            </shininess>
            <transparent>
              <color sid="transparent">1   1   1   1</color>
            </transparent>
            <transparency>
              <float sid="transparency">1</float>
            </transparency>
            <index_of_refraction>
              <float sid="index_of_refraction">1</float>
            </index_of_refraction>
          </phong>
        </technique>
      </profile_COMMON>
    </effect>
  </library_effects>
  <library_materials>
    <material id="DefaultMaterial" name="DefaultMaterial">
      <instance_effect url="#DefaultMaterial-fx"/>
    </material>
    <material id="colormap" name="colormap">
      <instance_effect url="#colormap-fx"/>
    </material>
    <material id="colormap-specular" name="colormap-specular">
      <instance_effect url="#colormap-specular-fx"/>
    </material>
  </library_materials>
  <library_geometries>
    <geometry id="building-f_1" name="building-f" >
      <mesh>
        <source id="building-f_1-positions" name="building-f_1-positions">
          <float_array id="building-f_1-positions-array" count="13842"> -0.778206229 2.70716812e-16 0.474000007 0.0217937492 2.70716812e-16 0.0739999935 0.0217937492 2.70716812e-16 0.474000007 0.0217937492 2.70716812e-16 0.0739999935 -0.778206229 2.70716812e-16 0.474000007 -0.778206229 2.70716812e-16 0.0739999935 -0.958206117 0.949999988 0.694000006 -0.978205979 0.899999976 0.674000025 -0.958206117 0.899999976 0.694000006 -0.978205979 0.899999976 0.674000025 -0.958206117 0.949999988 0.694000006 -0.978205979 0.949999988 0.674000025 -0.978205979 0.949999988 0.674000025 -0.978206217 0.899999976 0.273999989 -0.978205979 0.899999976 0.674000025 -0.978206217 0.899999976 0.273999989 -0.978205979 0.949999988 0.674000025 -0.978206217 0.949999988 0.273999989 -0.978206217 0.949999988 0.273999989 -0.958206117 0.899999976 0.254000008 -0.978206217 0.899999976 0.273999989 -0.958206117 0.899999976 0.254000008 -0.978206217 0.949999988 0.273999989 -0.958206117 0.949999988 0.254000008 -0.918206096 1.02910399 0.307954997 -0.918206096 1.09029901 0.635194302 -0.918206096 1.00970101 0.312805712 -0.918206096 1.09029901 0.635194302 -0.918206096 1.02910399 0.307954997 -0.918206096 1.10970104 0.630343616 -0.698206127 1.09029901 0.635194302 -0.698206127 1.02910399 0.307954907 -0.698206127 1.00970101 0.312805712 -0.698206127 1.02910399 0.307954907 -0.698206127 1.09029901 0.635194302 -0.698206127 1.10970104 0.630343616 -0.938206077 1.09029901 0.635194302 -0.938206077 1.02910399 0.307954997 -0.938206077 1.00970101 0.312805712 -0.938206077 1.02910399 0.307954997 -0.938206077 1.09029901 0.635194302 -0.938206077 1.10970104 0.630343616 -0.938206077 1.00970101 0.312805712 -0.918206096 1.02425301 0.288552105 -0.918206096 1.00485098 0.293402791 -0.918206096 1.02425301 0.288552105 -0.938206077 1.00970101 0.312805712 -0.938206077 1.02910399 0.307954997 -0.918206096 1.09514904 0.654597223 -0.938206077 1.10970104 0.630343616 -0.938206077 1.09029901 0.635194302 -0.938206077 1.10970104 0.630343616 -0.918206096 1.09514904 0.654597223 -0.918206096 1.11455202 0.649746418 -0.938206077 1.02910399 0.307954997 -0.698206127 1.02425301 0.288552105 -0.918206096 1.02425301 0.288552105 -0.698206127 1.02425301 0.288552105 -0.938206077 1.02910399 0.307954997 -0.918206096 1.02910399 0.307954997 -0.918206096 1.02910399 0.307954997 -0.678206086 1.02910399 0.307954907 -0.698206127 1.02425301 0.288552105 -0.678206086 1.02910399 0.307954907 -0.918206096 1.02910399 0.307954997 -0.698206127 1.02910399 0.307954907 -0.918206096 1.02910399 0.307954997 -0.938206077 1.02910399 0.307954997 -0.918206096 1.10970104 0.630343616 -0.918206096 1.10970104 0.630343616 -0.938206077 1.02910399 0.307954997 -0.938206077 1.10970104 0.630343616 -0.678206086 1.02910399 0.307954907 -0.698206127 1.02910399 0.307954907 -0.698206127 1.10970104 0.630343616 -0.918206096 1.10970104 0.630343616 -0.938206077 1.10970104 0.630343616 -0.918206096 1.11455202 0.649746418 -0.918206096 1.10970104 0.630343616 -0.918206096 1.11455202 0.649746418 -0.698206127 1.10970104 0.630343616 -0.678206086 1.02910399 0.307954907 -0.698206127 1.10970104 0.630343616 -0.678206086 1.10970104 0.630343616 -0.698206127 1.10970104 0.630343616 -0.918206096 1.11455202 0.649746418 -0.678206086 1.10970104 0.630343616 -0.678206086 1.10970104 0.630343616 -0.918206096 1.11455202 0.649746418 -0.698206127 1.11455202 0.649746418 -0.698206127 1.10970104 0.630343616 -0.918206096 1.09029901 0.635194302 -0.918206096 1.10970104 0.630343616 -0.918206096 1.09029901 0.635194302 -0.698206127 1.10970104 0.630343616 -0.698206127 1.09029901 0.635194302 -0.698206127 1.02425301 0.288552105 -0.918206096 1.00485098 0.293402791 -0.918206096 1.02425301 0.288552105 -0.918206096 1.00485098 0.293402791 -0.698206127 1.02425301 0.288552105 -0.698206127 1.00485098 0.293402791 -0.698206127 1.02425301 0.288552105 -0.678206086 1.00970101 0.312805712 -0.698206127 1.00485098 0.293402791 -0.678206086 1.00970101 0.312805712 -0.698206127 1.02425301 0.288552105 -0.678206086 1.02910399 0.307954907 -0.678206086 1.10970104 0.630343616 -0.698206127 1.09514904 0.654597223 -0.678206086 1.09029901 0.635194302 -0.698206127 1.09514904 0.654597223 -0.678206086 1.10970104 0.630343616 -0.698206127 1.11455202 0.649746418 -0.918206096 1.09514904 0.654597223 -0.698206127 1.11455202 0.649746418 -0.918206096 1.11455202 0.649746418 -0.698206127 1.11455202 0.649746418 -0.918206096 1.09514904 0.654597223 -0.698206127 1.09514904 0.654597223 -0.658206105 0.899999976 0.253999889 -0.638206124 0.949999988 0.2739999 -0.638206124 0.899999976 0.2739999 -0.638206124 0.949999988 0.2739999 -0.658206105 0.899999976 0.253999889 -0.658206105 0.949999988 0.253999889 -0.678206086 1.02910399 0.307954907 -0.678206086 1.09029901 0.635194302 -0.678206086 1.00970101 0.312805712 -0.678206086 1.09029901 0.635194302 -0.678206086 1.02910399 0.307954907 -0.678206086 1.10970104 0.630343616 -0.658206105 0.949999988 0.253999889 -0.958206117 0.899999976 0.254000008 -0.958206117 0.949999988 0.254000008 -0.958206117 0.899999976 0.254000008 -0.658206105 0.949999988 0.253999889 -0.658206105 0.899999976 0.253999889 -0.698206127 1.00970101 0.312805712 -0.918206096 1.02910399 0.307954997 -0.918206096 1.00970101 0.312805712 -0.918206096 1.02910399 0.307954997 -0.698206127 1.00970101 0.312805712 -0.698206127 1.02910399 0.307954907 -0.638206005 0.899999976 0.674000025 -0.658205986 0.949999988 0.694000006 -0.658205986 0.899999976 0.694000006 -0.658205986 0.949999988 0.694000006 -0.638206005 0.899999976 0.674000025 -0.638206005 0.949999988 0.674000025 -0.658205986 0.899999976 0.694000006 -0.958206117 0.949999988 0.694000006 -0.958206117 0.899999976 0.694000006 -0.958206117 0.949999988 0.694000006 -0.658205986 0.899999976 0.694000006 -0.658205986 0.949999988 0.694000006 -0.658205986 0.949999988 0.694000006 -0.978205979 0.949999988 0.674000025 -0.958206117 0.949999988 0.694000006 -0.638206005 0.949999988 0.674000025 -0.978205979 0.949999988 0.674000025 -0.658205986 0.949999988 0.694000006 -0.658205986 0.949999988 0.674000025 -0.978205979 0.949999988 0.674000025 -0.638206005 0.949999988 0.674000025 -0.638206124 0.949999988 0.2739999 -0.658205986 0.949999988 0.674000025 -0.638206005 0.949999988 0.674000025 -0.958206117 0.949999988 0.674000025 -0.978205979 0.949999988 0.674000025 -0.658205986 0.949999988 0.674000025 -0.638206124 0.949999988 0.2739999 -0.658206105 0.949999988 0.2739999 -0.658205986 0.949999988 0.674000025 -0.958206117 0.949999988 0.273999989 -0.978205979 0.949999988 0.674000025 -0.958206117 0.949999988 0.674000025 -0.638206124 0.949999988 0.2739999 -0.958206117 0.949999988 0.273999989 -0.658206105 0.949999988 0.2739999 -0.978205979 0.949999988 0.674000025 -0.958206117 0.949999988 0.273999989 -0.978206217 0.949999988 0.273999989 -0.638206124 0.949999988 0.2739999 -0.978206217 0.949999988 0.273999989 -0.958206117 0.949999988 0.273999989 -0.658206105 0.949999988 0.253999889 -0.978206217 0.949999988 0.273999989 -0.638206124 0.949999988 0.2739999 -0.978206217 0.949999988 0.273999989 -0.658206105 0.949999988 0.253999889 -0.958206117 0.949999988 0.254000008 -0.638206124 0.899999976 0.2739999 -0.638206005 0.949999988 0.674000025 -0.638206005 0.899999976 0.674000025 -0.638206005 0.949999988 0.674000025 -0.638206124 0.899999976 0.2739999 -0.638206124 0.949999988 0.2739999 -0.49820599 0.949999988 0.694000006 -0.518206 0.899999976 0.674000025 -0.49820599 0.899999976 0.694000006 -0.518206 0.899999976 0.674000025 -0.49820599 0.949999988 0.694000006 -0.518206 0.949999988 0.674000025 -0.518206 0.949999988 0.674000025 -0.51820612 0.899999976 0.273999989 -0.518206 0.899999976 0.674000025 -0.51820612 0.899999976 0.273999989 -0.518206 0.949999988 0.674000025 -0.51820612 0.949999988 0.273999989 -0.51820612 0.949999988 0.273999989 -0.498206109 0.899999976 0.254000008 -0.51820612 0.899999976 0.273999989 -0.498206109 0.899999976 0.254000008 -0.51820612 0.949999988 0.273999989 -0.498206109 0.949999988 0.254000008 -0.458206087 1.02910399 0.307954997 -0.458205998 1.09029901 0.635194302 -0.458206087 1.00970101 0.312805712 -0.458205998 1.09029901 0.635194302 -0.458206087 1.02910399 0.307954997 -0.458205998 1.10970104 0.630343616 -0.238205999 1.09029901 0.635194302 -0.238206103 1.02910399 0.307954907 -0.238206103 1.00970101 0.312805712 -0.238206103 1.02910399 0.307954907 -0.238205999 1.09029901 0.635194302 -0.238205999 1.10970104 0.630343616 -0.478206009 1.09029901 0.635194302 -0.478206098 1.02910399 0.307954997 -0.478206098 1.00970101 0.312805712 -0.478206098 1.02910399 0.307954997 -0.478206009 1.09029901 0.635194302 -0.478206009 1.10970104 0.630343616 -0.478206098 1.00970101 0.312805712 -0.458206087 1.02425301 0.288552105 -0.458206087 1.00485098 0.293402791 -0.458206087 1.02425301 0.288552105 -0.478206098 1.00970101 0.312805712 -0.478206098 1.02910399 0.307954997 -0.458205998 1.09514904 0.654597223 -0.478206009 1.10970104 0.630343616 -0.478206009 1.09029901 0.635194302 -0.478206009 1.10970104 0.630343616 -0.458205998 1.09514904 0.654597223 -0.458205998 1.11455202 0.649746418 -0.478206098 1.02910399 0.307954997 -0.238206103 1.02425301 0.288552105 -0.458206087 1.02425301 0.288552105 -0.238206103 1.02425301 0.288552105 -0.478206098 1.02910399 0.307954997 -0.458206087 1.02910399 0.307954997 -0.458206087 1.02910399 0.307954997 -0.218206003 1.02910399 0.307954907 -0.238206103 1.02425301 0.288552105 -0.218206003 1.02910399 0.307954907 -0.458206087 1.02910399 0.307954997 -0.238206103 1.02910399 0.307954907 -0.458206087 1.02910399 0.307954997 -0.478206098 1.02910399 0.307954997 -0.458205998 1.10970104 0.630343616 -0.458205998 1.10970104 0.630343616 -0.478206098 1.02910399 0.307954997 -0.478206009 1.10970104 0.630343616 -0.218206003 1.02910399 0.307954907 -0.238206103 1.02910399 0.307954907 -0.238205999 1.10970104 0.630343616 -0.458205998 1.10970104 0.630343616 -0.478206009 1.10970104 0.630343616 -0.458205998 1.11455202 0.649746418 -0.458205998 1.10970104 0.630343616 -0.458205998 1.11455202 0.649746418 -0.238205999 1.10970104 0.630343616 -0.218206003 1.02910399 0.307954907 -0.238205999 1.10970104 0.630343616 -0.218206003 1.10970104 0.630343616 -0.238205999 1.10970104 0.630343616 -0.458205998 1.11455202 0.649746418 -0.218206003 1.10970104 0.630343616 -0.218206003 1.10970104 0.630343616 -0.458205998 1.11455202 0.649746418 -0.238205999 1.11455202 0.649746418 -0.238205999 1.10970104 0.630343616 -0.458205998 1.09029901 0.635194302 -0.458205998 1.10970104 0.630343616 -0.458205998 1.09029901 0.635194302 -0.238205999 1.10970104 0.630343616 -0.238205999 1.09029901 0.635194302 -0.238206103 1.02425301 0.288552105 -0.458206087 1.00485098 0.293402791 -0.458206087 1.02425301 0.288552105 -0.458206087 1.00485098 0.293402791 -0.238206103 1.02425301 0.288552105 -0.238206103 1.00485098 0.293402791 -0.238206103 1.02425301 0.288552105 -0.218206003 1.00970101 0.312805712 -0.238206103 1.00485098 0.293402791 -0.218206003 1.00970101 0.312805712 -0.238206103 1.02425301 0.288552105 -0.218206003 1.02910399 0.307954907 -0.218206003 1.10970104 0.630343616 -0.238205999 1.09514904 0.654597223 -0.218206003 1.09029901 0.635194302 -0.238205999 1.09514904 0.654597223 -0.218206003 1.10970104 0.630343616 -0.238205999 1.11455202 0.649746418 -0.458205998 1.09514904 0.654597223 -0.238205999 1.11455202 0.649746418 -0.458205998 1.11455202 0.649746418 -0.238205999 1.11455202 0.649746418 -0.458205998 1.09514904 0.654597223 -0.238205999 1.09514904 0.654597223 -0.198206097 0.899999976 0.253999889 -0.178206101 0.949999988 0.2739999 -0.178206101 0.899999976 0.2739999 -0.178206101 0.949999988 0.2739999 -0.198206097 0.899999976 0.253999889 -0.198206097 0.949999988 0.253999889 -0.218206003 1.02910399 0.307954907 -0.218206003 1.09029901 0.635194302 -0.218206003 1.00970101 0.312805712 -0.218206003 1.09029901 0.635194302 -0.218206003 1.02910399 0.307954907 -0.218206003 1.10970104 0.630343616 -0.198206097 0.949999988 0.253999889 -0.498206109 0.899999976 0.254000008 -0.498206109 0.949999988 0.254000008 -0.498206109 0.899999976 0.254000008 -0.198206097 0.949999988 0.253999889 -0.198206097 0.899999976 0.253999889 -0.238206103 1.00970101 0.312805712 -0.458206087 1.02910399 0.307954997 -0.458206087 1.00970101 0.312805712 -0.458206087 1.02910399 0.307954997 -0.238206103 1.00970101 0.312805712 -0.238206103 1.02910399 0.307954907 -0.178205997 0.899999976 0.674000025 -0.198205993 0.949999988 0.694000006 -0.198205993 0.899999976 0.694000006 -0.198205993 0.949999988 0.694000006 -0.178205997 0.899999976 0.674000025 -0.178205997 0.949999988 0.674000025 -0.198205993 0.899999976 0.694000006 -0.49820599 0.949999988 0.694000006 -0.49820599 0.899999976 0.694000006 -0.49820599 0.949999988 0.694000006 -0.198205993 0.899999976 0.694000006 -0.198205993 0.949999988 0.694000006 -0.198205993 0.949999988 0.694000006 -0.518206 0.949999988 0.674000025 -0.49820599 0.949999988 0.694000006 -0.178205997 0.949999988 0.674000025 -0.518206 0.949999988 0.674000025 -0.198205993 0.949999988 0.694000006 -0.198205993 0.949999988 0.674000025 -0.518206 0.949999988 0.674000025 -0.178205997 0.949999988 0.674000025 -0.178206101 0.949999988 0.2739999 -0.198205993 0.949999988 0.674000025 -0.178205997 0.949999988 0.674000025 -0.49820599 0.949999988 0.674000025 -0.518206 0.949999988 0.674000025 -0.198205993 0.949999988 0.674000025 -0.178206101 0.949999988 0.2739999 -0.198206097 0.949999988 0.2739999 -0.198205993 0.949999988 0.674000025 -0.498206109 0.949999988 0.273999989 -0.518206 0.949999988 0.674000025 -0.49820599 0.949999988 0.674000025 -0.178206101 0.949999988 0.2739999 -0.498206109 0.949999988 0.273999989 -0.198206097 0.949999988 0.2739999 -0.518206 0.949999988 0.674000025 -0.498206109 0.949999988 0.273999989 -0.51820612 0.949999988 0.273999989 -0.178206101 0.949999988 0.2739999 -0.51820612 0.949999988 0.273999989 -0.498206109 0.949999988 0.273999989 -0.198206097 0.949999988 0.253999889 -0.51820612 0.949999988 0.273999989 -0.178206101 0.949999988 0.2739999 -0.51820612 0.949999988 0.273999989 -0.198206097 0.949999988 0.253999889 -0.498206109 0.949999988 0.254000008 -0.178206101 0.899999976 0.2739999 -0.178205997 0.949999988 0.674000025 -0.178205997 0.899999976 0.674000025 -0.178205997 0.949999988 0.674000025 -0.178206101 0.899999976 0.2739999 -0.178206101 0.949999988 0.2739999 0.0217938293 0.0500000007 0.493999988 0.421793908 0.0500000007 0.494000107 0.0217938293 0.0500000007 0.474000007 0.421793908 0.0500000007 0.494000107 0.441793889 0.0500000007 0.474000096 0.0217938293 0.0500000007 0.474000007 0.0217938293 0.0500000007 0.474000007 0.441793889 0.0500000007 0.474000096 0.421793908 0.0500000007 0.474000096 0.421793908 0.0500000007 0.474000096 0.441793889 0.0500000007 0.474000096 0.421793908 0.0500000007 0.0740000233 0.441793889 0.0500000007 0.0740000233 0.421793908 0.0500000007 0.0740000233 0.441793889 0.0500000007 0.474000096 0.421793908 2.70716812e-16 0.494000107 0.0217938293 2.70716812e-16 0.493999988 0.441793889 2.70716812e-16 0.474000096 0.441793889 2.70716812e-16 0.474000096 0.0217938293 2.70716812e-16 0.493999988 0.441793889 2.70716812e-16 0.0740000233 0.0217938907 2.70716812e-16 0.0739999637 0.441793889 2.70716812e-16 0.0740000233 0.0217938293 2.70716812e-16 0.493999988 0.441793889 0.0500000007 0.474000096 0.421793908 0.0500000007 0.494000107 0.441793889 2.70716812e-16 0.474000096 0.421793908 2.70716812e-16 0.494000107 0.441793889 2.70716812e-16 0.474000096 0.421793908 0.0500000007 0.494000107 0.0217938293 0.0500000007 0.493999988 0.0217938293 2.70716812e-16 0.493999988 0.421793908 0.0500000007 0.494000107 0.421793908 2.70716812e-16 0.494000107 0.421793908 0.0500000007 0.494000107 0.0217938293 2.70716812e-16 0.493999988 0.441793889 0.0500000007 0.0740000233 0.441793889 0.0500000007 0.474000096 0.441793889 2.70716812e-16 0.0740000233 0.441793889 2.70716812e-16 0.474000096 0.441793889 2.70716812e-16 0.0740000233 0.441793889 0.0500000007 0.474000096 0.0217937808 0.550000012 0.894000113 0.0417937785 0.550000012 0.874000072 -0.378206313 0.550000012 0.893999994 -0.378206313 0.550000012 0.893999994 0.0417937785 0.550000012 0.874000072 -0.378206313 0.550000012 0.874000013 -0.378206313 0.550000012 0.874000013 0.0417937785 0.550000012 0.874000072 0.0217937808 0.550000012 0.874000072 0.0417937785 0.550000012 0.874000072 0.0417938381 0.550000012 0.474000007 0.0217937808 0.550000012 0.874000072 0.0217938405 0.550000012 0.474000007 0.0217937808 0.550000012 0.874000072 0.0417938381 0.550000012 0.474000007 0.0217937808 0.5 0.894000113 -0.378206313 0.5 0.893999994 0.0417937785 0.5 0.874000072 0.0417937785 0.5 0.874000072 -0.378206313 0.5 0.893999994 0.0417938381 0.5 0.474000007 -0.378206193 0.5 0.474000007 0.0417938381 0.5 0.474000007 -0.378206313 0.5 0.893999994 0.0417937785 0.550000012 0.874000072 0.0217937808 0.550000012 0.894000113 0.0417937785 0.5 0.874000072 0.0217937808 0.5 0.894000113 0.0417937785 0.5 0.874000072 0.0217937808 0.550000012 0.894000113 -0.378206313 0.550000012 0.893999994 -0.378206313 0.5 0.893999994 0.0217937808 0.550000012 0.894000113 0.0217937808 0.5 0.894000113 0.0217937808 0.550000012 0.894000113 -0.378206313 0.5 0.893999994 0.0417938381 0.550000012 0.474000007 0.0417937785 0.550000012 0.874000072 0.0417938381 0.5 0.474000007 0.0417937785 0.5 0.874000072 0.0417938381 0.5 0.474000007 0.0417937785 0.550000012 0.874000072 -0.378206313 0.0500000007 0.893999994 0.0217937808 0.0500000007 0.894000113 -0.378206313 0.0500000007 0.874000013 -0.378206313 0.0500000007 0.874000013 0.0217937808 0.0500000007 0.894000113 0.0217937808 0.0500000007 0.874000072 0.0217937808 0.0500000007 0.894000113 0.0417937785 0.0500000007 0.874000072 0.0217937808 0.0500000007 0.874000072 0.0217937808 0.0500000007 0.874000072 0.0417937785 0.0500000007 0.874000072 0.0217938405 0.0500000007 0.474000007 0.0417938381 0.0500000007 0.474000007 0.0217938405 0.0500000007 0.474000007 0.0417937785 0.0500000007 0.874000072 0.0217937808 3.60955705e-16 0.894000113 -0.378206313 3.60955705e-16 0.893999994 0.0417937785 3.60955705e-16 0.874000072 0.0417937785 3.60955705e-16 0.874000072 -0.378206313 3.60955705e-16 0.893999994 0.0417938381 3.60955705e-16 0.474000007 -0.378206193 3.60955705e-16 0.474000007 0.0417938381 3.60955705e-16 0.474000007 -0.378206313 3.60955705e-16 0.893999994 0.0417937785 0.0500000007 0.874000072 0.0217937808 0.0500000007 0.894000113 0.0417937785 3.60955705e-16 0.874000072 0.0217937808 3.60955705e-16 0.894000113 0.0417937785 3.60955705e-16 0.874000072 0.0217937808 0.0500000007 0.894000113 -0.378206313 0.0500000007 0.893999994 -0.378206313 3.60955705e-16 0.893999994 0.0217937808 0.0500000007 0.894000113 0.0217937808 3.60955705e-16 0.894000113 0.0217937808 0.0500000007 0.894000113 -0.378206313 3.60955705e-16 0.893999994 0.0417938381 0.0500000007 0.474000007 0.0417937785 0.0500000007 0.874000072 0.0417938381 3.60955705e-16 0.474000007 0.0417937785 3.60955705e-16 0.874000072 0.0417938381 3.60955705e-16 0.474000007 0.0417937785 0.0500000007 0.874000072 0.0417937785 0.550000012 0.074000001 0.0217937808 0.550000012 0.0540000089 0.0417937785 0.550000012 0.474000007 0.0417937785 0.550000012 0.474000007 0.0217937808 0.550000012 0.0540000089 0.0217937808 0.550000012 0.474000007 0.0217937808 0.550000012 0.474000007 0.0217937808 0.550000012 0.0540000089 0.0217937808 0.550000012 0.074000001 0.0217937808 0.550000012 0.0540000089 -0.378206193 0.550000012 0.0540000089 0.0217937808 0.550000012 0.074000001 -0.378206193 0.550000012 0.074000001 0.0217937808 0.550000012 0.074000001 -0.378206193 0.550000012 0.0540000089 0.0417937785 0.5 0.074000001 0.0417937785 0.5 0.474000007 0.0217937808 0.5 0.0540000089 0.0217937808 0.5 0.0540000089 0.0417937785 0.5 0.474000007 -0.378206193 0.5 0.0540000089 -0.378206193 0.5 0.474000007 -0.378206193 0.5 0.0540000089 0.0417937785 0.5 0.474000007 0.0217937808 0.550000012 0.0540000089 0.0417937785 0.550000012 0.074000001 0.0217937808 0.5 0.0540000089 0.0417937785 0.5 0.074000001 0.0217937808 0.5 0.0540000089 0.0417937785 0.550000012 0.074000001 0.0417937785 0.550000012 0.474000007 0.0417937785 0.5 0.474000007 0.0417937785 0.550000012 0.074000001 0.0417937785 0.5 0.074000001 0.0417937785 0.550000012 0.074000001 0.0417937785 0.5 0.474000007 -0.378206193 0.550000012 0.0540000089 0.0217937808 0.550000012 0.0540000089 -0.378206193 0.5 0.0540000089 0.0217937808 0.5 0.0540000089 -0.378206193 0.5 0.0540000089 0.0217937808 0.550000012 0.0540000089 -1.25320601 0.150000006 0.61612922 -1.17820597 0.224999994 0.61612922 -1.17820597 0.150000006 0.61612922 -1.17820597 0.224999994 0.61612922 -1.25320601 0.150000006 0.61612922 -1.25320601 0.224999994 0.61612922 -1.25320601 0.0500000082 0.61612922 -1.25320601 0.224999994 0.61612922 -1.25320601 0.150000006 0.61612922 -1.25320601 0.0500000082 0.61612922 -1.30945599 0.206249997 0.61612922 -1.25320601 0.224999994 0.61612922 -1.25320601 0.0500000082 0.61612922 -1.32820606 0.150000006 0.61612922 -1.30945599 0.206249997 0.61612922 -1.32820606 0.150000006 0.61612922 -1.25320601 0.0500000082 0.61612922 -1.32820606 0.0500000082 0.61612922 -1.30945599 0.206249997 0.691129208 -1.32820606 0.150000006 0.61612922 -1.32820606 0.150000006 0.691129208 -1.32820606 0.150000006 0.61612922 -1.30945599 0.206249997 0.691129208 -1.30945599 0.206249997 0.61612922 -1.17820597 0.150000006 0.691129208 -1.25320601 0.150000006 0.61612922 -1.17820597 0.150000006 0.61612922 -1.25320601 0.150000006 0.61612922 -1.17820597 0.150000006 0.691129208 -1.25320601 0.150000006 0.691129208 -1.25320601 0.0500000082 0.691129208 -1.32820606 0.150000006 0.691129208 -1.32820606 0.0500000082 0.691129208 -1.32820606 0.150000006 0.691129208 -1.25320601 0.0500000082 0.691129208 -1.30945599 0.206249997 0.691129208 -1.30945599 0.206249997 0.691129208 -1.25320601 0.0500000082 0.691129208 -1.25320601 0.224999994 0.691129208 -1.25320601 0.224999994 0.691129208 -1.25320601 0.0500000082 0.691129208 -1.25320601 0.150000006 0.691129208 -1.25320601 0.224999994 0.691129208 -1.25320601 0.150000006 0.691129208 -1.17820597 0.150000006 0.691129208 -1.25320601 0.224999994 0.691129208 -1.17820597 0.150000006 0.691129208 -1.17820597 0.224999994 0.691129208 -1.32820606 0.150000006 0.691129208 -1.32820606 0.0500000082 0.61612922 -1.32820606 0.0500000082 0.691129208 -1.32820606 0.0500000082 0.61612922 -1.32820606 0.150000006 0.691129208 -1.32820606 0.150000006 0.61612922 -1.25320601 0.150000006 0.61612922 -1.25320601 0.0500000082 0.691129208 -1.25320601 0.0500000082 0.61612922 -1.25320601 0.0500000082 0.691129208 -1.25320601 0.150000006 0.61612922 -1.25320601 0.150000006 0.691129208 -1.25320601 0.224999994 0.691129208 -1.17820597 0.224999994 0.61612922 -1.25320601 0.224999994 0.61612922 -1.17820597 0.224999994 0.61612922 -1.25320601 0.224999994 0.691129208 -1.17820597 0.224999994 0.691129208 -1.30945599 0.206249997 0.61612922 -1.25320601 0.224999994 0.691129208 -1.25320601 0.224999994 0.61612922 -1.25320601 0.224999994 0.691129208 -1.30945599 0.206249997 0.61612922 -1.30945599 0.206249997 0.691129208 -1.25320601 0.0500000082 0.596129179 -1.32820606 4.40819381e-09 0.596129179 -1.32820606 0.0500000007 0.596129179 -1.32820606 4.40819381e-09 0.596129179 -1.25320601 0.0500000082 0.596129179 -1.25320601 9.30617361e-09 0.596129179 -1.34820604 0.0500000007 0.691129208 -1.34820604 2.44899789e-09 0.61612922 -1.34820604 0 0.691129208 -1.34820604 2.44899789e-09 0.61612922 -1.34820604 0.0500000007 0.691129208 -1.34820604 0.0500000007 0.61612922 -1.23320603 9.95923521e-09 0.61612922 -1.23320603 0.0500000082 0.691129208 -1.23320603 7.51023688e-09 0.691129208 -1.23320603 0.0500000082 0.691129208 -1.23320603 9.95923521e-09 0.61612922 -1.23320603 0.0500000082 0.61612922 -1.32820606 6.53061993e-10 0.711129189 -1.25320601 0.0500000007 0.711129189 -1.32820606 0.0500000007 0.711129189 -1.25320601 0.0500000007 0.711129189 -1.32820606 6.53061993e-10 0.711129189 -1.25320601 5.55104274e-09 0.711129189 -1.34820604 0 0.691129208 -1.32820606 0.0500000007 0.711129189 -1.34820604 0.0500000007 0.691129208 -1.32820606 0.0500000007 0.711129189 -1.34820604 0 0.691129208 -1.32820606 6.53061993e-10 0.711129189 -1.34820604 0.0500000007 0.61612922 -1.32820606 4.40819381e-09 0.596129179 -1.34820604 2.44899789e-09 0.61612922 -1.32820606 4.40819381e-09 0.596129179 -1.34820604 0.0500000007 0.61612922 -1.32820606 0.0500000007 0.596129179 -1.23320603 0.0500000082 0.61612922 -1.25320601 9.30617361e-09 0.596129179 -1.25320601 0.0500000082 0.596129179 -1.25320601 9.30617361e-09 0.596129179 -1.23320603 0.0500000082 0.61612922 -1.23320603 9.95923521e-09 0.61612922 -1.23320603 7.51023688e-09 0.691129208 -1.25320601 0.0500000007 0.711129189 -1.25320601 5.55104274e-09 0.711129189 -1.25320601 0.0500000007 0.711129189 -1.23320603 7.51023688e-09 0.691129208 -1.23320603 0.0500000082 0.691129208 -1.23320603 0.0500000082 0.691129208 -1.32820606 0.0500000007 0.711129189 -1.25320601 0.0500000007 0.711129189 -1.25320601 0.0500000082 0.691129208 -1.32820606 0.0500000007 0.711129189 -1.23320603 0.0500000082 0.691129208 -1.23320603 0.0500000082 0.61612922 -1.25320601 0.0500000082 0.691129208 -1.23320603 0.0500000082 0.691129208 -1.32820606 0.0500000082 0.691129208 -1.32820606 0.0500000007 0.711129189 -1.25320601 0.0500000082 0.691129208 -1.32820606 0.0500000082 0.691129208 -1.34820604 0.0500000007 0.691129208 -1.32820606 0.0500000007 0.711129189 -1.32820606 0.0500000082 0.691129208 -1.34820604 0.0500000007 0.61612922 -1.34820604 0.0500000007 0.691129208 -1.32820606 0.0500000082 0.61612922 -1.34820604 0.0500000007 0.61612922 -1.32820606 0.0500000082 0.691129208 -1.25320601 0.0500000082 0.61612922 -1.34820604 0.0500000007 0.61612922 -1.32820606 0.0500000082 0.61612922 -1.23320603 0.0500000082 0.61612922 -1.25320601 0.0500000082 0.61612922 -1.25320601 0.0500000082 0.691129208 -1.34820604 0.0500000007 0.61612922 -1.25320601 0.0500000082 0.61612922 -1.32820606 0.0500000007 0.596129179 -1.23320603 0.0500000082 0.61612922 -1.32820606 0.0500000007 0.596129179 -1.25320601 0.0500000082 0.61612922 -1.32820606 0.0500000007 0.596129179 -1.23320603 0.0500000082 0.61612922 -1.25320601 0.0500000082 0.596129179 -1.25320601 0.150000006 0.416129202 -1.17820597 0.224999994 0.416129202 -1.17820597 0.150000006 0.416129202 -1.17820597 0.224999994 0.416129202 -1.25320601 0.150000006 0.416129202 -1.25320601 0.224999994 0.416129202 -1.25320601 0.0500000082 0.416129202 -1.25320601 0.224999994 0.416129202 -1.25320601 0.150000006 0.416129202 -1.25320601 0.0500000082 0.416129202 -1.30945599 0.206249997 0.416129202 -1.25320601 0.224999994 0.416129202 -1.25320601 0.0500000082 0.416129202 -1.32820606 0.150000006 0.416129202 -1.30945599 0.206249997 0.416129202 -1.32820606 0.150000006 0.416129202 -1.25320601 0.0500000082 0.416129202 -1.32820606 0.0500000082 0.416129202 -1.30945599 0.206249997 0.49112919 -1.32820606 0.150000006 0.416129202 -1.32820606 0.150000006 0.49112919 -1.32820606 0.150000006 0.416129202 -1.30945599 0.206249997 0.49112919 -1.30945599 0.206249997 0.416129202 -1.17820597 0.150000006 0.49112919 -1.25320601 0.150000006 0.416129202 -1.17820597 0.150000006 0.416129202 -1.25320601 0.150000006 0.416129202 -1.17820597 0.150000006 0.49112919 -1.25320601 0.150000006 0.49112919 -1.25320601 0.0500000082 0.49112919 -1.32820606 0.150000006 0.49112919 -1.32820606 0.0500000082 0.49112919 -1.32820606 0.150000006 0.49112919 -1.25320601 0.0500000082 0.49112919 -1.30945599 0.206249997 0.49112919 -1.30945599 0.206249997 0.49112919 -1.25320601 0.0500000082 0.49112919 -1.25320601 0.224999994 0.49112919 -1.25320601 0.224999994 0.49112919 -1.25320601 0.0500000082 0.49112919 -1.25320601 0.150000006 0.49112919 -1.25320601 0.224999994 0.49112919 -1.25320601 0.150000006 0.49112919 -1.17820597 0.150000006 0.49112919 -1.25320601 0.224999994 0.49112919 -1.17820597 0.150000006 0.49112919 -1.17820597 0.224999994 0.49112919 -1.32820606 0.150000006 0.49112919 -1.32820606 0.0500000082 0.416129202 -1.32820606 0.0500000082 0.49112919 -1.32820606 0.0500000082 0.416129202 -1.32820606 0.150000006 0.49112919 -1.32820606 0.150000006 0.416129202 -1.25320601 0.150000006 0.416129202 -1.25320601 0.0500000082 0.49112919 -1.25320601 0.0500000082 0.416129202 -1.25320601 0.0500000082 0.49112919 -1.25320601 0.150000006 0.416129202 -1.25320601 0.150000006 0.49112919 -1.25320601 0.224999994 0.49112919 -1.17820597 0.224999994 0.416129202 -1.25320601 0.224999994 0.416129202 -1.17820597 0.224999994 0.416129202 -1.25320601 0.224999994 0.49112919 -1.17820597 0.224999994 0.49112919 -1.30945599 0.206249997 0.416129202 -1.25320601 0.224999994 0.49112919 -1.25320601 0.224999994 0.416129202 -1.25320601 0.224999994 0.49112919 -1.30945599 0.206249997 0.416129202 -1.30945599 0.206249997 0.49112919 -1.25320601 0.0500000082 0.396129191 -1.32820606 4.40819381e-09 0.396129191 -1.32820606 0.0500000007 0.396129191 -1.32820606 4.40819381e-09 0.396129191 -1.25320601 0.0500000082 0.396129191 -1.25320601 9.30617361e-09 0.396129191 -1.34820604 0.0500000007 0.49112919 -1.34820604 2.44899789e-09 0.416129202 -1.34820604 0 0.49112919 -1.34820604 2.44899789e-09 0.416129202 -1.34820604 0.0500000007 0.49112919 -1.34820604 0.0500000007 0.416129202 -1.23320603 9.95923521e-09 0.416129202 -1.23320603 0.0500000082 0.49112919 -1.23320603 7.51023688e-09 0.49112919 -1.23320603 0.0500000082 0.49112919 -1.23320603 9.95923521e-09 0.416129202 -1.23320603 0.0500000082 0.416129202 -1.32820606 6.53061993e-10 0.5111292 -1.25320601 0.0500000007 0.5111292 -1.32820606 0.0500000007 0.5111292 -1.25320601 0.0500000007 0.5111292 -1.32820606 6.53061993e-10 0.5111292 -1.25320601 5.55104274e-09 0.5111292 -1.34820604 0 0.49112919 -1.32820606 0.0500000007 0.5111292 -1.34820604 0.0500000007 0.49112919 -1.32820606 0.0500000007 0.5111292 -1.34820604 0 0.49112919 -1.32820606 6.53061993e-10 0.5111292 -1.34820604 0.0500000007 0.416129202 -1.32820606 4.40819381e-09 0.396129191 -1.34820604 2.44899789e-09 0.416129202 -1.32820606 4.40819381e-09 0.396129191 -1.34820604 0.0500000007 0.416129202 -1.32820606 0.0500000007 0.396129191 -1.23320603 0.0500000082 0.416129202 -1.25320601 9.30617361e-09 0.396129191 -1.25320601 0.0500000082 0.396129191 -1.25320601 9.30617361e-09 0.396129191 -1.23320603 0.0500000082 0.416129202 -1.23320603 9.95923521e-09 0.416129202 -1.23320603 7.51023688e-09 0.49112919 -1.25320601 0.0500000007 0.5111292 -1.25320601 5.55104274e-09 0.5111292 -1.25320601 0.0500000007 0.5111292 -1.23320603 7.51023688e-09 0.49112919 -1.23320603 0.0500000082 0.49112919 -1.23320603 0.0500000082 0.49112919 -1.32820606 0.0500000007 0.5111292 -1.25320601 0.0500000007 0.5111292 -1.25320601 0.0500000082 0.49112919 -1.32820606 0.0500000007 0.5111292 -1.23320603 0.0500000082 0.49112919 -1.23320603 0.0500000082 0.416129202 -1.25320601 0.0500000082 0.49112919 -1.23320603 0.0500000082 0.49112919 -1.32820606 0.0500000082 0.49112919 -1.32820606 0.0500000007 0.5111292 -1.25320601 0.0500000082 0.49112919 -1.32820606 0.0500000082 0.49112919 -1.34820604 0.0500000007 0.49112919 -1.32820606 0.0500000007 0.5111292 -1.32820606 0.0500000082 0.49112919 -1.34820604 0.0500000007 0.416129202 -1.34820604 0.0500000007 0.49112919 -1.32820606 0.0500000082 0.416129202 -1.34820604 0.0500000007 0.416129202 -1.32820606 0.0500000082 0.49112919 -1.25320601 0.0500000082 0.416129202 -1.34820604 0.0500000007 0.416129202 -1.32820606 0.0500000082 0.416129202 -1.23320603 0.0500000082 0.416129202 -1.25320601 0.0500000082 0.416129202 -1.25320601 0.0500000082 0.49112919 -1.34820604 0.0500000007 0.416129202 -1.25320601 0.0500000082 0.416129202 -1.32820606 0.0500000007 0.396129191 -1.23320603 0.0500000082 0.416129202 -1.32820606 0.0500000007 0.396129191 -1.25320601 0.0500000082 0.416129202 -1.32820606 0.0500000007 0.396129191 -1.23320603 0.0500000082 0.416129202 -1.25320601 0.0500000082 0.396129191 -1.17820597 0.0500000007 0.0740000308 -0.778205872 0.0500000007 0.0739999712 -0.778205872 0.0500000007 0.053999979 -0.778205872 0.0500000007 0.053999979 -1.17820597 0.0500000007 0.0540000312 -1.17820597 0.0500000007 0.0740000308 -1.17820597 0.0500000007 0.0540000312 -1.19820595 0.0500000007 0.0740000308 -1.17820597 0.0500000007 0.0740000308 -1.17820597 0.0500000007 0.0740000308 -1.19820595 0.0500000007 0.0740000308 -1.17820597 0.0500000007 0.474000096 -1.19820595 0.0500000007 0.474000096 -1.17820597 0.0500000007 0.474000096 -1.19820595 0.0500000007 0.0740000308 -1.17820597 2.70716812e-16 0.0540000312 -0.778205872 2.70716812e-16 0.053999979 -1.19820595 2.70716812e-16 0.0740000308 -0.778205872 2.70716812e-16 0.053999979 -0.778205872 2.70716812e-16 0.474000007 -1.19820595 2.70716812e-16 0.0740000308 -1.19820595 2.70716812e-16 0.474000096 -1.19820595 2.70716812e-16 0.0740000308 -0.778205872 2.70716812e-16 0.474000007 -1.19820595 0.0500000007 0.0740000308 -1.17820597 0.0500000007 0.0540000312 -1.19820595 2.70716812e-16 0.0740000308 -1.17820597 2.70716812e-16 0.0540000312 -1.19820595 2.70716812e-16 0.0740000308 -1.17820597 0.0500000007 0.0540000312 -0.778205872 0.0500000007 0.053999979 -0.778205872 2.70716812e-16 0.053999979 -1.17820597 0.0500000007 0.0540000312 -1.17820597 2.70716812e-16 0.0540000312 -1.17820597 0.0500000007 0.0540000312 -0.778205872 2.70716812e-16 0.053999979 -1.19820595 0.0500000007 0.474000096 -1.19820595 0.0500000007 0.0740000308 -1.19820595 2.70716812e-16 0.474000096 -1.19820595 2.70716812e-16 0.0740000308 -1.19820595 2.70716812e-16 0.474000096 -1.19820595 0.0500000007 0.0740000308 -1.19820595 0.550000012 0.874000013 -1.17820597 0.550000012 0.893999994 -1.19820595 0.550000012 0.474000007 -1.19820595 0.550000012 0.474000007 -1.17820597 0.550000012 0.893999994 -1.17820597 0.550000012 0.474000007 -1.17820597 0.550000012 0.474000007 -1.17820597 0.550000012 0.893999994 -1.17820597 0.550000012 0.874000013 -1.17820597 0.550000012 0.874000013 -1.17820597 0.550000012 0.893999994 -0.778205872 0.550000012 0.874000013 -0.778205872 0.550000012 0.893999994 -0.778205872 0.550000012 0.874000013 -1.17820597 0.550000012 0.893999994 -1.19820595 0.5 0.874000013 -1.19820595 0.5 0.474000007 -1.17820597 0.5 0.893999994 -1.19820595 0.5 0.474000007 -0.778205872 0.5 0.474000007 -1.17820597 0.5 0.893999994 -0.778205872 0.5 0.893999994 -1.17820597 0.5 0.893999994 -0.778205872 0.5 0.474000007 -1.17820597 0.550000012 0.893999994 -1.19820595 0.550000012 0.874000013 -1.17820597 0.5 0.893999994 -1.19820595 0.5 0.874000013 -1.17820597 0.5 0.893999994 -1.19820595 0.550000012 0.874000013 -1.19820595 0.550000012 0.474000007 -1.19820595 0.5 0.474000007 -1.19820595 0.550000012 0.874000013 -1.19820595 0.5 0.874000013 -1.19820595 0.550000012 0.874000013 -1.19820595 0.5 0.474000007 -0.778205872 0.550000012 0.893999994 -1.17820597 0.550000012 0.893999994 -0.778205872 0.5 0.893999994 -1.17820597 0.5 0.893999994 -0.778205872 0.5 0.893999994 -1.17820597 0.550000012 0.893999994 -1.19820595 0.0500000007 0.474000007 -1.19820595 0.0500000007 0.874000013 -1.17820597 0.0500000007 0.474000007 -1.17820597 0.0500000007 0.474000007 -1.19820595 0.0500000007 0.874000013 -1.17820597 0.0500000007 0.874000013 -1.19820595 0.0500000007 0.874000013 -1.17820597 0.0500000007 0.894000113 -1.17820597 0.0500000007 0.874000013 -1.17820597 0.0500000007 0.874000013 -1.17820597 0.0500000007 0.894000113 -0.778205872 0.0500000007 0.874000013 -0.778205872 0.0500000007 0.893999994 -0.778205872 0.0500000007 0.874000013 -1.17820597 0.0500000007 0.894000113 -1.19820595 2.70716812e-16 0.874000013 -1.19820595 2.70716812e-16 0.474000007 -1.17820597 2.70716812e-16 0.894000113 -1.17820597 2.70716812e-16 0.894000113 -1.19820595 2.70716812e-16 0.474000007 -0.778205872 2.70716812e-16 0.893999994 -0.778205872 2.70716812e-16 0.474000007 -0.778205872 2.70716812e-16 0.893999994 -1.19820595 2.70716812e-16 0.474000007 -1.17820597 0.0500000007 0.894000113 -1.19820595 0.0500000007 0.874000013 -1.17820597 2.70716812e-16 0.894000113 -1.19820595 2.70716812e-16 0.874000013 -1.17820597 2.70716812e-16 0.894000113 -1.19820595 0.0500000007 0.874000013 -1.19820595 0.0500000007 0.474000007 -1.19820595 2.70716812e-16 0.474000007 -1.19820595 0.0500000007 0.874000013 -1.19820595 2.70716812e-16 0.874000013 -1.19820595 0.0500000007 0.874000013 -1.19820595 2.70716812e-16 0.474000007 -0.778205872 0.0500000007 0.893999994 -1.17820597 0.0500000007 0.894000113 -0.778205872 2.70716812e-16 0.893999994 -1.17820597 2.70716812e-16 0.894000113 -0.778205872 2.70716812e-16 0.893999994 -1.17820597 0.0500000007 0.894000113 -0.77820611 -3.60955705e-16 0.474000007 -0.378206104 -3.60955705e-16 0.893999875 -0.77820611 -3.60955705e-16 0.893999875 -0.378206104 -3.60955705e-16 0.893999875 -0.77820611 -3.60955705e-16 0.474000007 -0.378206104 -3.60955705e-16 0.474000007 -0.378206104 0.0500000007 0.893999875 -0.77820611 -3.60955705e-16 0.893999875 -0.378206104 -3.60955705e-16 0.893999875 -0.77820611 -3.60955705e-16 0.893999875 -0.378206104 0.0500000007 0.893999875 -0.77820611 0.0500000007 0.893999875 -0.378206104 0.0500000007 0.893999875 -0.77820611 0.0500000007 0.874000013 -0.77820611 0.0500000007 0.893999875 -0.77820611 0.0500000007 0.874000013 -0.378206104 0.0500000007 0.893999875 -0.378206104 0.0500000007 0.874000013 -0.77820611 0.5 0.474000007 -0.378206104 0.5 0.893999875 -0.77820611 0.5 0.893999875 -0.378206104 0.5 0.893999875 -0.77820611 0.5 0.474000007 -0.378206104 0.5 0.474000007 -0.378206104 0.550000012 0.893999875 -0.77820611 0.5 0.893999875 -0.378206104 0.5 0.893999875 -0.77820611 0.5 0.893999875 -0.378206104 0.550000012 0.893999875 -0.77820611 0.550000012 0.893999875 -0.378206104 0.550000012 0.893999875 -0.77820611 0.550000012 0.874000013 -0.77820611 0.550000012 0.893999875 -0.77820611 0.550000012 0.874000013 -0.378206104 0.550000012 0.893999875 -0.378206104 0.550000012 0.874000013 -0.378206193 0.899999976 0.0739999413 0.0217938405 0.929999888 0.074000001 0.0217938405 0.899999976 0.074000001 0.0217938405 0.929999888 0.074000001 -0.378206193 0.899999976 0.0739999413 -0.378206193 0.929999888 0.0739999413 0.0217938405 0.929999888 0.074000001 0.0217937808 0.899999976 0.474000007 0.0217938405 0.899999976 0.074000001 0.0217937808 0.899999976 0.474000007 0.0217938405 0.929999888 0.074000001 0.0217937808 0.929999888 0.474000007 -0.378206193 0.980000019 0.123999998 -0.0282061808 0.899999976 0.123999998 -0.0282061808 0.980000019 0.123999998 -0.0282061808 0.899999976 0.123999998 -0.378206193 0.980000019 0.123999998 -0.378206193 0.899999976 0.123999998 0.0417938381 0.980000019 0.074000001 0.0417937785 0.929999888 0.474000007 0.0417938381 0.929999888 0.074000001 0.0417937785 0.929999888 0.474000007 0.0417938381 0.980000019 0.074000001 0.0417937785 0.980000019 0.474000007 -0.378206193 0.929999888 0.0539999492 0.0217938405 0.929999888 0.074000001 -0.378206193 0.929999888 0.0739999413 0.0217938405 0.929999888 0.074000001 -0.378206193 0.929999888 0.0539999492 0.0417938381 0.929999888 0.074000001 0.0417938381 0.929999888 0.074000001 -0.378206193 0.929999888 0.0539999492 0.0217938405 0.929999888 0.0540000089 0.0417937785 0.929999888 0.474000007 0.0217938405 0.929999888 0.074000001 0.0417938381 0.929999888 0.074000001 0.0217938405 0.929999888 0.074000001 0.0417937785 0.929999888 0.474000007 0.0217937808 0.929999888 0.474000007 0.0417938381 0.980000019 0.074000001 -0.0282062292 0.980000019 0.474000007 0.0417937785 0.980000019 0.474000007 -0.0282062292 0.980000019 0.474000007 0.0417938381 0.980000019 0.074000001 -0.0282061808 0.980000019 0.123999998 -0.0282061808 0.980000019 0.123999998 0.0417938381 0.980000019 0.074000001 -0.378206193 0.980000019 0.123999998 -0.378206193 0.980000019 0.123999998 0.0417938381 0.980000019 0.074000001 -0.378206193 0.980000019 0.0539999492 -0.378206193 0.980000019 0.0539999492 0.0417938381 0.980000019 0.074000001 0.0217938405 0.980000019 0.0540000089 -0.378206193 0.929999888 0.0539999492 0.0217938405 0.980000019 0.0540000089 0.0217938405 0.929999888 0.0540000089 0.0217938405 0.980000019 0.0540000089 -0.378206193 0.929999888 0.0539999492 -0.378206193 0.980000019 0.0539999492 0.0217938405 0.929999888 0.0540000089 0.0417938381 0.980000019 0.074000001 0.0417938381 0.929999888 0.074000001 0.0417938381 0.980000019 0.074000001 0.0217938405 0.929999888 0.0540000089 0.0217938405 0.980000019 0.0540000089 -0.0282062292 0.980000019 0.474000007 -0.0282061808 0.899999976 0.123999998 -0.0282062292 0.899999976 0.474000007 -0.0282061808 0.899999976 0.123999998 -0.0282062292 0.980000019 0.474000007 -0.0282061808 0.980000019 0.123999998 0.0217937808 0.899999976 0.474000007 0.0217937808 0.929999888 0.874000013 0.0217937808 0.899999976 0.874000013 0.0217937808 0.929999888 0.874000013 0.0217937808 0.899999976 0.474000007 0.0217937808 0.929999888 0.474000007 0.0217937808 0.929999888 0.874000013 -0.378206193 0.899999976 0.874000013 0.0217937808 0.899999976 0.874000013 -0.378206193 0.899999976 0.874000013 0.0217937808 0.929999888 0.874000013 -0.378206193 0.929999888 0.874000013 -0.0282062106 0.980000019 0.474000007 -0.0282062106 0.899999976 0.824000001 -0.0282062106 0.980000019 0.824000001 -0.0282062106 0.899999976 0.824000001 -0.0282062106 0.980000019 0.474000007 -0.0282062106 0.899999976 0.474000007 0.0217937808 0.980000019 0.893999994 -0.378206193 0.929999888 0.893999994 0.0217937808 0.929999888 0.893999994 -0.378206193 0.929999888 0.893999994 0.0217937808 0.980000019 0.893999994 -0.378206193 0.980000019 0.893999994 0.0417937785 0.929999888 0.474000007 0.0217937808 0.929999888 0.874000013 0.0217937808 0.929999888 0.474000007 0.0217937808 0.929999888 0.874000013 0.0417937785 0.929999888 0.474000007 0.0217937808 0.929999888 0.893999994 0.0217937808 0.929999888 0.893999994 0.0417937785 0.929999888 0.474000007 0.0417937785 0.929999888 0.874000013 -0.378206193 0.929999888 0.893999994 0.0217937808 0.929999888 0.874000013 0.0217937808 0.929999888 0.893999994 0.0217937808 0.929999888 0.874000013 -0.378206193 0.929999888 0.893999994 -0.378206193 0.929999888 0.874000013 0.0217937808 0.980000019 0.893999994 -0.378206193 0.980000019 0.824000001 -0.378206193 0.980000019 0.893999994 -0.378206193 0.980000019 0.824000001 0.0217937808 0.980000019 0.893999994 -0.0282062106 0.980000019 0.824000001 -0.0282062106 0.980000019 0.824000001 0.0217937808 0.980000019 0.893999994 -0.0282062106 0.980000019 0.474000007 -0.0282062106 0.980000019 0.474000007 0.0217937808 0.980000019 0.893999994 0.0417937785 0.980000019 0.474000007 0.0417937785 0.980000019 0.474000007 0.0217937808 0.980000019 0.893999994 0.0417937785 0.980000019 0.874000013 0.0417937785 0.929999888 0.474000007 0.0417937785 0.980000019 0.874000013 0.0417937785 0.929999888 0.874000013 0.0417937785 0.980000019 0.874000013 0.0417937785 0.929999888 0.474000007 0.0417937785 0.980000019 0.474000007 0.0417937785 0.929999888 0.874000013 0.0217937808 0.980000019 0.893999994 0.0217937808 0.929999888 0.893999994 0.0217937808 0.980000019 0.893999994 0.0417937785 0.929999888 0.874000013 0.0417937785 0.980000019 0.874000013 -0.378206193 0.980000019 0.824000001 -0.0282062106 0.899999976 0.824000001 -0.378206193 0.899999976 0.824000001 -0.0282062106 0.899999976 0.824000001 -0.378206193 0.980000019 0.824000001 -0.0282062106 0.980000019 0.824000001 -0.378206015 0.529999971 -0.345999986 0.0217940994 0.529999971 -0.326000005 -0.378206015 0.529999971 -0.326000005 0.0217940994 0.529999971 -0.326000005 -0.378206015 0.529999971 -0.345999986 0.0217940994 0.529999971 -0.345999986 -0.378206015 0.5 -0.326000005 0.0217940994 0.529999971 -0.326000005 0.0217940994 0.5 -0.326000005 0.0217940994 0.529999971 -0.326000005 -0.378206015 0.5 -0.326000005 -0.378206015 0.529999971 -0.326000005 -0.378206015 0.579999983 -0.275999993 0.0217940807 0.5 -0.275999993 0.0217940807 0.579999983 -0.275999993 0.0217940807 0.5 -0.275999993 -0.378206015 0.579999983 -0.275999993 -0.378206015 0.5 -0.275999993 0.0217940807 0.579999983 -0.275999993 -0.378206015 0.579999983 -0.345999986 -0.378206015 0.579999983 -0.275999993 -0.378206015 0.579999983 -0.345999986 0.0217940807 0.579999983 -0.275999993 0.0217940994 0.579999983 -0.345999986 -0.378206015 0.529999971 -0.345999986 0.0217940994 0.579999983 -0.345999986 0.0217940994 0.529999971 -0.345999986 0.0217940994 0.579999983 -0.345999986 -0.378206015 0.529999971 -0.345999986 -0.378206015 0.579999983 -0.345999986 0.0217938907 0.5 -0.326000005 0.421793908 0.529999971 -0.326000005 0.421793908 0.5 -0.326000005 0.421793908 0.529999971 -0.326000005 0.0217938907 0.5 -0.326000005 0.0217938907 0.529999971 -0.326000005 0.421793908 0.529999971 -0.326000005 0.421793908 0.5 0.0740000829 0.421793908 0.5 -0.326000005 0.421793908 0.5 0.0740000829 0.421793908 0.529999971 -0.326000005 0.421793908 0.529999971 0.0740000829 0.0217938703 0.579999983 -0.275999993 0.371793896 0.5 -0.275999993 0.371793896 0.579999983 -0.275999993 0.371793896 0.5 -0.275999993 0.0217938703 0.579999983 -0.275999993 0.0217938703 0.5 -0.275999993 0.441793889 0.579999983 -0.326000005 0.441793889 0.529999971 0.0740000829 0.441793889 0.529999971 -0.326000005 0.441793889 0.529999971 0.0740000829 0.441793889 0.579999983 -0.326000005 0.441793889 0.579999983 0.0740000829 0.0217938907 0.529999971 -0.345999986 0.421793908 0.529999971 -0.326000005 0.0217938907 0.529999971 -0.326000005 0.421793908 0.529999971 -0.326000005 0.0217938907 0.529999971 -0.345999986 0.441793889 0.529999971 -0.326000005 0.441793889 0.529999971 -0.326000005 0.0217938907 0.529999971 -0.345999986 0.421793908 0.529999971 -0.345999986 0.441793889 0.529999971 0.0740000829 0.421793908 0.529999971 -0.326000005 0.441793889 0.529999971 -0.326000005 0.421793908 0.529999971 -0.326000005 0.441793889 0.529999971 0.0740000829 0.421793908 0.529999971 0.0740000829 0.441793889 0.579999983 -0.326000005 0.371793896 0.579999983 0.0740000606 0.441793889 0.579999983 0.0740000829 0.371793896 0.579999983 0.0740000606 0.441793889 0.579999983 -0.326000005 0.371793896 0.579999983 -0.275999993 0.371793896 0.579999983 -0.275999993 0.441793889 0.579999983 -0.326000005 0.0217938703 0.579999983 -0.275999993 0.0217938703 0.579999983 -0.275999993 0.441793889 0.579999983 -0.326000005 0.0217938907 0.579999983 -0.345999986 0.0217938907 0.579999983 -0.345999986 0.441793889 0.579999983 -0.326000005 0.421793908 0.579999983 -0.345999986 0.0217938907 0.529999971 -0.345999986 0.421793908 0.579999983 -0.345999986 0.421793908 0.529999971 -0.345999986 0.421793908 0.579999983 -0.345999986 0.0217938907 0.529999971 -0.345999986 0.0217938907 0.579999983 -0.345999986 0.421793908 0.529999971 -0.345999986 0.441793889 0.579999983 -0.326000005 0.441793889 0.529999971 -0.326000005 0.441793889 0.579999983 -0.326000005 0.421793908 0.529999971 -0.345999986 0.421793908 0.579999983 -0.345999986 0.371793896 0.579999983 0.0740000606 0.371793896 0.5 -0.275999993 0.371793896 0.5 0.0740000606 0.371793896 0.5 -0.275999993 0.371793896 0.579999983 0.0740000606 0.371793896 0.579999983 -0.275999993 -0.778206289 0.5 0.0740000233 -0.778206289 0.529999971 -0.326000005 -0.778206289 0.5 -0.326000005 -0.778206289 0.529999971 -0.326000005 -0.778206289 0.5 0.0740000233 -0.778206289 0.529999971 0.0740000233 -0.778206289 0.529999971 -0.326000005 -0.378206313 0.5 -0.326000005 -0.778206289 0.5 -0.326000005 -0.378206313 0.5 -0.326000005 -0.778206289 0.529999971 -0.326000005 -0.378206313 0.529999971 -0.326000005 -0.728206277 0.579999983 0.0740000233 -0.728206277 0.5 -0.275999993 -0.728206277 0.579999983 -0.275999993 -0.728206277 0.5 -0.275999993 -0.728206277 0.579999983 0.0740000233 -0.728206277 0.5 0.0740000233 -0.778206289 0.579999983 -0.345999986 -0.378206313 0.529999971 -0.345999986 -0.778206289 0.529999971 -0.345999986 -0.378206313 0.529999971 -0.345999986 -0.778206289 0.579999983 -0.345999986 -0.378206313 0.579999983 -0.345999986 -0.798206329 0.529999971 0.0740000233 -0.778206289 0.529999971 -0.326000005 -0.778206289 0.529999971 0.0740000233 -0.778206289 0.529999971 -0.326000005 -0.798206329 0.529999971 0.0740000233 -0.778206289 0.529999971 -0.345999986 -0.778206289 0.529999971 -0.345999986 -0.798206329 0.529999971 0.0740000233 -0.798206329 0.529999971 -0.326000005 -0.378206313 0.529999971 -0.345999986 -0.778206289 0.529999971 -0.326000005 -0.778206289 0.529999971 -0.345999986 -0.778206289 0.529999971 -0.326000005 -0.378206313 0.529999971 -0.345999986 -0.378206313 0.529999971 -0.326000005 -0.778206289 0.579999983 -0.345999986 -0.378206313 0.579999983 -0.275999993 -0.378206313 0.579999983 -0.345999986 -0.378206313 0.579999983 -0.275999993 -0.778206289 0.579999983 -0.345999986 -0.728206277 0.579999983 -0.275999993 -0.728206277 0.579999983 -0.275999993 -0.778206289 0.579999983 -0.345999986 -0.728206277 0.579999983 0.0740000233 -0.728206277 0.579999983 0.0740000233 -0.778206289 0.579999983 -0.345999986 -0.798206329 0.579999983 0.0740000233 -0.798206329 0.579999983 0.0740000233 -0.778206289 0.579999983 -0.345999986 -0.798206329 0.579999983 -0.326000005 -0.798206329 0.529999971 0.0740000233 -0.798206329 0.579999983 -0.326000005 -0.798206329 0.529999971 -0.326000005 -0.798206329 0.579999983 -0.326000005 -0.798206329 0.529999971 0.0740000233 -0.798206329 0.579999983 0.0740000233 -0.798206329 0.529999971 -0.326000005 -0.778206289 0.579999983 -0.345999986 -0.778206289 0.529999971 -0.345999986 -0.778206289 0.579999983 -0.345999986 -0.798206329 0.529999971 -0.326000005 -0.798206329 0.579999983 -0.326000005 -0.378206313 0.579999983 -0.275999993 -0.728206277 0.5 -0.275999993 -0.378206313 0.5 -0.275999993 -0.728206277 0.5 -0.275999993 -0.378206313 0.579999983 -0.275999993 -0.728206277 0.579999983 -0.275999993 0.371793896 0.579999983 0.423999995 0.371793896 0.579999983 0.074000001 0.371793896 0.5 0.423999995 0.371793896 0.5 0.074000001 0.371793896 0.5 0.423999995 0.371793896 0.579999983 0.074000001 0.421793908 0.579999983 0.494000107 0.421793908 0.529999971 0.494000107 0.441793889 0.579999983 0.474000096 0.441793889 0.529999971 0.474000096 0.441793889 0.579999983 0.474000096 0.421793908 0.529999971 0.494000107 0.0217938293 0.579999983 0.493999988 0.0217938293 0.529999971 0.493999988 0.421793908 0.579999983 0.494000107 0.421793908 0.529999971 0.494000107 0.421793908 0.579999983 0.494000107 0.0217938293 0.529999971 0.493999988 0.421793908 0.579999983 0.494000107 0.441793889 0.579999983 0.474000096 0.0217938293 0.579999983 0.493999988 0.0217938293 0.579999983 0.493999988 0.441793889 0.579999983 0.474000096 0.0217938405 0.579999983 0.423999995 0.0217938405 0.579999983 0.423999995 0.441793889 0.579999983 0.474000096 0.371793896 0.579999983 0.423999995 0.371793896 0.579999983 0.423999995 0.441793889 0.579999983 0.474000096 0.371793896 0.579999983 0.074000001 0.441793889 0.579999983 0.0740000233 0.371793896 0.579999983 0.074000001 0.441793889 0.579999983 0.474000096 0.421793908 0.529999971 0.0740000233 0.441793889 0.529999971 0.0740000233 0.421793908 0.529999971 0.474000096 0.441793889 0.529999971 0.474000096 0.421793908 0.529999971 0.474000096 0.441793889 0.529999971 0.0740000233 0.421793908 0.529999971 0.494000107 0.0217938293 0.529999971 0.493999988 0.441793889 0.529999971 0.474000096 0.441793889 0.529999971 0.474000096 0.0217938293 0.529999971 0.493999988 0.421793908 0.529999971 0.474000096 0.0217938293 0.529999971 0.474000007 0.421793908 0.529999971 0.474000096 0.0217938293 0.529999971 0.493999988 0.441793889 0.579999983 0.0740000233 0.441793889 0.579999983 0.474000096 0.441793889 0.529999971 0.0740000233 0.441793889 0.529999971 0.474000096 0.441793889 0.529999971 0.0740000233 0.441793889 0.579999983 0.474000096 0.0217938405 0.5 0.423999995 0.0217938405 0.579999983 0.423999995 0.371793896 0.5 0.423999995 0.371793896 0.579999983 0.423999995 0.371793896 0.5 0.423999995 0.0217938405 0.579999983 0.423999995 0.421793908 0.529999971 0.0740000233 0.421793908 0.529999971 0.474000096 0.421793908 0.5 0.0740000233 0.421793908 0.5 0.474000096 0.421793908 0.5 0.0740000233 0.421793908 0.529999971 0.474000096 0.0217938293 0.529999971 0.474000007 0.0217938293 0.5 0.474000007 0.421793908 0.529999971 0.474000096 0.421793908 0.5 0.474000096 0.421793908 0.529999971 0.474000096 0.0217938293 0.5 0.474000007 -0.778205872 0.899999976 0.874000013 -1.17820597 0.929999888 0.874000072 -1.17820597 0.899999976 0.874000072 -1.17820597 0.929999888 0.874000072 -0.778205872 0.899999976 0.874000013 -0.778205872 0.929999888 0.874000013 -1.17820597 0.929999888 0.874000072 -1.17820597 0.899999976 0.474000007 -1.17820597 0.899999976 0.874000072 -1.17820597 0.899999976 0.474000007 -1.17820597 0.929999888 0.874000072 -1.17820597 0.929999888 0.474000007 -0.778205872 0.980000019 0.824000001 -1.12820601 0.899999976 0.82400012 -1.12820601 0.980000019 0.82400012 -1.12820601 0.899999976 0.82400012 -0.778205872 0.980000019 0.824000001 -0.778205872 0.899999976 0.824000001 -1.19820595 0.980000019 0.874000072 -1.19820595 0.929999888 0.474000007 -1.19820595 0.929999888 0.874000072 -1.19820595 0.929999888 0.474000007 -1.19820595 0.980000019 0.874000072 -1.19820595 0.980000019 0.474000007 -0.778205872 0.929999888 0.893999994 -1.17820597 0.929999888 0.874000072 -0.778205872 0.929999888 0.874000013 -1.17820597 0.929999888 0.874000072 -0.778205872 0.929999888 0.893999994 -1.19820595 0.929999888 0.874000072 -1.19820595 0.929999888 0.874000072 -0.778205872 0.929999888 0.893999994 -1.17820597 0.929999888 0.894000113 -1.19820595 0.929999888 0.474000007 -1.17820597 0.929999888 0.874000072 -1.19820595 0.929999888 0.874000072 -1.17820597 0.929999888 0.874000072 -1.19820595 0.929999888 0.474000007 -1.17820597 0.929999888 0.474000007 -1.19820595 0.980000019 0.874000072 -1.12820601 0.980000019 0.474000007 -1.19820595 0.980000019 0.474000007 -1.12820601 0.980000019 0.474000007 -1.19820595 0.980000019 0.874000072 -1.12820601 0.980000019 0.82400012 -1.12820601 0.980000019 0.82400012 -1.19820595 0.980000019 0.874000072 -0.778205872 0.980000019 0.824000001 -0.778205872 0.980000019 0.824000001 -1.19820595 0.980000019 0.874000072 -0.778205872 0.980000019 0.893999994 -0.778205872 0.980000019 0.893999994 -1.19820595 0.980000019 0.874000072 -1.17820597 0.980000019 0.894000113 -0.778205872 0.929999888 0.893999994 -1.17820597 0.980000019 0.894000113 -1.17820597 0.929999888 0.894000113 -1.17820597 0.980000019 0.894000113 -0.778205872 0.929999888 0.893999994 -0.778205872 0.980000019 0.893999994 -1.17820597 0.929999888 0.894000113 -1.19820595 0.980000019 0.874000072 -1.19820595 0.929999888 0.874000072 -1.19820595 0.980000019 0.874000072 -1.17820597 0.929999888 0.894000113 -1.17820597 0.980000019 0.894000113 -1.12820601 0.980000019 0.474000007 -1.12820601 0.899999976 0.82400012 -1.12820601 0.899999976 0.474000007 -1.12820601 0.899999976 0.82400012 -1.12820601 0.980000019 0.474000007 -1.12820601 0.980000019 0.82400012 -1.17820597 0.899999976 0.474000007 -1.17820597 0.929999888 0.074000001 -1.17820597 0.899999976 0.074000001 -1.17820597 0.929999888 0.074000001 -1.17820597 0.899999976 0.474000007 -1.17820597 0.929999888 0.474000007 -1.17820597 0.929999888 0.074000001 -0.778205872 0.899999976 0.074000001 -1.17820597 0.899999976 0.074000001 -0.778205872 0.899999976 0.074000001 -1.17820597 0.929999888 0.074000001 -0.778205872 0.929999888 0.074000001 -1.12820601 0.980000019 0.474000007 -1.12820601 0.899999976 0.123999998 -1.12820601 0.980000019 0.123999998 -1.12820601 0.899999976 0.123999998 -1.12820601 0.980000019 0.474000007 -1.12820601 0.899999976 0.474000007 -1.17820597 0.980000019 0.0540000089 -0.778205872 0.929999888 0.0540000089 -1.17820597 0.929999888 0.0540000089 -0.778205872 0.929999888 0.0540000089 -1.17820597 0.980000019 0.0540000089 -0.778205872 0.980000019 0.0540000089 -1.19820595 0.929999888 0.474000007 -1.17820597 0.929999888 0.074000001 -1.17820597 0.929999888 0.474000007 -1.17820597 0.929999888 0.074000001 -1.19820595 0.929999888 0.474000007 -1.17820597 0.929999888 0.0540000089 -1.17820597 0.929999888 0.0540000089 -1.19820595 0.929999888 0.474000007 -1.19820595 0.929999888 0.074000001 -0.778205872 0.929999888 0.0540000089 -1.17820597 0.929999888 0.074000001 -1.17820597 0.929999888 0.0540000089 -1.17820597 0.929999888 0.074000001 -0.778205872 0.929999888 0.0540000089 -0.778205872 0.929999888 0.074000001 -1.17820597 0.980000019 0.0540000089 -0.778205872 0.980000019 0.123999998 -0.778205872 0.980000019 0.0540000089 -0.778205872 0.980000019 0.123999998 -1.17820597 0.980000019 0.0540000089 -1.12820601 0.980000019 0.123999998 -1.12820601 0.980000019 0.123999998 -1.17820597 0.980000019 0.0540000089 -1.12820601 0.980000019 0.474000007 -1.12820601 0.980000019 0.474000007 -1.17820597 0.980000019 0.0540000089 -1.19820595 0.980000019 0.474000007 -1.19820595 0.980000019 0.474000007 -1.17820597 0.980000019 0.0540000089 -1.19820595 0.980000019 0.074000001 -1.19820595 0.929999888 0.474000007 -1.19820595 0.980000019 0.074000001 -1.19820595 0.929999888 0.074000001 -1.19820595 0.980000019 0.074000001 -1.19820595 0.929999888 0.474000007 -1.19820595 0.980000019 0.474000007 -1.19820595 0.929999888 0.074000001 -1.17820597 0.980000019 0.0540000089 -1.17820597 0.929999888 0.0540000089 -1.17820597 0.980000019 0.0540000089 -1.19820595 0.929999888 0.074000001 -1.19820595 0.980000019 0.074000001 -0.778205872 0.980000019 0.123999998 -1.12820601 0.899999976 0.123999998 -0.778205872 0.899999976 0.123999998 -1.12820601 0.899999976 0.123999998 -0.778205872 0.980000019 0.123999998 -1.12820601 0.980000019 0.123999998 -0.77820611 0.929999888 0.0539999492 -0.378206015 0.929999888 0.074000001 -0.77820611 0.929999888 0.0739999413 -0.378206015 0.929999888 0.074000001 -0.77820611 0.929999888 0.0539999492 -0.378206015 0.929999888 0.0540000089 -0.77820611 0.899999976 0.0739999413 -0.378206015 0.929999888 0.074000001 -0.378206015 0.899999976 0.074000001 -0.378206015 0.929999888 0.074000001 -0.77820611 0.899999976 0.0739999413 -0.77820611 0.929999888 0.0739999413 -0.77820611 0.980000019 0.123999998 -0.378206015 0.899999976 0.123999998 -0.378206015 0.980000019 0.123999998 -0.378206015 0.899999976 0.123999998 -0.77820611 0.980000019 0.123999998 -0.77820611 0.899999976 0.123999998 -0.378206015 0.980000019 0.123999998 -0.77820611 0.980000019 0.0539999492 -0.77820611 0.980000019 0.123999998 -0.77820611 0.980000019 0.0539999492 -0.378206015 0.980000019 0.123999998 -0.378206015 0.980000019 0.0540000089 -0.77820611 0.929999888 0.0539999492 -0.378206015 0.980000019 0.0540000089 -0.378206015 0.929999888 0.0540000089 -0.378206015 0.980000019 0.0540000089 -0.77820611 0.929999888 0.0539999492 -0.77820611 0.980000019 0.0539999492 -0.378206015 0.929999888 0.893999994 -0.77820611 0.929999888 0.874000072 -0.378206015 0.929999888 0.874000013 -0.77820611 0.929999888 0.874000072 -0.378206015 0.929999888 0.893999994 -0.77820611 0.929999888 0.894000113 -0.378206015 0.899999976 0.874000013 -0.77820611 0.929999888 0.874000072 -0.77820611 0.899999976 0.874000072 -0.77820611 0.929999888 0.874000072 -0.378206015 0.899999976 0.874000013 -0.378206015 0.929999888 0.874000013 -0.378206015 0.980000019 0.824000001 -0.77820611 0.899999976 0.82400012 -0.77820611 0.980000019 0.82400012 -0.77820611 0.899999976 0.82400012 -0.378206015 0.980000019 0.824000001 -0.378206015 0.899999976 0.824000001 -0.77820611 0.980000019 0.82400012 -0.378206015 0.980000019 0.893999994 -0.378206015 0.980000019 0.824000001 -0.378206015 0.980000019 0.893999994 -0.77820611 0.980000019 0.82400012 -0.77820611 0.980000019 0.894000113 -0.378206015 0.929999888 0.893999994 -0.77820611 0.980000019 0.894000113 -0.77820611 0.929999888 0.894000113 -0.77820611 0.980000019 0.894000113 -0.378206015 0.929999888 0.893999994 -0.378206015 0.980000019 0.893999994 0.308202714 0.588500023 0.30278641 0.284812391 0.559000015 0.323646098 0.29345271 0.559000015 0.30278641 0.284812391 0.559000015 0.323646098 0.308202714 0.588500023 0.30278641 0.29524219 0.588500023 0.334075898 0.243093103 0.559000015 0.323646098 0.219702706 0.588500023 0.30278641 0.234452695 0.559000015 0.30278641 0.219702706 0.588500023 0.30278641 0.243093103 0.559000015 0.323646098 0.232663304 0.588500023 0.334075898 0.284812391 0.559000015 0.323646098 0.263952702 0.5 0.332286388 0.284812391 0.5 0.323646098 0.263952702 0.5 0.332286388 0.284812391 0.559000015 0.323646098 0.263952702 0.559000015 0.332286388 0.308202714 0.588500023 0.30278641 0.284812391 0.559000015 0.281926811 0.29524219 0.588500023 0.271497011 0.284812391 0.559000015 0.281926811 0.308202714 0.588500023 0.30278641 0.29345271 0.559000015 0.30278641 0.263952702 0.588500023 0.347036511 0.243093103 0.559000015 0.323646098 0.263952702 0.559000015 0.332286388 0.243093103 0.559000015 0.323646098 0.263952702 0.588500023 0.347036511 0.232663304 0.588500023 0.334075898 0.263952702 0.588500023 0.258536398 0.284812391 0.559000015 0.281926811 0.263952702 0.559000015 0.273286402 0.284812391 0.559000015 0.281926811 0.263952702 0.588500023 0.258536398 0.29524219 0.588500023 0.271497011 0.232663304 0.588500023 0.271497011 0.263952702 0.559000015 0.273286402 0.243093103 0.559000015 0.281926811 0.263952702 0.559000015 0.273286402 0.232663304 0.588500023 0.271497011 0.263952702 0.588500023 0.258536398 0.284812391 0.617999971 0.323646098 0.308202714 0.588500023 0.30278641 0.29345271 0.617999971 0.30278641 0.308202714 0.588500023 0.30278641 0.284812391 0.617999971 0.323646098 0.29524219 0.588500023 0.334075898 0.263952702 0.559000015 0.332286388 0.243093103 0.5 0.323646098 0.263952702 0.5 0.332286388 0.243093103 0.5 0.323646098 0.263952702 0.559000015 0.332286388 0.243093103 0.559000015 0.323646098 0.243093103 0.559000015 0.281926811 0.263952702 0.5 0.273286402 0.243093103 0.5 0.281926811 0.263952702 0.5 0.273286402 0.243093103 0.559000015 0.281926811 0.263952702 0.559000015 0.273286402 0.234452695 0.5 0.30278641 0.243093103 0.559000015 0.281926811 0.243093103 0.5 0.281926811 0.243093103 0.559000015 0.281926811 0.234452695 0.5 0.30278641 0.234452695 0.559000015 0.30278641 0.29524219 0.588500023 0.334075898 0.263952702 0.559000015 0.332286388 0.284812391 0.559000015 0.323646098 0.263952702 0.559000015 0.332286388 0.29524219 0.588500023 0.334075898 0.263952702 0.588500023 0.347036511 0.243093103 0.617999971 0.281926811 0.263952702 0.588500023 0.258536398 0.232663304 0.588500023 0.271497011 0.263952702 0.588500023 0.258536398 0.243093103 0.617999971 0.281926811 0.263952702 0.617999971 0.273286402 0.284812391 0.617999971 0.281926811 0.308202714 0.588500023 0.30278641 0.29524219 0.588500023 0.271497011 0.308202714 0.588500023 0.30278641 0.284812391 0.617999971 0.281926811 0.29345271 0.617999971 0.30278641 0.263952702 0.617999971 0.273286402 0.29524219 0.588500023 0.271497011 0.263952702 0.588500023 0.258536398 0.29524219 0.588500023 0.271497011 0.263952702 0.617999971 0.273286402 0.284812391 0.617999971 0.281926811 0.243093103 0.559000015 0.281926811 0.219702706 0.588500023 0.30278641 0.232663304 0.588500023 0.271497011 0.219702706 0.588500023 0.30278641 0.243093103 0.559000015 0.281926811 0.234452695 0.559000015 0.30278641 0.263952702 0.617999971 0.332286388 0.232663304 0.588500023 0.334075898 0.263952702 0.588500023 0.347036511 0.232663304 0.588500023 0.334075898 0.263952702 0.617999971 0.332286388 0.243093103 0.617999971 0.323646098 0.219702706 0.588500023 0.30278641 0.243093103 0.617999971 0.281926811 0.232663304 0.588500023 0.271497011 0.243093103 0.617999971 0.281926811 0.219702706 0.588500023 0.30278641 0.234452695 0.617999971 0.30278641 0.284812391 0.617999971 0.281926811 0.284812391 0.617999971 0.323646098 0.29345271 0.617999971 0.30278641 0.284812391 0.617999971 0.323646098 0.284812391 0.617999971 0.281926811 0.263952702 0.617999971 0.273286402 0.284812391 0.617999971 0.323646098 0.263952702 0.617999971 0.273286402 0.263952702 0.617999971 0.332286388 0.263952702 0.617999971 0.332286388 0.263952702 0.617999971 0.273286402 0.243093103 0.617999971 0.281926811 0.263952702 0.617999971 0.332286388 0.243093103 0.617999971 0.281926811 0.243093103 0.617999971 0.323646098 0.243093103 0.617999971 0.323646098 0.243093103 0.617999971 0.281926811 0.234452695 0.617999971 0.30278641 0.29345271 0.559000015 0.30278641 0.284812391 0.5 0.281926811 0.284812391 0.559000015 0.281926811 0.284812391 0.5 0.281926811 0.29345271 0.559000015 0.30278641 0.29345271 0.5 0.30278641 0.263952702 0.559000015 0.273286402 0.284812391 0.5 0.281926811 0.263952702 0.5 0.273286402 0.284812391 0.5 0.281926811 0.263952702 0.559000015 0.273286402 0.284812391 0.559000015 0.281926811 0.219702706 0.588500023 0.30278641 0.243093103 0.617999971 0.323646098 0.234452695 0.617999971 0.30278641 0.243093103 0.617999971 0.323646098 0.219702706 0.588500023 0.30278641 0.232663304 0.588500023 0.334075898 0.284812391 0.559000015 0.323646098 0.29345271 0.5 0.30278641 0.29345271 0.559000015 0.30278641 0.29345271 0.5 0.30278641 0.284812391 0.559000015 0.323646098 0.284812391 0.5 0.323646098 0.284812391 0.617999971 0.323646098 0.263952702 0.588500023 0.347036511 0.29524219 0.588500023 0.334075898 0.263952702 0.588500023 0.347036511 0.284812391 0.617999971 0.323646098 0.263952702 0.617999971 0.332286388 0.243093103 0.5 0.323646098 0.234452695 0.559000015 0.30278641 0.234452695 0.5 0.30278641 0.234452695 0.559000015 0.30278641 0.243093103 0.5 0.323646098 0.243093103 0.559000015 0.323646098 0.0217940398 0.5 0.874000013 -0.378206015 0.5 0.874000013 0.0217940398 0.400000006 0.874000013 -0.378206015 0.400000006 0.874000013 0.0217940398 0.400000006 0.874000013 -0.378206015 0.5 0.874000013 0.0217940398 0.400000006 0.474000007 0.0217940398 0.5 0.474000007 0.0217940398 0.400000006 0.874000013 0.0217940398 0.5 0.874000013 0.0217940398 0.400000006 0.874000013 0.0217940398 0.5 0.474000007 -0.77820611 0.5 -0.326000005 -0.378206104 0.5 -0.326000005 -0.77820611 0.400000006 -0.326000005 -0.378206104 0.400000006 -0.326000005 -0.77820611 0.400000006 -0.326000005 -0.378206104 0.5 -0.326000005 -0.77820611 0.400000006 0.0740000233 -0.77820611 0.5 0.0740000233 -0.77820611 0.400000006 -0.326000005 -0.77820611 0.5 -0.326000005 -0.77820611 0.400000006 -0.326000005 -0.77820611 0.5 0.0740000233 -0.378206015 0.5 -0.326000005 0.0217940398 0.5 -0.326000005 -0.378206015 0.400000006 -0.326000005 0.0217940398 0.400000006 -0.326000005 -0.378206015 0.400000006 -0.326000005 0.0217940398 0.5 -0.326000005 0.421794087 0.5 0.474000007 0.0217941292 0.5 0.474000007 0.421794087 0.400000006 0.474000007 0.0217941292 0.400000006 0.474000007 0.421794087 0.400000006 0.474000007 0.0217941292 0.5 0.474000007 0.421794087 0.400000006 0.0739999935 0.421794087 0.5 0.0739999935 0.421794087 0.400000006 0.474000007 0.421794087 0.5 0.474000007 0.421794087 0.400000006 0.474000007 0.421794087 0.5 0.0739999935 -1.17820597 0.5 0.874000072 -1.17820597 0.5 0.474000007 -1.17820597 0.400000006 0.874000072 -1.17820597 0.400000006 0.474000007 -1.17820597 0.400000006 0.874000072 -1.17820597 0.5 0.474000007 -0.77820611 0.400000006 0.874000013 -0.77820611 0.5 0.874000013 -1.17820597 0.400000006 0.874000072 -1.17820597 0.5 0.874000072 -1.17820597 0.400000006 0.874000072 -0.77820611 0.5 0.874000013 0.421794087 0.5 0.0740000233 0.421794087 0.400000006 -0.326000005 0.421794087 0.5 -0.326000005 0.421794087 0.400000006 -0.326000005 0.421794087 0.5 0.0740000233 0.421794087 0.400000006 0.0740000233 0.0217941292 0.5 -0.326000005 0.421794087 0.400000006 -0.326000005 0.0217941292 0.400000006 -0.326000005 0.421794087 0.400000006 -0.326000005 0.0217941292 0.5 -0.326000005 0.421794087 0.5 -0.326000005 -0.378206104 0.5 0.874000013 -0.77820611 0.5 0.874000013 -0.378206104 0.400000006 0.874000013 -0.77820611 0.400000006 0.874000013 -0.378206104 0.400000006 0.874000013 -0.77820611 0.5 0.874000013 -1.17820597 0.5 0.0740000233 -0.778206229 0.5 0.0740000233 -1.17820597 0.400000006 0.0740000233 -0.778206229 0.400000006 0.0740000233 -1.17820597 0.400000006 0.0740000233 -0.778206229 0.5 0.0740000233 -1.17820597 0.400000006 0.474000007 -1.17820597 0.5 0.474000007 -1.17820597 0.400000006 0.0740000233 -1.17820597 0.5 0.0740000233 -1.17820597 0.400000006 0.0740000233 -1.17820597 0.5 0.474000007 -1.10320604 1.35057497 0.0431145802 -1.22237003 1.20114994 -0.00183577801 -1.10320604 1.20114994 0.0475236289 -1.22237003 1.20114994 -0.00183577801 -1.10320604 1.35057497 0.0431145802 -1.21925306 1.35057497 -0.00495345891 -1.10320604 0.9023 0.0563417301 -1.24508405 0.112499997 0.0208782908 -1.10320604 0.112499997 0.0796461925 -1.24508405 0.112499997 0.0208782908 -1.10320604 0.9023 0.0563417301 -1.22860599 0.9023 0.00439955993 -1.10320604 1.35057497 -0.285114497 -0.984041989 1.20114994 -0.240164205 -1.10320604 1.20114994 -0.289523602 -0.984041989 1.20114994 -0.240164205 -1.10320604 1.35057497 -0.285114497 -0.987159729 1.35057497 -0.237046495 -0.977806628 0.9023 0.00439955993 -1.10320604 0.112499997 0.0796461925 -0.96132791 0.112499997 0.0208782908 -1.10320604 0.112499997 0.0796461925 -0.977806628 0.9023 0.00439955993 -1.10320604 0.9023 0.0563417301 -1.20961499 1.8125 -0.227408707 -1.10320604 1.64942503 -0.276296407 -1.21301699 1.64942503 -0.230811104 -1.10320604 1.64942503 -0.276296407 -1.20961499 1.8125 -0.227408707 -1.10320604 1.8125 -0.271484613 -1.10320604 1.8125 0.0294846706 -1.21301699 1.64942503 -0.0111888004 -1.10320604 1.64942503 0.0342964903 -1.21301699 1.64942503 -0.0111888004 -1.10320604 1.8125 0.0294846706 -1.20961499 1.8125 -0.0145912599 -0.996797383 1.8125 -0.0145912599 -1.10320604 1.64942503 0.0342964903 -0.993394971 1.64942503 -0.0111888004 -1.10320604 1.64942503 0.0342964903 -0.996797383 1.8125 -0.0145912599 -1.10320604 1.8125 0.0294846706 -1.22860599 0.9023 -0.246399507 -1.10320604 0.112499997 -0.321646094 -1.24508405 0.112499997 -0.262878209 -1.10320604 0.112499997 -0.321646094 -1.22860599 0.9023 -0.246399507 -1.10320604 0.9023 -0.298341691 -1.10320604 0.9023 -0.298341691 -0.96132791 0.112499997 -0.262878209 -1.10320604 0.112499997 -0.321646094 -0.96132791 0.112499997 -0.262878209 -1.10320604 0.9023 -0.298341691 -0.977806628 0.9023 -0.246399507 -0.977806628 0.9023 -0.246399507 -0.902559996 0.112499997 -0.120999999 -0.96132791 0.112499997 -0.262878209 -0.902559996 0.112499997 -0.120999999 -0.977806628 0.9023 -0.246399507 -0.925864518 0.9023 -0.120999999 -1.25850296 1.64942503 -0.120999999 -1.20961499 1.8125 -0.227408707 -1.21301699 1.64942503 -0.230811104 -1.20961499 1.8125 -0.227408707 -1.25850296 1.64942503 -0.120999999 -1.25369096 1.8125 -0.120999999 -1.30385196 0.112499997 -0.120999999 -1.22860599 0.9023 0.00439955993 -1.28054798 0.9023 -0.120999999 -1.22860599 0.9023 0.00439955993 -1.30385196 0.112499997 -0.120999999 -1.24508405 0.112499997 0.0208782908 -1.30385196 0.112499997 -0.120999999 -1.22860599 0.9023 -0.246399507 -1.24508405 0.112499997 -0.262878209 -1.22860599 0.9023 -0.246399507 -1.30385196 0.112499997 -0.120999999 -1.28054798 0.9023 -0.120999999 -0.987159729 1.35057497 -0.00495345891 -0.934682488 1.20114994 -0.120999999 -0.939091623 1.35057497 -0.120999999 -0.934682488 1.20114994 -0.120999999 -0.987159729 1.35057497 -0.00495345891 -0.984041989 1.20114994 -0.00183577801 -0.996797383 1.8125 -0.0145912599 -0.947909713 1.64942503 -0.120999999 -0.952721477 1.8125 -0.120999999 -0.947909713 1.64942503 -0.120999999 -0.996797383 1.8125 -0.0145912599 -0.993394971 1.64942503 -0.0111888004 -0.987159729 1.35057497 -0.237046495 -0.934682488 1.20114994 -0.120999999 -0.984041989 1.20114994 -0.240164205 -0.934682488 1.20114994 -0.120999999 -0.987159729 1.35057497 -0.237046495 -0.939091623 1.35057497 -0.120999999 -1.22237003 1.20114994 -0.00183577801 -1.26732099 1.35057497 -0.120999999 -1.27172995 1.20114994 -0.120999999 -1.26732099 1.35057497 -0.120999999 -1.22237003 1.20114994 -0.00183577801 -1.21925306 1.35057497 -0.00495345891 -0.987159729 1.35057497 -0.00495345891 -1.10320604 1.20114994 0.0475236289 -0.984041989 1.20114994 -0.00183577801 -1.10320604 1.20114994 0.0475236289 -0.987159729 1.35057497 -0.00495345891 -1.10320604 1.35057497 0.0431145802 -0.977806628 0.9023 0.00439955993 -0.902559996 0.112499997 -0.120999999 -0.925864518 0.9023 -0.120999999 -0.902559996 0.112499997 -0.120999999 -0.977806628 0.9023 0.00439955993 -0.96132791 0.112499997 0.0208782908 -1.27172995 1.20114994 -0.120999999 -1.21925306 1.35057497 -0.237046495 -1.22237003 1.20114994 -0.240164205 -1.21925306 1.35057497 -0.237046495 -1.27172995 1.20114994 -0.120999999 -1.26732099 1.35057497 -0.120999999 -1.22237003 1.20114994 -0.240164205 -1.10320604 1.35057497 -0.285114497 -1.10320604 1.20114994 -0.289523602 -1.10320604 1.35057497 -0.285114497 -1.22237003 1.20114994 -0.240164205 -1.21925306 1.35057497 -0.237046495 -1.10320604 1.8125 -0.271484613 -0.993394971 1.64942503 -0.230811104 -1.10320604 1.64942503 -0.276296407 -0.993394971 1.64942503 -0.230811104 -1.10320604 1.8125 -0.271484613 -0.996797383 1.8125 -0.227408707 -0.996797383 1.8125 -0.227408707 -0.947909713 1.64942503 -0.120999999 -0.993394971 1.64942503 -0.230811104 -0.947909713 1.64942503 -0.120999999 -0.996797383 1.8125 -0.227408707 -0.952721477 1.8125 -0.120999999 -1.21301699 1.64942503 -0.0111888004 -1.25369096 1.8125 -0.120999999 -1.25850296 1.64942503 -0.120999999 -1.25369096 1.8125 -0.120999999 -1.21301699 1.64942503 -0.0111888004 -1.20961499 1.8125 -0.0145912599 -0.71820581 0.848999977 0.00399999321 -0.748205781 0.5 0.00399999321 -0.71820581 0.5 0.00399999321 -0.748205781 0.5 0.00399999321 -0.71820581 0.848999977 0.00399999321 -0.748205781 0.848999977 0.00399999321 -0.71820581 0.848999977 0.00399999321 -0.71820581 0.5 -0.0260000098 -0.71820581 0.839999974 -0.0260000098 -0.71820581 0.5 -0.0260000098 -0.71820581 0.848999977 0.00399999321 -0.71820581 0.5 0.00399999321 -0.748205781 0.5 0.00399999321 -0.748205781 0.839999974 -0.0260000098 -0.748205781 0.5 -0.0260000098 -0.748205781 0.839999974 -0.0260000098 -0.748205781 0.5 0.00399999321 -0.748205781 0.848999977 0.00399999321 -0.748205781 0.839999974 -0.0260000098 -0.71820581 0.5 -0.0260000098 -0.748205781 0.5 -0.0260000098 -0.71820581 0.5 -0.0260000098 -0.748205781 0.839999974 -0.0260000098 -0.71820581 0.839999974 -0.0260000098 -0.748205781 0.5 0.00399999321 -0.71820581 0.5 -0.0260000098 -0.71820581 0.5 0.00399999321 -0.71820581 0.5 -0.0260000098 -0.748205781 0.5 0.00399999321 -0.748205781 0.5 -0.0260000098 -0.438205808 0.839999974 -0.0260000098 -0.408205897 0.5 -0.0260000098 -0.438205808 0.5 -0.0260000098 -0.408205897 0.5 -0.0260000098 -0.438205808 0.839999974 -0.0260000098 -0.408205897 0.839999974 -0.0260000098 -0.438205808 0.5 0.00399999321 -0.408205897 0.5 -0.0260000098 -0.408205897 0.5 0.00399999321 -0.408205897 0.5 -0.0260000098 -0.438205808 0.5 0.00399999321 -0.438205808 0.5 -0.0260000098 -0.408205897 0.848999977 0.00399999321 -0.408205897 0.5 -0.0260000098 -0.408205897 0.839999974 -0.0260000098 -0.408205897 0.5 -0.0260000098 -0.408205897 0.848999977 0.00399999321 -0.408205897 0.5 0.00399999321 -0.438205808 0.5 0.00399999321 -0.438205808 0.839999974 -0.0260000098 -0.438205808 0.5 -0.0260000098 -0.438205808 0.839999974 -0.0260000098 -0.438205808 0.5 0.00399999321 -0.438205808 0.848999977 0.00399999321 -0.408205897 0.848999977 0.00399999321 -0.438205808 0.5 0.00399999321 -0.408205897 0.5 0.00399999321 -0.438205808 0.5 0.00399999321 -0.408205897 0.848999977 0.00399999321 -0.438205808 0.848999977 0.00399999321 0.341794014 0.270000011 -0.326000005 0.1017939 0.270000011 -0.345999986 0.341794014 0.270000011 -0.345999986 0.1017939 0.270000011 -0.345999986 0.341794014 0.270000011 -0.326000005 0.1017939 0.270000011 -0.326000005 0.0217939299 2.70716812e-16 0.0740000308 0.441793889 2.70716812e-16 -0.326000005 0.441793889 2.70716812e-16 0.0740000308 0.441793889 2.70716812e-16 -0.326000005 0.0217939299 2.70716812e-16 0.0740000308 0.421793908 2.70716812e-16 -0.345999986 0.421793908 2.70716812e-16 -0.345999986 0.0217939299 2.70716812e-16 0.0740000308 0.0217939299 2.70716812e-16 -0.345999986 0.341794014 0.129999995 -0.326000005 0.341794014 0.270000011 -0.345999986 0.341794014 0.129999995 -0.345999986 0.341794014 0.270000011 -0.345999986 0.341794014 0.129999995 -0.326000005 0.341794014 0.270000011 -0.326000005 0.1017939 0.270000011 -0.326000005 0.1017939 0.129999995 -0.345999986 0.1017939 0.270000011 -0.345999986 0.1017939 0.129999995 -0.345999986 0.1017939 0.270000011 -0.326000005 0.1017939 0.129999995 -0.326000005 0.421793908 0.0500000007 -0.326000005 0.0217939299 0.0500000007 -0.345999986 0.0217939299 0.0500000007 -0.326000005 0.0217939299 0.0500000007 -0.345999986 0.421793908 0.0500000007 -0.326000005 0.421793908 0.0500000007 -0.345999986 0.421793908 0.0500000007 0.0740000308 0.421793908 0.0500000007 -0.345999986 0.421793908 0.0500000007 -0.326000005 0.421793908 0.0500000007 0.0740000308 0.441793889 0.0500000007 -0.326000005 0.421793908 0.0500000007 -0.345999986 0.441793889 0.0500000007 -0.326000005 0.421793908 0.0500000007 0.0740000308 0.441793889 0.0500000007 0.0740000308 0.441793889 0.0500000007 0.0740000308 0.441793889 2.70716812e-16 -0.326000005 0.441793889 0.0500000007 -0.326000005 0.441793889 2.70716812e-16 -0.326000005 0.441793889 0.0500000007 0.0740000308 0.441793889 2.70716812e-16 0.0740000308 0.0217939299 0.0500000007 -0.345999986 0.421793908 2.70716812e-16 -0.345999986 0.0217939299 2.70716812e-16 -0.345999986 0.421793908 2.70716812e-16 -0.345999986 0.0217939299 0.0500000007 -0.345999986 0.421793908 0.0500000007 -0.345999986 0.441793889 0.0500000007 -0.326000005 0.421793908 2.70716812e-16 -0.345999986 0.421793908 0.0500000007 -0.345999986 0.421793908 2.70716812e-16 -0.345999986 0.441793889 0.0500000007 -0.326000005 0.441793889 2.70716812e-16 -0.326000005 0.0717939436 0.300000012 -0.345999986 0.1017939 0.129999995 -0.345999986 0.0717939436 0.129999995 -0.345999986 0.1017939 0.129999995 -0.345999986 0.0717939436 0.300000012 -0.345999986 0.1017939 0.270000011 -0.345999986 0.1017939 0.270000011 -0.345999986 0.0717939436 0.300000012 -0.345999986 0.341794014 0.270000011 -0.345999986 0.371793896 0.300000012 -0.345999986 0.341794014 0.270000011 -0.345999986 0.0717939436 0.300000012 -0.345999986 0.371793896 0.129999995 -0.345999986 0.341794014 0.270000011 -0.345999986 0.371793896 0.300000012 -0.345999986 0.341794014 0.270000011 -0.345999986 0.371793896 0.129999995 -0.345999986 0.341794014 0.129999995 -0.345999986 0.0717939436 0.129999995 -0.326000005 0.0717939436 0.300000012 -0.345999986 0.0717939436 0.129999995 -0.345999986 0.0717939436 0.300000012 -0.345999986 0.0717939436 0.129999995 -0.326000005 0.0717939436 0.300000012 -0.326000005 0.0717939436 0.300000012 -0.345999986 0.371793896 0.300000012 -0.326000005 0.371793896 0.300000012 -0.345999986 0.371793896 0.300000012 -0.326000005 0.0717939436 0.300000012 -0.345999986 0.0717939436 0.300000012 -0.326000005 0.371793896 0.300000012 -0.326000005 0.371793896 0.129999995 -0.345999986 0.371793896 0.300000012 -0.345999986 0.371793896 0.129999995 -0.345999986 0.371793896 0.300000012 -0.326000005 0.371793896 0.129999995 -0.326000005 0.351794094 0.129999995 -0.386000007 0.371794105 0.129999995 -0.345999986 0.371794105 0.129999995 -0.365999997 0.371794105 0.129999995 -0.345999986 0.351794094 0.129999995 -0.386000007 0.341794103 0.129999995 -0.345999986 0.341794103 0.129999995 -0.345999986 0.351794094 0.129999995 -0.386000007 0.0917941332 0.129999995 -0.386000007 0.341794103 0.129999995 -0.345999986 0.0917941332 0.129999995 -0.386000007 0.341794103 0.129999995 -0.326000005 0.341794103 0.129999995 -0.326000005 0.0917941332 0.129999995 -0.386000007 0.101794101 0.129999995 -0.345999986 0.101794101 0.129999995 -0.326000005 0.341794103 0.129999995 -0.326000005 0.101794101 0.129999995 -0.345999986 0.101794101 0.129999995 -0.345999986 0.0917941332 0.129999995 -0.386000007 0.0717941225 0.129999995 -0.345999986 0.0717941225 0.129999995 -0.345999986 0.0917941332 0.129999995 -0.386000007 0.0717941225 0.129999995 -0.365999997 0.0917941332 0.129999995 -0.386000007 0.351794094 0.109999999 -0.386000007 0.0917941332 0.109999999 -0.386000007 0.351794094 0.109999999 -0.386000007 0.0917941332 0.129999995 -0.386000007 0.351794094 0.129999995 -0.386000007 0.0717941225 0.109999999 -0.326000005 0.371794105 0.109999999 -0.365999997 0.371794105 0.109999999 -0.326000005 0.371794105 0.109999999 -0.365999997 0.0717941225 0.109999999 -0.326000005 0.351794094 0.109999999 -0.386000007 0.351794094 0.109999999 -0.386000007 0.0717941225 0.109999999 -0.326000005 0.0917941332 0.109999999 -0.386000007 0.0917941332 0.109999999 -0.386000007 0.0717941225 0.109999999 -0.326000005 0.0717941225 0.109999999 -0.365999997 0.0717941225 0.109999999 -0.326000005 0.0717941225 0.129999995 -0.365999997 0.0717941225 0.109999999 -0.365999997 0.0717941225 0.129999995 -0.365999997 0.0717941225 0.109999999 -0.326000005 0.0717941225 0.129999995 -0.345999986 0.0717941225 0.129999995 -0.345999986 0.0717941225 0.109999999 -0.326000005 0.0717941225 0.129999995 -0.326000005 0.371794105 0.129999995 -0.345999986 0.371794105 0.109999999 -0.365999997 0.371794105 0.129999995 -0.365999997 0.371794105 0.109999999 -0.365999997 0.371794105 0.129999995 -0.345999986 0.371794105 0.109999999 -0.326000005 0.371794105 0.109999999 -0.326000005 0.371794105 0.129999995 -0.345999986 0.371794105 0.129999995 -0.326000005 0.0717941225 0.129999995 -0.365999997 0.0917941332 0.109999999 -0.386000007 0.0717941225 0.109999999 -0.365999997 0.0917941332 0.109999999 -0.386000007 0.0717941225 0.129999995 -0.365999997 0.0917941332 0.129999995 -0.386000007 0.371794105 0.129999995 -0.365999997 0.351794094 0.109999999 -0.386000007 0.351794094 0.129999995 -0.386000007 0.351794094 0.109999999 -0.386000007 0.371794105 0.129999995 -0.365999997 0.371794105 0.109999999 -0.365999997 0.321794093 0.25 -0.305999994 0.231794104 0.25 -0.326000005 0.321794093 0.25 -0.326000005 0.231794104 0.25 -0.326000005 0.321794093 0.25 -0.305999994 0.121794097 0.25 -0.305999994 0.231794104 0.25 -0.326000005 0.121794097 0.25 -0.305999994 0.211794093 0.25 -0.326000005 0.211794093 0.25 -0.326000005 0.121794097 0.25 -0.305999994 0.121794097 0.25 -0.326000005 0.121794097 0.25 -0.305999994 0.121794097 0.150000006 -0.326000005 0.121794097 0.25 -0.326000005 0.121794097 0.150000006 -0.326000005 0.121794097 0.25 -0.305999994 0.121794097 0.150000006 -0.305999994 0.321794093 0.150000006 -0.305999994 0.321794093 0.25 -0.326000005 0.321794093 0.150000006 -0.326000005 0.321794093 0.25 -0.326000005 0.321794093 0.150000006 -0.305999994 0.321794093 0.25 -0.305999994 0.231794104 0.150000006 -0.326000005 0.321794093 0.150000006 -0.305999994 0.321794093 0.150000006 -0.326000005 0.321794093 0.150000006 -0.305999994 0.231794104 0.150000006 -0.326000005 0.121794097 0.150000006 -0.305999994 0.121794097 0.150000006 -0.305999994 0.231794104 0.150000006 -0.326000005 0.211794093 0.150000006 -0.326000005 0.121794097 0.150000006 -0.305999994 0.211794093 0.150000006 -0.326000005 0.121794097 0.150000006 -0.326000005 0.121794097 0.150000006 -0.326000005 0.101794101 0.270000011 -0.326000005 0.121794097 0.25 -0.326000005 0.121794097 0.25 -0.326000005 0.101794101 0.270000011 -0.326000005 0.211794093 0.25 -0.326000005 0.121794097 0.150000006 -0.326000005 0.101794101 0.129999995 -0.326000005 0.101794101 0.270000011 -0.326000005 0.101794101 0.129999995 -0.326000005 0.121794097 0.150000006 -0.326000005 0.341794103 0.129999995 -0.326000005 0.321794093 0.150000006 -0.326000005 0.341794103 0.129999995 -0.326000005 0.121794097 0.150000006 -0.326000005 0.321794093 0.150000006 -0.326000005 0.121794097 0.150000006 -0.326000005 0.211794093 0.150000006 -0.326000005 0.341794103 0.129999995 -0.326000005 0.321794093 0.150000006 -0.326000005 0.341794103 0.270000011 -0.326000005 0.321794093 0.150000006 -0.326000005 0.211794093 0.150000006 -0.326000005 0.231794104 0.150000006 -0.326000005 0.211794093 0.25 -0.326000005 0.231794104 0.150000006 -0.326000005 0.211794093 0.150000006 -0.326000005 0.341794103 0.270000011 -0.326000005 0.321794093 0.150000006 -0.326000005 0.321794093 0.25 -0.326000005 0.341794103 0.270000011 -0.326000005 0.321794093 0.25 -0.326000005 0.101794101 0.270000011 -0.326000005 0.231794104 0.150000006 -0.326000005 0.211794093 0.25 -0.326000005 0.231794104 0.25 -0.326000005 0.211794093 0.25 -0.326000005 0.101794101 0.270000011 -0.326000005 0.231794104 0.25 -0.326000005 0.231794104 0.25 -0.326000005 0.101794101 0.270000011 -0.326000005 0.321794093 0.25 -0.326000005 -0.678206086 0.25 -0.326000005 -0.458206087 0.270000011 -0.326000005 -0.588206112 0.25 -0.326000005 -0.588206112 0.25 -0.326000005 -0.458206087 0.270000011 -0.326000005 -0.568206072 0.25 -0.326000005 -0.588206112 0.25 -0.326000005 -0.568206072 0.25 -0.326000005 -0.588206112 0.150000006 -0.326000005 -0.458206087 0.270000011 -0.326000005 -0.678206086 0.25 -0.326000005 -0.698206127 0.270000011 -0.326000005 -0.678206086 0.25 -0.326000005 -0.678206086 0.150000006 -0.326000005 -0.698206127 0.270000011 -0.326000005 -0.568206072 0.150000006 -0.326000005 -0.588206112 0.150000006 -0.326000005 -0.568206072 0.25 -0.326000005 -0.588206112 0.150000006 -0.326000005 -0.568206072 0.150000006 -0.326000005 -0.678206086 0.150000006 -0.326000005 -0.698206127 0.270000011 -0.326000005 -0.678206086 0.150000006 -0.326000005 -0.698206127 0.129999995 -0.326000005 -0.568206072 0.150000006 -0.326000005 -0.478206098 0.150000006 -0.326000005 -0.678206086 0.150000006 -0.326000005 -0.478206098 0.150000006 -0.326000005 -0.698206127 0.129999995 -0.326000005 -0.678206086 0.150000006 -0.326000005 -0.698206127 0.129999995 -0.326000005 -0.478206098 0.150000006 -0.326000005 -0.458206087 0.129999995 -0.326000005 -0.458206087 0.270000011 -0.326000005 -0.458206087 0.129999995 -0.326000005 -0.478206098 0.150000006 -0.326000005 -0.568206072 0.25 -0.326000005 -0.458206087 0.270000011 -0.326000005 -0.478206098 0.25 -0.326000005 -0.478206098 0.25 -0.326000005 -0.458206087 0.270000011 -0.326000005 -0.478206098 0.150000006 -0.326000005 -0.478206098 0.150000006 -0.326000005 -0.568206072 0.150000006 -0.326000005 -0.478206098 0.150000006 -0.305999994 -0.568206072 0.150000006 -0.326000005 -0.588206112 0.150000006 -0.326000005 -0.478206098 0.150000006 -0.305999994 -0.478206098 0.150000006 -0.305999994 -0.588206112 0.150000006 -0.326000005 -0.678206086 0.150000006 -0.305999994 -0.678206086 0.150000006 -0.326000005 -0.678206086 0.150000006 -0.305999994 -0.588206112 0.150000006 -0.326000005 -0.678206086 0.25 -0.305999994 -0.678206086 0.150000006 -0.305999994 -0.678206086 0.25 -0.326000005 -0.678206086 0.150000006 -0.326000005 -0.678206086 0.25 -0.326000005 -0.678206086 0.150000006 -0.305999994 -0.478206098 0.150000006 -0.305999994 -0.478206098 0.25 -0.305999994 -0.478206098 0.150000006 -0.326000005 -0.478206098 0.25 -0.326000005 -0.478206098 0.150000006 -0.326000005 -0.478206098 0.25 -0.305999994 -0.478206098 0.25 -0.326000005 -0.478206098 0.25 -0.305999994 -0.568206072 0.25 -0.326000005 -0.568206072 0.25 -0.326000005 -0.478206098 0.25 -0.305999994 -0.588206112 0.25 -0.326000005 -0.478206098 0.25 -0.305999994 -0.678206086 0.25 -0.305999994 -0.588206112 0.25 -0.326000005 -0.678206086 0.25 -0.326000005 -0.588206112 0.25 -0.326000005 -0.678206086 0.25 -0.305999994 -0.728205979 0.109999999 -0.365999997 -0.728205979 0.129999995 -0.365999997 -0.708206117 0.109999999 -0.386000007 -0.708206117 0.129999995 -0.386000007 -0.708206117 0.109999999 -0.386000007 -0.728205979 0.129999995 -0.365999997 -0.448206097 0.129999995 -0.386000007 -0.428206086 0.129999995 -0.365999997 -0.448206097 0.109999999 -0.386000007 -0.428206086 0.109999999 -0.365999997 -0.448206097 0.109999999 -0.386000007 -0.428206086 0.129999995 -0.365999997 -0.728205979 0.129999995 -0.326000005 -0.728205979 0.129999995 -0.345999986 -0.728205979 0.109999999 -0.326000005 -0.728205979 0.109999999 -0.326000005 -0.728205979 0.129999995 -0.345999986 -0.728205979 0.109999999 -0.365999997 -0.728205979 0.129999995 -0.365999997 -0.728205979 0.109999999 -0.365999997 -0.728205979 0.129999995 -0.345999986 -0.428206086 0.129999995 -0.326000005 -0.428206086 0.109999999 -0.326000005 -0.428206086 0.129999995 -0.345999986 -0.428206086 0.129999995 -0.345999986 -0.428206086 0.109999999 -0.326000005 -0.428206086 0.129999995 -0.365999997 -0.428206086 0.109999999 -0.365999997 -0.428206086 0.129999995 -0.365999997 -0.428206086 0.109999999 -0.326000005 -0.428206086 0.109999999 -0.365999997 -0.428206086 0.109999999 -0.326000005 -0.448206097 0.109999999 -0.386000007 -0.448206097 0.109999999 -0.386000007 -0.428206086 0.109999999 -0.326000005 -0.708206117 0.109999999 -0.386000007 -0.708206117 0.109999999 -0.386000007 -0.428206086 0.109999999 -0.326000005 -0.728205979 0.109999999 -0.365999997 -0.728205979 0.109999999 -0.326000005 -0.728205979 0.109999999 -0.365999997 -0.428206086 0.109999999 -0.326000005 -0.708206117 0.129999995 -0.386000007 -0.448206097 0.129999995 -0.386000007 -0.708206117 0.109999999 -0.386000007 -0.448206097 0.109999999 -0.386000007 -0.708206117 0.109999999 -0.386000007 -0.448206097 0.129999995 -0.386000007 -0.428206086 0.129999995 -0.365999997 -0.448206097 0.129999995 -0.386000007 -0.428206086 0.129999995 -0.345999986 -0.428206086 0.129999995 -0.345999986 -0.448206097 0.129999995 -0.386000007 -0.458206087 0.129999995 -0.345999986 -0.458206087 0.129999995 -0.345999986 -0.698206127 0.129999995 -0.326000005 -0.458206087 0.129999995 -0.326000005 -0.458206087 0.129999995 -0.345999986 -0.448206097 0.129999995 -0.386000007 -0.698206127 0.129999995 -0.326000005 -0.698206127 0.129999995 -0.326000005 -0.448206097 0.129999995 -0.386000007 -0.698206127 0.129999995 -0.345999986 -0.448206097 0.129999995 -0.386000007 -0.708206117 0.129999995 -0.386000007 -0.698206127 0.129999995 -0.345999986 -0.698206127 0.129999995 -0.345999986 -0.708206117 0.129999995 -0.386000007 -0.728205979 0.129999995 -0.345999986 -0.728205979 0.129999995 -0.365999997 -0.728205979 0.129999995 -0.345999986 -0.708206117 0.129999995 -0.386000007 -0.728205919 0.129999995 -0.326000005 -0.728205919 0.300000012 -0.326000005 -0.728205919 0.129999995 -0.345999986 -0.728205919 0.300000012 -0.345999986 -0.728205919 0.129999995 -0.345999986 -0.728205919 0.300000012 -0.326000005 -0.428205907 0.300000012 -0.326000005 -0.428205907 0.300000012 -0.345999986 -0.728205919 0.300000012 -0.326000005 -0.728205919 0.300000012 -0.345999986 -0.728205919 0.300000012 -0.326000005 -0.428205907 0.300000012 -0.345999986 -0.428205907 0.300000012 -0.326000005 -0.428205907 0.129999995 -0.326000005 -0.428205907 0.300000012 -0.345999986 -0.428205907 0.129999995 -0.345999986 -0.428205907 0.300000012 -0.345999986 -0.428205907 0.129999995 -0.326000005 -0.698205888 0.129999995 -0.345999986 -0.728205919 0.129999995 -0.345999986 -0.698205888 0.270000011 -0.345999986 -0.728205919 0.300000012 -0.345999986 -0.698205888 0.270000011 -0.345999986 -0.728205919 0.129999995 -0.345999986 -0.428205907 0.300000012 -0.345999986 -0.698205888 0.270000011 -0.345999986 -0.728205919 0.300000012 -0.345999986 -0.698205888 0.270000011 -0.345999986 -0.428205907 0.300000012 -0.345999986 -0.458205909 0.270000011 -0.345999986 -0.458205909 0.270000011 -0.345999986 -0.428205907 0.300000012 -0.345999986 -0.458205909 0.129999995 -0.345999986 -0.428205907 0.129999995 -0.345999986 -0.458205909 0.129999995 -0.345999986 -0.428205907 0.300000012 -0.345999986 -0.798205912 2.70848896e-16 -0.326000005 -0.798205912 0.0500000007 -0.326000005 -0.778205872 2.70848896e-16 -0.345999986 -0.778205872 0.0500000007 -0.345999986 -0.778205872 2.70848896e-16 -0.345999986 -0.798205912 0.0500000007 -0.326000005 -0.778205872 0.0500000007 -0.345999986 -0.378205895 0.0500000007 -0.345999986 -0.778205872 2.70848896e-16 -0.345999986 -0.378205895 2.70848896e-16 -0.345999986 -0.778205872 2.70848896e-16 -0.345999986 -0.378205895 0.0500000007 -0.345999986 -0.798205912 2.70848896e-16 0.0740000308 -0.798205912 0.0500000007 0.0740000308 -0.798205912 2.70848896e-16 -0.326000005 -0.798205912 0.0500000007 -0.326000005 -0.798205912 2.70848896e-16 -0.326000005 -0.798205912 0.0500000007 0.0740000308 -0.798205912 0.0500000007 0.0740000308 -0.778205872 0.0500000007 0.0740000308 -0.798205912 0.0500000007 -0.326000005 -0.778205872 0.0500000007 -0.345999986 -0.798205912 0.0500000007 -0.326000005 -0.778205872 0.0500000007 0.0740000308 -0.778205872 0.0500000007 -0.326000005 -0.778205872 0.0500000007 -0.345999986 -0.778205872 0.0500000007 0.0740000308 -0.778205872 0.0500000007 -0.345999986 -0.778205872 0.0500000007 -0.326000005 -0.378205895 0.0500000007 -0.345999986 -0.378205895 0.0500000007 -0.326000005 -0.378205895 0.0500000007 -0.345999986 -0.778205872 0.0500000007 -0.326000005 -0.458205909 0.129999995 -0.326000005 -0.458205909 0.270000011 -0.326000005 -0.458205909 0.129999995 -0.345999986 -0.458205909 0.270000011 -0.345999986 -0.458205909 0.129999995 -0.345999986 -0.458205909 0.270000011 -0.326000005 -0.698205888 0.270000011 -0.326000005 -0.698205888 0.129999995 -0.326000005 -0.698205888 0.270000011 -0.345999986 -0.698205888 0.129999995 -0.345999986 -0.698205888 0.270000011 -0.345999986 -0.698205888 0.129999995 -0.326000005 -0.378205895 2.70848896e-16 -0.345999986 -0.378205895 2.70848896e-16 0.0740000308 -0.778205872 2.70848896e-16 -0.345999986 -0.778205872 2.70848896e-16 -0.345999986 -0.378205895 2.70848896e-16 0.0740000308 -0.798205912 2.70848896e-16 -0.326000005 -0.798205912 2.70848896e-16 0.0740000308 -0.798205912 2.70848896e-16 -0.326000005 -0.378205895 2.70848896e-16 0.0740000308 -0.458205909 0.270000011 -0.326000005 -0.698205888 0.270000011 -0.326000005 -0.458205909 0.270000011 -0.345999986 -0.698205888 0.270000011 -0.345999986 -0.458205909 0.270000011 -0.345999986 -0.698205888 0.270000011 -0.326000005 -1.17820597 0.769999981 0.203999996 -1.19820595 0.769999981 0.344000012 -1.19820595 0.769999981 0.203999996 -1.19820595 0.769999981 0.344000012 -1.17820597 0.769999981 0.203999996 -1.17820597 0.769999981 0.344000012 -1.19820595 0.680000007 0.344000012 -1.17820597 0.680000007 0.203999996 -1.19820595 0.680000007 0.203999996 -1.17820597 0.680000007 0.203999996 -1.19820595 0.680000007 0.344000012 -1.17820597 0.680000007 0.344000012 -1.19820595 0.800000012 0.194000006 -1.17820597 0.800000012 0.354000002 -1.17820597 0.800000012 0.194000006 -1.17820597 0.800000012 0.354000002 -1.19820595 0.800000012 0.194000006 -1.19820595 0.800000012 0.354000002 -1.17820597 0.649999976 0.354000002 -1.19820595 0.649999976 0.194000006 -1.17820597 0.649999976 0.194000006 -1.19820595 0.649999976 0.194000006 -1.17820597 0.649999976 0.354000002 -1.19820595 0.649999976 0.354000002 -1.17820597 0.779999971 0.374000013 -1.19820595 0.800000012 0.354000002 -1.19820595 0.779999971 0.374000013 -1.19820595 0.800000012 0.354000002 -1.17820597 0.779999971 0.374000013 -1.17820597 0.800000012 0.354000002 -1.19820595 0.649999976 0.354000002 -1.17820597 0.670000017 0.374000013 -1.19820595 0.670000017 0.374000013 -1.17820597 0.670000017 0.374000013 -1.19820595 0.649999976 0.354000002 -1.17820597 0.649999976 0.354000002 -1.17820597 0.670000017 0.173999995 -1.19820595 0.649999976 0.194000006 -1.19820595 0.670000017 0.173999995 -1.19820595 0.649999976 0.194000006 -1.17820597 0.670000017 0.173999995 -1.17820597 0.649999976 0.194000006 -1.17820597 0.800000012 0.194000006 -1.19820595 0.779999971 0.173999995 -1.19820595 0.800000012 0.194000006 -1.19820595 0.779999971 0.173999995 -1.17820597 0.800000012 0.194000006 -1.17820597 0.779999971 0.173999995 -1.19820595 0.5 0.474000096 -1.19820595 0.550000012 0.0739999413 -1.19820595 0.5 0.0739999413 -1.19820595 0.550000012 0.0739999413 -1.19820595 0.5 0.474000096 -1.19820595 0.550000012 0.474000096 -1.17820597 0.550000012 0.0539999492 -1.19820595 0.5 0.0739999413 -1.19820595 0.550000012 0.0739999413 -1.19820595 0.5 0.0739999413 -1.17820597 0.550000012 0.0539999492 -1.17820597 0.5 0.0539999492 -0.778205693 0.5 0.0539998896 -1.19820595 0.5 0.0739999413 -1.17820597 0.5 0.0539999492 -1.19820595 0.5 0.0739999413 -0.778205693 0.5 0.0539998896 -0.778205574 0.5 0.474000007 -1.19820595 0.5 0.0739999413 -0.778205574 0.5 0.474000007 -1.19820595 0.5 0.474000096 -1.17820597 0.550000012 0.0739999413 -1.19820595 0.550000012 0.474000096 -1.17820597 0.550000012 0.474000096 -1.19820595 0.550000012 0.474000096 -1.17820597 0.550000012 0.0739999413 -1.19820595 0.550000012 0.0739999413 -0.778205693 0.550000012 0.0739998817 -1.19820595 0.550000012 0.0739999413 -1.17820597 0.550000012 0.0739999413 -0.778205693 0.550000012 0.0539998896 -1.19820595 0.550000012 0.0739999413 -0.778205693 0.550000012 0.0739998817 -1.19820595 0.550000012 0.0739999413 -0.778205693 0.550000012 0.0539998896 -1.17820597 0.550000012 0.0539999492 -1.17820597 0.680000007 0.203999996 -1.19820595 0.769999981 0.203999996 -1.19820595 0.680000007 0.203999996 -1.19820595 0.769999981 0.203999996 -1.17820597 0.680000007 0.203999996 -1.17820597 0.769999981 0.203999996 -1.17820597 0.769999981 0.344000012 -1.19820595 0.680000007 0.344000012 -1.19820595 0.769999981 0.344000012 -1.19820595 0.680000007 0.344000012 -1.17820597 0.769999981 0.344000012 -1.17820597 0.680000007 0.344000012 -1.17820597 0.670000017 0.374000013 -1.19820595 0.779999971 0.374000013 -1.19820595 0.670000017 0.374000013 -1.19820595 0.779999971 0.374000013 -1.17820597 0.670000017 0.374000013 -1.17820597 0.779999971 0.374000013 -1.17820597 0.779999971 0.173999995 -1.19820595 0.670000017 0.173999995 -1.19820595 0.779999971 0.173999995 -1.19820595 0.670000017 0.173999995 -1.17820597 0.779999971 0.173999995 -1.17820597 0.670000017 0.173999995 -1.19820595 0.670000017 0.374000013 -1.19820595 0.649999976 0.194000006 -1.19820595 0.649999976 0.354000002 -1.19820595 0.649999976 0.194000006 -1.19820595 0.670000017 0.374000013 -1.19820595 0.670000017 0.173999995 -1.19820595 0.670000017 0.173999995 -1.19820595 0.670000017 0.374000013 -1.19820595 0.680000007 0.344000012 -1.19820595 0.680000007 0.344000012 -1.19820595 0.670000017 0.374000013 -1.19820595 0.779999971 0.374000013 -1.19820595 0.680000007 0.203999996 -1.19820595 0.670000017 0.173999995 -1.19820595 0.680000007 0.344000012 -1.19820595 0.680000007 0.344000012 -1.19820595 0.779999971 0.374000013 -1.19820595 0.769999981 0.344000012 -1.19820595 0.670000017 0.173999995 -1.19820595 0.680000007 0.203999996 -1.19820595 0.779999971 0.173999995 -1.19820595 0.769999981 0.344000012 -1.19820595 0.779999971 0.374000013 -1.19820595 0.769999981 0.203999996 -1.19820595 0.779999971 0.173999995 -1.19820595 0.680000007 0.203999996 -1.19820595 0.769999981 0.203999996 -1.19820595 0.779999971 0.173999995 -1.19820595 0.769999981 0.203999996 -1.19820595 0.779999971 0.374000013 -1.19820595 0.779999971 0.173999995 -1.19820595 0.779999971 0.374000013 -1.19820595 0.800000012 0.354000002 -1.19820595 0.779999971 0.173999995 -1.19820595 0.800000012 0.354000002 -1.19820595 0.800000012 0.194000006 -0.778205693 0.550000012 0.0539998896 -1.17820597 0.5 0.0539999492 -1.17820597 0.550000012 0.0539999492 -1.17820597 0.5 0.0539999492 -0.778205693 0.550000012 0.0539998896 -0.778205693 0.5 0.0539998896 -1.15820599 0.699999988 0.224000007 -1.17820597 0.75 0.224000007 -1.17820597 0.699999988 0.224000007 -1.17820597 0.75 0.224000007 -1.15820599 0.699999988 0.224000007 -1.15820599 0.75 0.224000007 -1.15820599 0.75 0.324000001 -1.17820597 0.75 0.224000007 -1.15820599 0.75 0.224000007 -1.17820597 0.75 0.224000007 -1.15820599 0.75 0.324000001 -1.17820597 0.75 0.324000001 -1.17820597 0.699999988 0.224000007 -1.15820599 0.699999988 0.324000001 -1.15820599 0.699999988 0.224000007 -1.15820599 0.699999988 0.324000001 -1.17820597 0.699999988 0.224000007 -1.17820597 0.699999988 0.324000001 -1.15820599 0.75 0.324000001 -1.17820597 0.699999988 0.324000001 -1.17820597 0.75 0.324000001 -1.17820597 0.699999988 0.324000001 -1.15820599 0.75 0.324000001 -1.15820599 0.699999988 0.324000001 -1.17820597 0.699999988 0.324000001 -1.17820597 0.769999981 0.344000012 -1.17820597 0.75 0.324000001 -1.17820597 0.75 0.324000001 -1.17820597 0.769999981 0.344000012 -1.17820597 0.75 0.224000007 -1.17820597 0.699999988 0.324000001 -1.17820597 0.680000007 0.344000012 -1.17820597 0.769999981 0.344000012 -1.17820597 0.769999981 0.203999996 -1.17820597 0.75 0.224000007 -1.17820597 0.769999981 0.344000012 -1.17820597 0.680000007 0.344000012 -1.17820597 0.699999988 0.324000001 -1.17820597 0.680000007 0.203999996 -1.17820597 0.769999981 0.203999996 -1.17820597 0.699999988 0.224000007 -1.17820597 0.75 0.224000007 -1.17820597 0.680000007 0.203999996 -1.17820597 0.699999988 0.224000007 -1.17820597 0.769999981 0.203999996 -1.17820597 0.699999988 0.224000007 -1.17820597 0.680000007 0.203999996 -1.17820597 0.699999988 0.324000001 -0.0582062006 2.70716812e-16 -0.326000005 -0.0582062006 0.270000011 -0.345999986 -0.0582062006 2.70716812e-16 -0.345999986 -0.0582062006 0.270000011 -0.345999986 -0.0582062006 2.70716812e-16 -0.326000005 -0.0582062006 0.270000011 -0.326000005 -0.29820621 0.270000011 -0.326000005 -0.29820621 2.70716812e-16 -0.345999986 -0.29820621 0.270000011 -0.345999986 -0.29820621 2.70716812e-16 -0.345999986 -0.29820621 0.270000011 -0.326000005 -0.29820621 2.70716812e-16 -0.326000005 -0.29820621 0.270000011 -0.326000005 -0.0582062006 0.270000011 -0.345999986 -0.0582062006 0.270000011 -0.326000005 -0.0582062006 0.270000011 -0.345999986 -0.29820621 0.270000011 -0.326000005 -0.29820621 0.270000011 -0.345999986 -0.328206211 0.0500000007 -0.326000005 -0.328206211 0.280000001 -0.345999986 -0.328206211 0.0500000007 -0.345999986 -0.328206211 0.280000001 -0.345999986 -0.328206211 0.0500000007 -0.326000005 -0.328206211 0.280000001 -0.326000005 -0.0282061994 0.280000001 -0.326000005 -0.0282061994 0.0500000007 -0.345999986 -0.0282061994 0.280000001 -0.345999986 -0.0282061994 0.0500000007 -0.345999986 -0.0282061994 0.280000001 -0.326000005 -0.0282061994 0.0500000007 -0.326000005 -0.308206201 0.300000012 -0.345999986 -0.048206199 0.300000012 -0.326000005 -0.048206199 0.300000012 -0.345999986 -0.048206199 0.300000012 -0.326000005 -0.308206201 0.300000012 -0.345999986 -0.308206201 0.300000012 -0.326000005 -0.328206211 0.280000001 -0.326000005 -0.308206201 0.300000012 -0.345999986 -0.328206211 0.280000001 -0.345999986 -0.308206201 0.300000012 -0.345999986 -0.328206211 0.280000001 -0.326000005 -0.308206201 0.300000012 -0.326000005 -0.048206199 0.300000012 -0.326000005 -0.0282061994 0.280000001 -0.345999986 -0.048206199 0.300000012 -0.345999986 -0.0282061994 0.280000001 -0.345999986 -0.048206199 0.300000012 -0.326000005 -0.0282061994 0.280000001 -0.326000005 0.0217937995 0.0500000007 -0.345999986 0.0217937995 2.70849002e-16 -0.345999986 -0.0282061994 0.0500000007 -0.345999986 -0.0582062006 2.70716812e-16 -0.345999986 -0.0282061994 0.0500000007 -0.345999986 0.0217937995 2.70849002e-16 -0.345999986 -0.0282061994 0.0500000007 -0.345999986 -0.0582062006 2.70716812e-16 -0.345999986 -0.0582062006 0.270000011 -0.345999986 -0.0282061994 0.0500000007 -0.345999986 -0.0582062006 0.270000011 -0.345999986 -0.0282061994 0.280000001 -0.345999986 -0.0282061994 0.280000001 -0.345999986 -0.0582062006 0.270000011 -0.345999986 -0.328206211 0.280000001 -0.345999986 -0.29820621 0.270000011 -0.345999986 -0.328206211 0.280000001 -0.345999986 -0.0582062006 0.270000011 -0.345999986 -0.0282061994 0.280000001 -0.345999986 -0.328206211 0.280000001 -0.345999986 -0.308206201 0.300000012 -0.345999986 -0.0282061994 0.280000001 -0.345999986 -0.308206201 0.300000012 -0.345999986 -0.048206199 0.300000012 -0.345999986 -0.29820621 0.270000011 -0.345999986 -0.328206211 0.0500000007 -0.345999986 -0.328206211 0.280000001 -0.345999986 -0.29820621 2.70716812e-16 -0.345999986 -0.328206211 0.0500000007 -0.345999986 -0.29820621 0.270000011 -0.345999986 -0.328206211 0.0500000007 -0.345999986 -0.29820621 2.70716812e-16 -0.345999986 -0.378206193 2.70849002e-16 -0.345999986 -0.328206211 0.0500000007 -0.345999986 -0.378206193 2.70849002e-16 -0.345999986 -0.378206193 0.0500000007 -0.345999986 -0.378206193 2.70716812e-16 0.0740000233 0.0217937995 2.70849002e-16 -0.345999986 0.0217937995 2.70716812e-16 0.0740000233 0.0217937995 2.70849002e-16 -0.345999986 -0.378206193 2.70716812e-16 0.0740000233 -0.0582062006 2.70716812e-16 -0.326000005 -0.0582062006 2.70716812e-16 -0.345999986 0.0217937995 2.70849002e-16 -0.345999986 -0.0582062006 2.70716812e-16 -0.326000005 -0.0582062006 2.70716812e-16 -0.326000005 -0.378206193 2.70716812e-16 0.0740000233 -0.29820621 2.70716812e-16 -0.326000005 -0.29820621 2.70716812e-16 -0.326000005 -0.378206193 2.70716812e-16 0.0740000233 -0.29820621 2.70716812e-16 -0.345999986 -0.29820621 2.70716812e-16 -0.345999986 -0.378206193 2.70716812e-16 0.0740000233 -0.378206193 2.70849002e-16 -0.345999986 -0.0282061994 0.0500000007 -0.345999986 0.0217937995 0.0500000007 -0.326000005 0.0217937995 0.0500000007 -0.345999986 0.0217937995 0.0500000007 -0.326000005 -0.0282061994 0.0500000007 -0.345999986 -0.0282061994 0.0500000007 -0.326000005 -0.378206193 0.0500000007 -0.345999986 -0.328206211 0.0500000007 -0.326000005 -0.328206211 0.0500000007 -0.345999986 -0.328206211 0.0500000007 -0.326000005 -0.378206193 0.0500000007 -0.345999986 -0.378206193 0.0500000007 -0.326000005 -0.207476199 0.155735105 -0.326000005 -0.188206196 0.155735105 -0.326000005 -0.207476199 0.114264898 -0.326000005 -0.188206196 0.114264898 -0.326000005 -0.207476199 0.114264898 -0.326000005 -0.188206196 0.155735105 -0.326000005 -0.188206196 0.155735105 -0.305999994 -0.188206196 0.155735105 -0.326000005 -0.207476199 0.155735105 -0.305999994 -0.207476199 0.155735105 -0.326000005 -0.207476199 0.155735105 -0.305999994 -0.188206196 0.155735105 -0.326000005 -0.188206196 0.155735105 -0.305999994 -0.188206196 0.114264898 -0.305999994 -0.188206196 0.155735105 -0.326000005 -0.188206196 0.114264898 -0.326000005 -0.188206196 0.155735105 -0.326000005 -0.188206196 0.114264898 -0.305999994 -0.207476199 0.114264898 -0.305999994 -0.207476199 0.155735105 -0.305999994 -0.207476199 0.114264898 -0.326000005 -0.207476199 0.155735105 -0.326000005 -0.207476199 0.114264898 -0.326000005 -0.207476199 0.155735105 -0.305999994 -0.188206196 0.114264898 -0.326000005 -0.188206196 0.114264898 -0.305999994 -0.207476199 0.114264898 -0.326000005 -0.207476199 0.114264898 -0.305999994 -0.207476199 0.114264898 -0.326000005 -0.188206196 0.114264898 -0.305999994 -0.168206304 0.155735105 -0.326000005 -0.148936197 0.155735105 -0.326000005 -0.168206304 0.114264898 -0.326000005 -0.148936197 0.114264898 -0.326000005 -0.168206304 0.114264898 -0.326000005 -0.148936197 0.155735105 -0.326000005 -0.148936197 0.155735105 -0.305999994 -0.148936197 0.155735105 -0.326000005 -0.168206304 0.155735105 -0.305999994 -0.168206304 0.155735105 -0.326000005 -0.168206304 0.155735105 -0.305999994 -0.148936197 0.155735105 -0.326000005 -0.148936197 0.155735105 -0.305999994 -0.148936197 0.114264898 -0.305999994 -0.148936197 0.155735105 -0.326000005 -0.148936197 0.114264898 -0.326000005 -0.148936197 0.155735105 -0.326000005 -0.148936197 0.114264898 -0.305999994 -0.168206304 0.114264898 -0.305999994 -0.168206304 0.155735105 -0.305999994 -0.168206304 0.114264898 -0.326000005 -0.168206304 0.155735105 -0.326000005 -0.168206304 0.114264898 -0.326000005 -0.168206304 0.155735105 -0.305999994 -0.148936197 0.114264898 -0.326000005 -0.148936197 0.114264898 -0.305999994 -0.168206304 0.114264898 -0.326000005 -0.168206304 0.114264898 -0.305999994 -0.168206304 0.114264898 -0.326000005 -0.148936197 0.114264898 -0.305999994 -0.828933895 0.449999988 -0.284727901 -0.816205978 0.0499999784 -0.289999992 -0.828933895 0.0499999784 -0.284727901 -0.816205978 0.0499999784 -0.289999992 -0.828933895 0.449999988 -0.284727901 -0.816205978 0.449999988 -0.289999992 -0.803478122 0.449999988 -0.259272099 -0.798205972 0.0499999784 -0.272000015 -0.798205972 0.449999988 -0.272000015 -0.798205972 0.0499999784 -0.272000015 -0.803478122 0.449999988 -0.259272099 -0.803478122 0.0499999784 -0.259272099 -0.816205978 0.449999988 -0.289999992 -0.803478122 0.0499999784 -0.284727901 -0.816205978 0.0499999784 -0.289999992 -0.803478122 0.0499999784 -0.284727901 -0.816205978 0.449999988 -0.289999992 -0.803478122 0.449999988 -0.284727901 -0.798205972 0.449999988 -0.272000015 -0.803478122 0.0499999784 -0.284727901 -0.803478122 0.449999988 -0.284727901 -0.803478122 0.0499999784 -0.284727901 -0.798205972 0.449999988 -0.272000015 -0.798205972 0.0499999784 -0.272000015 -0.803478122 0.449999988 -0.259272099 -0.816205978 0.0499999784 -0.254000008 -0.803478122 0.0499999784 -0.259272099 -0.816205978 0.0499999784 -0.254000008 -0.803478122 0.449999988 -0.259272099 -0.816205978 0.449999988 -0.254000008 -0.816205978 0.449999988 -0.254000008 -0.828933895 0.0499999784 -0.259272099 -0.816205978 0.0499999784 -0.254000008 -0.828933895 0.0499999784 -0.259272099 -0.816205978 0.449999988 -0.254000008 -0.828933895 0.449999988 -0.259272099 -0.828933895 0.0499999784 -0.259272099 -0.834205985 0.449999988 -0.272000015 -0.834205985 0.0499999784 -0.272000015 -0.834205985 0.449999988 -0.272000015 -0.828933895 0.0499999784 -0.259272099 -0.828933895 0.449999988 -0.259272099 -0.834205985 0.0499999784 -0.272000015 -0.828933895 0.449999988 -0.284727901 -0.828933895 0.0499999784 -0.284727901 -0.828933895 0.449999988 -0.284727901 -0.834205985 0.0499999784 -0.272000015 -0.834205985 0.449999988 -0.272000015 -0.803478122 0.0499999784 -0.259272099 -0.803478122 0.0499999784 -0.284727901 -0.798205972 0.0499999784 -0.272000015 -0.803478122 0.0499999784 -0.284727901 -0.803478122 0.0499999784 -0.259272099 -0.816205978 0.0499999784 -0.254000008 -0.803478122 0.0499999784 -0.284727901 -0.816205978 0.0499999784 -0.254000008 -0.816205978 0.0499999784 -0.289999992 -0.816205978 0.0499999784 -0.289999992 -0.816205978 0.0499999784 -0.254000008 -0.828933895 0.0499999784 -0.259272099 -0.816205978 0.0499999784 -0.289999992 -0.828933895 0.0499999784 -0.259272099 -0.828933895 0.0499999784 -0.284727901 -0.828933895 0.0499999784 -0.284727901 -0.828933895 0.0499999784 -0.259272099 -0.834205985 0.0499999784 -0.272000015 -0.834205985 0.449999988 -0.254000008 -0.778205991 0.449999988 -0.289999992 -0.778205991 0.449999988 -0.254000008 -0.778205991 0.449999988 -0.289999992 -0.834205985 0.449999988 -0.254000008 -0.834205985 0.449999988 -0.289999992 -0.824205995 0.486000001 -0.289999992 -0.778205991 0.486000001 -0.254000008 -0.778205991 0.486000001 -0.289999992 -0.778205991 0.486000001 -0.254000008 -0.824205995 0.486000001 -0.289999992 -0.824205995 0.486000001 -0.254000008 -0.778205991 0.486000001 -0.254000008 -0.834205985 0.449999988 -0.254000008 -0.778205991 0.449999988 -0.254000008 -0.834205985 0.449999988 -0.254000008 -0.778205991 0.486000001 -0.254000008 -0.834205985 0.476000011 -0.254000008 -0.834205985 0.476000011 -0.254000008 -0.778205991 0.486000001 -0.254000008 -0.824205995 0.486000001 -0.254000008 -0.778205991 0.486000001 -0.254000008 -0.778205991 0.449999988 -0.289999992 -0.778205991 0.486000001 -0.289999992 -0.778205991 0.449999988 -0.289999992 -0.778205991 0.486000001 -0.254000008 -0.778205991 0.449999988 -0.254000008 -0.834205985 0.476000011 -0.289999992 -0.778205991 0.449999988 -0.289999992 -0.834205985 0.449999988 -0.289999992 -0.778205991 0.449999988 -0.289999992 -0.834205985 0.476000011 -0.289999992 -0.778205991 0.486000001 -0.289999992 -0.778205991 0.486000001 -0.289999992 -0.834205985 0.476000011 -0.289999992 -0.824205995 0.486000001 -0.289999992 -0.834205985 0.449999988 -0.254000008 -0.834205985 0.476000011 -0.289999992 -0.834205985 0.449999988 -0.289999992 -0.834205985 0.476000011 -0.289999992 -0.834205985 0.449999988 -0.254000008 -0.834205985 0.476000011 -0.254000008 -0.834205985 0.476000011 -0.254000008 -0.824205995 0.486000001 -0.289999992 -0.834205985 0.476000011 -0.289999992 -0.824205995 0.486000001 -0.289999992 -0.834205985 0.476000011 -0.254000008 -0.824205995 0.486000001 -0.254000008 -0.841793895 0.110784501 -0.272000015 -0.834299326 0.139215499 -0.290093392 -0.834299326 0.110784501 -0.290093392 -0.834299326 0.139215499 -0.290093392 -0.841793895 0.110784501 -0.272000015 -0.841793895 0.139215499 -0.272000015 -0.834299326 0.139215499 -0.290093392 -0.816205978 0.110784501 -0.297587901 -0.834299326 0.110784501 -0.290093392 -0.816205978 0.110784501 -0.297587901 -0.834299326 0.139215499 -0.290093392 -0.816205978 0.139215499 -0.297587901 -0.798112571 0.139215499 -0.253906608 -0.790618122 0.110784501 -0.272000015 -0.790618122 0.139215499 -0.272000015 -0.790618122 0.110784501 -0.272000015 -0.798112571 0.139215499 -0.253906608 -0.798112571 0.110784501 -0.253906608 -0.790618122 0.139215499 -0.272000015 -0.798112571 0.110784501 -0.290093392 -0.798112571 0.139215499 -0.290093392 -0.798112571 0.110784501 -0.290093392 -0.790618122 0.139215499 -0.272000015 -0.790618122 0.110784501 -0.272000015 -0.834299326 0.110784501 -0.253906608 -0.841793895 0.139215499 -0.272000015 -0.841793895 0.110784501 -0.272000015 -0.841793895 0.139215499 -0.272000015 -0.834299326 0.110784501 -0.253906608 -0.834299326 0.139215499 -0.253906608 -0.816205978 0.139215499 -0.246412098 -0.834299326 0.110784501 -0.253906608 -0.816205978 0.110784501 -0.246412098 -0.834299326 0.110784501 -0.253906608 -0.816205978 0.139215499 -0.246412098 -0.834299326 0.139215499 -0.253906608 -0.816205978 0.139215499 -0.297587901 -0.798112571 0.110784501 -0.290093392 -0.816205978 0.110784501 -0.297587901 -0.798112571 0.110784501 -0.290093392 -0.816205978 0.139215499 -0.297587901 -0.798112571 0.139215499 -0.290093392 -0.798112571 0.139215499 -0.253906608 -0.816205978 0.110784501 -0.246412098 -0.798112571 0.110784501 -0.253906608 -0.816205978 0.110784501 -0.246412098 -0.798112571 0.139215499 -0.253906608 -0.816205978 0.139215499 -0.246412098 -0.798112571 0.139215499 -0.290093392 -0.798112571 0.139215499 -0.253906608 -0.790618122 0.139215499 -0.272000015 -0.798112571 0.139215499 -0.253906608 -0.798112571 0.139215499 -0.290093392 -0.816205978 0.139215499 -0.297587901 -0.798112571 0.139215499 -0.253906608 -0.816205978 0.139215499 -0.297587901 -0.816205978 0.139215499 -0.246412098 -0.816205978 0.139215499 -0.246412098 -0.816205978 0.139215499 -0.297587901 -0.834299326 0.139215499 -0.290093392 -0.816205978 0.139215499 -0.246412098 -0.834299326 0.139215499 -0.290093392 -0.834299326 0.139215499 -0.253906608 -0.834299326 0.139215499 -0.253906608 -0.834299326 0.139215499 -0.290093392 -0.841793895 0.139215499 -0.272000015 -0.798112571 0.110784501 -0.253906608 -0.798112571 0.110784501 -0.290093392 -0.790618122 0.110784501 -0.272000015 -0.798112571 0.110784501 -0.290093392 -0.798112571 0.110784501 -0.253906608 -0.816205978 0.110784501 -0.246412098 -0.798112571 0.110784501 -0.290093392 -0.816205978 0.110784501 -0.246412098 -0.816205978 0.110784501 -0.297587901 -0.816205978 0.110784501 -0.297587901 -0.816205978 0.110784501 -0.246412098 -0.834299326 0.110784501 -0.253906608 -0.816205978 0.110784501 -0.297587901 -0.834299326 0.110784501 -0.253906608 -0.834299326 0.110784501 -0.290093392 -0.834299326 0.110784501 -0.290093392 -0.834299326 0.110784501 -0.253906608 -0.841793895 0.110784501 -0.272000015 -0.841793895 0.364706993 -0.272000015 -0.834299326 0.393137991 -0.290093392 -0.834299326 0.364706993 -0.290093392 -0.834299326 0.393137991 -0.290093392 -0.841793895 0.364706993 -0.272000015 -0.841793895 0.393137991 -0.272000015 -0.834299326 0.393137991 -0.290093392 -0.816205978 0.364706993 -0.297587901 -0.834299326 0.364706993 -0.290093392 -0.816205978 0.364706993 -0.297587901 -0.834299326 0.393137991 -0.290093392 -0.816205978 0.393137991 -0.297587901 -0.798112571 0.393137991 -0.253906608 -0.790618122 0.364706993 -0.272000015 -0.790618122 0.393137991 -0.272000015 -0.790618122 0.364706993 -0.272000015 -0.798112571 0.393137991 -0.253906608 -0.798112571 0.364706993 -0.253906608 -0.790618122 0.393137991 -0.272000015 -0.798112571 0.364706993 -0.290093392 -0.798112571 0.393137991 -0.290093392 -0.798112571 0.364706993 -0.290093392 -0.790618122 0.393137991 -0.272000015 -0.790618122 0.364706993 -0.272000015 -0.834299326 0.364706993 -0.253906608 -0.841793895 0.393137991 -0.272000015 -0.841793895 0.364706993 -0.272000015 -0.841793895 0.393137991 -0.272000015 -0.834299326 0.364706993 -0.253906608 -0.834299326 0.393137991 -0.253906608 -0.816205978 0.393137991 -0.246412098 -0.834299326 0.364706993 -0.253906608 -0.816205978 0.364706993 -0.246412098 -0.834299326 0.364706993 -0.253906608 -0.816205978 0.393137991 -0.246412098 -0.834299326 0.393137991 -0.253906608 -0.816205978 0.393137991 -0.297587901 -0.798112571 0.364706993 -0.290093392 -0.816205978 0.364706993 -0.297587901 -0.798112571 0.364706993 -0.290093392 -0.816205978 0.393137991 -0.297587901 -0.798112571 0.393137991 -0.290093392 -0.798112571 0.393137991 -0.253906608 -0.816205978 0.364706993 -0.246412098 -0.798112571 0.364706993 -0.253906608 -0.816205978 0.364706993 -0.246412098 -0.798112571 0.393137991 -0.253906608 -0.816205978 0.393137991 -0.246412098 -0.798112571 0.393137991 -0.290093392 -0.798112571 0.393137991 -0.253906608 -0.790618122 0.393137991 -0.272000015 -0.798112571 0.393137991 -0.253906608 -0.798112571 0.393137991 -0.290093392 -0.816205978 0.393137991 -0.297587901 -0.798112571 0.393137991 -0.253906608 -0.816205978 0.393137991 -0.297587901 -0.816205978 0.393137991 -0.246412098 -0.816205978 0.393137991 -0.246412098 -0.816205978 0.393137991 -0.297587901 -0.834299326 0.393137991 -0.290093392 -0.816205978 0.393137991 -0.246412098 -0.834299326 0.393137991 -0.290093392 -0.834299326 0.393137991 -0.253906608 -0.834299326 0.393137991 -0.253906608 -0.834299326 0.393137991 -0.290093392 -0.841793895 0.393137991 -0.272000015 -0.798112571 0.364706993 -0.253906608 -0.798112571 0.364706993 -0.290093392 -0.790618122 0.364706993 -0.272000015 -0.798112571 0.364706993 -0.290093392 -0.798112571 0.364706993 -0.253906608 -0.816205978 0.364706993 -0.246412098 -0.798112571 0.364706993 -0.290093392 -0.816205978 0.364706993 -0.246412098 -0.816205978 0.364706993 -0.297587901 -0.816205978 0.364706993 -0.297587901 -0.816205978 0.364706993 -0.246412098 -0.834299326 0.364706993 -0.253906608 -0.816205978 0.364706993 -0.297587901 -0.834299326 0.364706993 -0.253906608 -0.834299326 0.364706993 -0.290093392 -0.834299326 0.364706993 -0.290093392 -0.834299326 0.364706993 -0.253906608 -0.841793895 0.364706993 -0.272000015 -0.508205771 0.5 0.0740000233 -0.508205771 0.769999981 0.0540000089 -0.508205771 0.5 0.0540000089 -0.508205771 0.769999981 0.0540000089 -0.508205771 0.5 0.0740000233 -0.508205771 0.769999981 0.0740000233 -0.648205817 0.769999981 0.0740000233 -0.648205817 0.5 0.0540000089 -0.648205817 0.769999981 0.0540000089 -0.648205817 0.5 0.0540000089 -0.648205817 0.769999981 0.0740000233 -0.648205817 0.5 0.0740000233 -0.648205817 0.769999981 0.0740000233 -0.508205771 0.769999981 0.0540000089 -0.508205771 0.769999981 0.0740000233 -0.508205771 0.769999981 0.0540000089 -0.648205817 0.769999981 0.0740000233 -0.648205817 0.769999981 0.0540000089 -0.778205812 0.550000012 0.0540000089 -0.678205788 0.550000012 0.0740000233 -0.678205788 0.550000012 0.0540000089 -0.678205788 0.550000012 0.0740000233 -0.778205812 0.550000012 0.0540000089 -0.778205812 0.550000012 0.0740000233 -0.678205788 0.550000012 0.0740000233 -0.678205788 0.779999971 0.0540000089 -0.678205788 0.550000012 0.0540000089 -0.678205788 0.779999971 0.0540000089 -0.678205788 0.550000012 0.0740000233 -0.678205788 0.779999971 0.0740000233 -0.778205812 0.550000012 0.0540000089 -0.648205817 0.5 0.0540000089 -0.778205812 0.5 0.0540000089 -0.648205817 0.5 0.0540000089 -0.778205812 0.550000012 0.0540000089 -0.678205788 0.550000012 0.0540000089 -0.648205817 0.5 0.0540000089 -0.678205788 0.550000012 0.0540000089 -0.648205817 0.769999981 0.0540000089 -0.648205817 0.769999981 0.0540000089 -0.678205788 0.550000012 0.0540000089 -0.678205788 0.779999971 0.0540000089 -0.648205817 0.769999981 0.0540000089 -0.678205788 0.779999971 0.0540000089 -0.508205771 0.769999981 0.0540000089 -0.4782058 0.779999971 0.0540000089 -0.508205771 0.769999981 0.0540000089 -0.678205788 0.779999971 0.0540000089 -0.4782058 0.779999971 0.0540000089 -0.678205788 0.779999971 0.0540000089 -0.658205807 0.800000012 0.0540000089 -0.4782058 0.779999971 0.0540000089 -0.658205807 0.800000012 0.0540000089 -0.498205811 0.800000012 0.0540000089 -0.4782058 0.550000012 0.0540000089 -0.508205771 0.769999981 0.0540000089 -0.4782058 0.779999971 0.0540000089 -0.508205771 0.769999981 0.0540000089 -0.4782058 0.550000012 0.0540000089 -0.508205771 0.5 0.0540000089 -0.378205806 0.550000012 0.0540000089 -0.508205771 0.5 0.0540000089 -0.4782058 0.550000012 0.0540000089 -0.508205771 0.5 0.0540000089 -0.378205806 0.550000012 0.0540000089 -0.378205806 0.5 0.0540000089 -0.4782058 0.550000012 0.0540000089 -0.378205806 0.550000012 0.0740000233 -0.378205806 0.550000012 0.0540000089 -0.378205806 0.550000012 0.0740000233 -0.4782058 0.550000012 0.0540000089 -0.4782058 0.550000012 0.0740000233 -0.658205807 0.800000012 0.0540000089 -0.498205811 0.800000012 0.0740000233 -0.498205811 0.800000012 0.0540000089 -0.498205811 0.800000012 0.0740000233 -0.658205807 0.800000012 0.0540000089 -0.658205807 0.800000012 0.0740000233 -0.4782058 0.779999971 0.0740000233 -0.4782058 0.550000012 0.0540000089 -0.4782058 0.779999971 0.0540000089 -0.4782058 0.550000012 0.0540000089 -0.4782058 0.779999971 0.0740000233 -0.4782058 0.550000012 0.0740000233 -0.498205811 0.800000012 0.0740000233 -0.4782058 0.779999971 0.0540000089 -0.498205811 0.800000012 0.0540000089 -0.4782058 0.779999971 0.0540000089 -0.498205811 0.800000012 0.0740000233 -0.4782058 0.779999971 0.0740000233 -0.678205788 0.779999971 0.0740000233 -0.658205807 0.800000012 0.0540000089 -0.678205788 0.779999971 0.0540000089 -0.658205807 0.800000012 0.0540000089 -0.678205788 0.779999971 0.0740000233 -0.658205807 0.800000012 0.0740000233 -0.648205817 0.5 0.0540000089 -0.778205812 0.5 0.474000007 -0.778205812 0.5 0.0540000089 -0.648205817 0.5 0.0740000233 -0.778205812 0.5 0.474000007 -0.648205817 0.5 0.0540000089 -0.508205771 0.5 0.0740000233 -0.778205812 0.5 0.474000007 -0.648205817 0.5 0.0740000233 -0.778205812 0.5 0.474000007 -0.508205771 0.5 0.0740000233 -0.378205806 0.5 0.474000007 -0.508205771 0.5 0.0540000089 -0.378205806 0.5 0.474000007 -0.508205771 0.5 0.0740000233 -0.378205806 0.5 0.474000007 -0.508205771 0.5 0.0540000089 -0.378205806 0.5 0.0540000089 -0.630687773 0.595346808 0.0740000233 -0.611417711 0.595346808 0.0630000085 -0.611417711 0.595346808 0.0740000233 -0.611417711 0.595346808 0.0630000085 -0.630687773 0.595346808 0.0740000233 -0.630687773 0.595346808 0.0630000085 -0.611417711 0.636817098 0.0740000233 -0.611417711 0.595346808 0.0630000085 -0.611417711 0.636817098 0.0630000085 -0.611417711 0.595346808 0.0630000085 -0.611417711 0.636817098 0.0740000233 -0.611417711 0.595346808 0.0740000233 -0.630687773 0.595346808 0.0740000233 -0.630687773 0.636817098 0.0630000085 -0.630687773 0.595346808 0.0630000085 -0.630687773 0.636817098 0.0630000085 -0.630687773 0.595346808 0.0740000233 -0.630687773 0.636817098 0.0740000233 -0.630687773 0.636817098 0.0630000085 -0.611417711 0.636817098 0.0740000233 -0.611417711 0.636817098 0.0630000085 -0.611417711 0.636817098 0.0740000233 -0.630687773 0.636817098 0.0630000085 -0.630687773 0.636817098 0.0740000233 -0.630687773 0.636817098 0.0630000085 -0.611417711 0.595346808 0.0630000085 -0.630687773 0.595346808 0.0630000085 -0.611417711 0.595346808 0.0630000085 -0.630687773 0.636817098 0.0630000085 -0.611417711 0.636817098 0.0630000085 -0.593188226 0.614286304 0.0630000085 -0.624101698 0.62739718 0.0630000085 -0.624101698 0.614286304 0.0630000085 -0.624101698 0.62739718 0.0630000085 -0.593188226 0.614286304 0.0630000085 -0.593188226 0.62739718 0.0630000085 -0.624101698 0.62739718 0.0520000011 -0.593188226 0.614286304 0.0520000011 -0.624101698 0.614286304 0.0520000011 -0.593188226 0.614286304 0.0520000011 -0.624101698 0.62739718 0.0520000011 -0.593188226 0.62739718 0.0520000011 -0.624101698 0.614286304 0.0630000085 -0.624101698 0.62739718 0.0520000011 -0.624101698 0.614286304 0.0520000011 -0.624101698 0.62739718 0.0520000011 -0.624101698 0.614286304 0.0630000085 -0.624101698 0.62739718 0.0630000085 -0.624101698 0.62739718 0.0520000011 -0.593188226 0.62739718 0.0630000085 -0.593188226 0.62739718 0.0520000011 -0.593188226 0.62739718 0.0630000085 -0.624101698 0.62739718 0.0520000011 -0.624101698 0.62739718 0.0630000085 -0.624101698 0.614286304 0.0630000085 -0.593188226 0.614286304 0.0520000011 -0.593188226 0.614286304 0.0630000085 -0.593188226 0.614286304 0.0520000011 -0.624101698 0.614286304 0.0630000085 -0.624101698 0.614286304 0.0520000011 -0.593188226 0.62739718 0.0630000085 -0.593188226 0.614286304 0.0520000011 -0.593188226 0.62739718 0.0520000011 -0.593188226 0.614286304 0.0520000011 -0.593188226 0.62739718 0.0630000085 -0.593188226 0.614286304 0.0630000085 -0.778206229 0.400000006 0.0739999935 0.0217937492 0.400000006 0.474000007 0.0217937492 0.400000006 0.0739999935 0.0217937492 0.400000006 0.474000007 -0.778206229 0.400000006 0.0739999935 -0.778206229 0.400000006 0.474000007 -0.378206313 0.899999976 0.874000013 -0.378206313 0.550000012 0.874000013 0.0217937808 0.899999976 0.874000072 0.0217937808 0.550000012 0.874000072 0.0217937808 0.899999976 0.874000072 -0.378206313 0.550000012 0.874000013 0.0217938405 0.899999976 0.474000007 0.0217937808 0.899999976 0.874000072 0.0217938405 0.550000012 0.474000007 0.0217937808 0.550000012 0.874000072 0.0217938405 0.550000012 0.474000007 0.0217937808 0.899999976 0.874000072 0.0217937808 0.899999976 0.474000007 0.0217937808 0.550000012 0.474000007 0.0217937808 0.899999976 0.074000001 0.0217937808 0.550000012 0.074000001 0.0217937808 0.899999976 0.074000001 0.0217937808 0.550000012 0.474000007 -0.378206193 0.899999976 0.074000001 0.0217937808 0.899999976 0.074000001 -0.378206193 0.550000012 0.074000001 0.0217937808 0.550000012 0.074000001 -0.378206193 0.550000012 0.074000001 0.0217937808 0.899999976 0.074000001 -1.25320601 9.30617361e-09 0.596129179 -1.34820604 2.44899789e-09 0.61612922 -1.32820606 4.40819381e-09 0.596129179 -1.34820604 2.44899789e-09 0.61612922 -1.25320601 9.30617361e-09 0.596129179 -1.23320603 9.95923521e-09 0.61612922 -1.34820604 2.44899789e-09 0.61612922 -1.23320603 9.95923521e-09 0.61612922 -1.23320603 7.51023688e-09 0.691129208 -1.34820604 2.44899789e-09 0.61612922 -1.23320603 7.51023688e-09 0.691129208 -1.34820604 0 0.691129208 -1.34820604 0 0.691129208 -1.23320603 7.51023688e-09 0.691129208 -1.25320601 5.55104274e-09 0.711129189 -1.34820604 0 0.691129208 -1.25320601 5.55104274e-09 0.711129189 -1.32820606 6.53061993e-10 0.711129189 -1.25320601 9.30617361e-09 0.396129191 -1.34820604 2.44899789e-09 0.416129202 -1.32820606 4.40819381e-09 0.396129191 -1.34820604 2.44899789e-09 0.416129202 -1.25320601 9.30617361e-09 0.396129191 -1.23320603 9.95923521e-09 0.416129202 -1.34820604 2.44899789e-09 0.416129202 -1.23320603 9.95923521e-09 0.416129202 -1.23320603 7.51023688e-09 0.49112919 -1.34820604 2.44899789e-09 0.416129202 -1.23320603 7.51023688e-09 0.49112919 -1.34820604 0 0.49112919 -1.34820604 0 0.49112919 -1.23320603 7.51023688e-09 0.49112919 -1.25320601 5.55104274e-09 0.5111292 -1.34820604 0 0.49112919 -1.25320601 5.55104274e-09 0.5111292 -1.32820606 6.53061993e-10 0.5111292 -1.17820597 0.899999976 0.474000007 -1.17820597 0.550000012 0.474000007 -1.17820597 0.899999976 0.874000013 -1.17820597 0.550000012 0.874000013 -1.17820597 0.899999976 0.874000013 -1.17820597 0.550000012 0.474000007 -0.778205872 0.899999976 0.874000013 -1.17820597 0.899999976 0.874000013 -0.778205872 0.550000012 0.874000013 -1.17820597 0.550000012 0.874000013 -0.778205872 0.550000012 0.874000013 -1.17820597 0.899999976 0.874000013 -0.378206104 0.899999976 0.874000013 -0.77820611 0.550000012 0.874000013 -0.378206104 0.550000012 0.874000013 -0.77820611 0.550000012 0.874000013 -0.378206104 0.899999976 0.874000013 -0.77820611 0.899999976 0.874000013 -0.925864518 0.902299881 -0.120999999 -0.984041989 1.20114994 -0.240164205 -0.934682488 1.20114994 -0.120999999 -0.984041989 1.20114994 -0.00183577801 -0.925864518 0.902299881 -0.120999999 -0.934682488 1.20114994 -0.120999999 -0.984041989 1.20114994 -0.240164205 -0.925864518 0.902299881 -0.120999999 -0.977806628 0.902299881 -0.246399507 -0.925864518 0.902299881 -0.120999999 -0.984041989 1.20114994 -0.00183577801 -0.977806628 0.902299881 0.00439955993 -0.977806628 0.902299881 -0.246399507 -1.10320604 1.20114994 -0.289523602 -0.984041989 1.20114994 -0.240164205 -1.10320604 1.20114994 -0.289523602 -0.977806628 0.902299881 -0.246399507 -1.10320604 0.902299881 -0.298341691 -1.10320604 1.20114994 0.0475236289 -0.977806628 0.902299881 0.00439955993 -0.984041989 1.20114994 -0.00183577801 -0.977806628 0.902299881 0.00439955993 -1.10320604 1.20114994 0.0475236289 -1.10320604 0.902299881 0.0563417301 -1.10320604 0.902299881 -0.298341691 -1.22237003 1.20114994 -0.240164205 -1.10320604 1.20114994 -0.289523602 -1.22237003 1.20114994 -0.240164205 -1.10320604 0.902299881 -0.298341691 -1.22860599 0.902299881 -0.246399507 -1.28054798 0.902299881 -0.120999999 -1.22237003 1.20114994 -0.240164205 -1.22860599 0.902299881 -0.246399507 -1.22237003 1.20114994 -0.240164205 -1.28054798 0.902299881 -0.120999999 -1.27172995 1.20114994 -0.120999999 -1.10320604 1.20114994 0.0475236289 -1.22860599 0.902299881 0.00439955993 -1.10320604 0.902299881 0.0563417301 -1.22860599 0.902299881 0.00439955993 -1.27172995 1.20114994 -0.120999999 -1.28054798 0.902299881 -0.120999999 -1.22860599 0.902299881 0.00439955993 -1.10320604 1.20114994 0.0475236289 -1.22237003 1.20114994 -0.00183577801 -1.27172995 1.20114994 -0.120999999 -1.22860599 0.902299881 0.00439955993 -1.22237003 1.20114994 -0.00183577801 -1.25850296 1.64942503 -0.120999999 -1.21925306 1.35057497 -0.00495345891 -1.21301699 1.64942503 -0.0111888004 -1.21925306 1.35057497 -0.00495345891 -1.10320604 1.64942503 0.0342964903 -1.21301699 1.64942503 -0.0111888004 -1.21925306 1.35057497 -0.00495345891 -1.25850296 1.64942503 -0.120999999 -1.26732099 1.35057497 -0.120999999 -1.10320604 1.64942503 0.0342964903 -1.21925306 1.35057497 -0.00495345891 -1.10320604 1.35057497 0.0431145802 -1.21301699 1.64942503 -0.230811104 -1.26732099 1.35057497 -0.120999999 -1.25850296 1.64942503 -0.120999999 -1.26732099 1.35057497 -0.120999999 -1.21301699 1.64942503 -0.230811104 -1.21925306 1.35057497 -0.237046495 -1.21301699 1.64942503 -0.230811104 -1.10320604 1.35057497 -0.285114497 -1.21925306 1.35057497 -0.237046495 -1.10320604 1.35057497 -0.285114497 -1.21301699 1.64942503 -0.230811104 -1.10320604 1.64942503 -0.276296407 -1.10320604 1.64942503 -0.276296407 -0.987159729 1.35057497 -0.237046495 -1.10320604 1.35057497 -0.285114497 -0.987159729 1.35057497 -0.237046495 -1.10320604 1.64942503 -0.276296407 -0.993394971 1.64942503 -0.230811104 -1.10320604 1.35057497 0.0431145802 -0.993394971 1.64942503 -0.0111888004 -1.10320604 1.64942503 0.0342964903 -0.993394971 1.64942503 -0.0111888004 -1.10320604 1.35057497 0.0431145802 -0.987159729 1.35057497 -0.00495345891 -0.993394971 1.64942503 -0.230811104 -0.939091623 1.35057497 -0.120999999 -0.987159729 1.35057497 -0.237046495 -0.939091623 1.35057497 -0.120999999 -0.993394971 1.64942503 -0.0111888004 -0.987159729 1.35057497 -0.00495345891 -0.939091623 1.35057497 -0.120999999 -0.993394971 1.64942503 -0.230811104 -0.947909713 1.64942503 -0.120999999 -0.993394971 1.64942503 -0.0111888004 -0.939091623 1.35057497 -0.120999999 -0.947909713 1.64942503 -0.120999999 -0.778205693 0.899999976 0.0739998817 -1.17820597 0.550000012 0.0739999413 -1.17820597 0.899999976 0.0739999413 -1.17820597 0.550000012 0.0739999413 -0.778205693 0.899999976 0.0739998817 -0.778205693 0.550000012 0.0739998817 -1.17820597 0.899999976 0.0739999413 -1.17820597 0.670000017 0.173999995 -1.17820597 0.779999971 0.173999995 -1.17820597 0.899999976 0.0739999413 -1.17820597 0.779999971 0.173999995 -1.17820597 0.800000012 0.194000006 -1.17820597 0.550000012 0.0739999413 -1.17820597 0.670000017 0.173999995 -1.17820597 0.899999976 0.0739999413 -1.17820597 0.670000017 0.173999995 -1.17820597 0.550000012 0.0739999413 -1.17820597 0.649999976 0.194000006 -1.17820597 0.649999976 0.194000006 -1.17820597 0.550000012 0.0739999413 -1.17820597 0.649999976 0.354000002 -1.17820597 0.550000012 0.474000096 -1.17820597 0.649999976 0.354000002 -1.17820597 0.550000012 0.0739999413 -1.17820597 0.649999976 0.354000002 -1.17820597 0.550000012 0.474000096 -1.17820597 0.670000017 0.374000013 -1.17820597 0.899999976 0.0739999413 -1.17820597 0.800000012 0.194000006 -1.17820597 0.899999976 0.474000096 -1.17820597 0.670000017 0.374000013 -1.17820597 0.550000012 0.474000096 -1.17820597 0.899999976 0.474000096 -1.17820597 0.800000012 0.354000002 -1.17820597 0.899999976 0.474000096 -1.17820597 0.800000012 0.194000006 -1.17820597 0.670000017 0.374000013 -1.17820597 0.899999976 0.474000096 -1.17820597 0.779999971 0.374000013 -1.17820597 0.779999971 0.374000013 -1.17820597 0.899999976 0.474000096 -1.17820597 0.800000012 0.354000002 -0.778205812 0.899999976 0.0740000233 -0.678205788 0.550000012 0.0740000233 -0.778205812 0.550000012 0.0740000233 -0.678205788 0.550000012 0.0740000233 -0.778205812 0.899999976 0.0740000233 -0.678205788 0.779999971 0.0740000233 -0.678205788 0.779999971 0.0740000233 -0.778205812 0.899999976 0.0740000233 -0.658205807 0.800000012 0.0740000233 -0.658205807 0.800000012 0.0740000233 -0.778205812 0.899999976 0.0740000233 -0.498205811 0.800000012 0.0740000233 -0.378205806 0.899999976 0.0740000233 -0.498205811 0.800000012 0.0740000233 -0.778205812 0.899999976 0.0740000233 -0.378205806 0.899999976 0.0740000233 -0.4782058 0.779999971 0.0740000233 -0.498205811 0.800000012 0.0740000233 -0.378205806 0.550000012 0.0740000233 -0.4782058 0.779999971 0.0740000233 -0.378205806 0.899999976 0.0740000233 -0.4782058 0.779999971 0.0740000233 -0.378205806 0.550000012 0.0740000233 -0.4782058 0.550000012 0.0740000233 -0.958206117 1.10000002 0.674000025 -0.958206117 0.949999988 0.273999989 -0.958206117 0.949999988 0.674000025 -0.958206117 0.949999988 0.273999989 -0.958206117 1.10000002 0.674000025 -0.958206117 1 0.273999989 -0.658206105 1 0.2739999 -0.658205986 0.949999988 0.674000025 -0.658206105 0.949999988 0.2739999 -0.658205986 0.949999988 0.674000025 -0.658206105 1 0.2739999 -0.658205986 1.10000002 0.674000025 -0.718205988 1.06604505 0.620642126 -0.718206108 1.014552 0.332208514 -0.718206108 0.995149314 0.3370592 -0.718206108 1.014552 0.332208514 -0.718205988 1.06604505 0.620642126 -0.718206108 1.02985096 0.393402815 -0.718206108 1.02985096 0.393402815 -0.718205988 1.06604505 0.620642126 -0.718206108 1.03470099 0.412805587 -0.718206108 1.03470099 0.412805587 -0.718205988 1.06604505 0.620642126 -0.718205988 1.06529903 0.535194278 -0.718205988 1.06529903 0.535194278 -0.718205988 1.06604505 0.620642126 -0.718205988 1.07014894 0.55459708 -0.718205988 1.07014894 0.55459708 -0.718205988 1.06604505 0.620642126 -0.718205988 1.08544803 0.61579138 -0.898206115 1.014552 0.332208514 -0.898206115 1.06604505 0.620642185 -0.898206115 0.995149314 0.337059289 -0.898206115 1.06604505 0.620642185 -0.898206115 1.014552 0.332208514 -0.898206115 1.02985096 0.393402815 -0.898206115 1.06604505 0.620642185 -0.898206115 1.02985096 0.393402815 -0.898206115 1.03470099 0.412805706 -0.898206115 1.06604505 0.620642185 -0.898206115 1.03470099 0.412805706 -0.898206115 1.06529903 0.535194278 -0.898206115 1.06604505 0.620642185 -0.898206115 1.06529903 0.535194278 -0.898206115 1.07014894 0.55459708 -0.898206115 1.06604505 0.620642185 -0.898206115 1.07014894 0.55459708 -0.898206115 1.08544803 0.61579138 -0.718206108 0.995149314 0.3370592 -0.898206115 1.014552 0.332208514 -0.898206115 0.995149314 0.337059289 -0.898206115 1.014552 0.332208514 -0.718206108 0.995149314 0.3370592 -0.718206108 1.014552 0.332208514 -0.658205986 0.949999988 0.674000025 -0.958206117 1.10000002 0.674000025 -0.958206117 0.949999988 0.674000025 -0.958206117 1.10000002 0.674000025 -0.658205986 0.949999988 0.674000025 -0.658205986 1.10000002 0.674000025 -0.658206105 1 0.2739999 -0.958206117 0.949999988 0.273999989 -0.958206117 1 0.273999989 -0.958206117 0.949999988 0.273999989 -0.658206105 1 0.2739999 -0.658206105 0.949999988 0.2739999 -0.718205988 1.08544803 0.61579138 -0.898206115 1.06604505 0.620642185 -0.898206115 1.08544803 0.61579138 -0.898206115 1.06604505 0.620642185 -0.718205988 1.08544803 0.61579138 -0.718205988 1.06604505 0.620642126 -0.658205986 1.10000002 0.674000025 -0.678206086 1.00970101 0.312805712 -0.678206086 1.09029901 0.635194302 -0.658205986 1.10000002 0.674000025 -0.678206086 1.09029901 0.635194302 -0.698206127 1.09514904 0.654597223 -0.658206105 1 0.2739999 -0.678206086 1.00970101 0.312805712 -0.658205986 1.10000002 0.674000025 -0.678206086 1.00970101 0.312805712 -0.658206105 1 0.2739999 -0.698206127 1.00485098 0.293402791 -0.698206127 1.00485098 0.293402791 -0.658206105 1 0.2739999 -0.918206096 1.00485098 0.293402791 -0.958206117 1 0.273999989 -0.918206096 1.00485098 0.293402791 -0.658206105 1 0.2739999 -0.918206096 1.00485098 0.293402791 -0.958206117 1 0.273999989 -0.938206077 1.00970101 0.312805712 -0.658205986 1.10000002 0.674000025 -0.698206127 1.09514904 0.654597223 -0.958206117 1.10000002 0.674000025 -0.938206077 1.00970101 0.312805712 -0.958206117 1 0.273999989 -0.958206117 1.10000002 0.674000025 -0.918206096 1.09514904 0.654597223 -0.958206117 1.10000002 0.674000025 -0.698206127 1.09514904 0.654597223 -0.938206077 1.00970101 0.312805712 -0.958206117 1.10000002 0.674000025 -0.938206077 1.09029901 0.635194302 -0.938206077 1.09029901 0.635194302 -0.958206117 1.10000002 0.674000025 -0.918206096 1.09514904 0.654597223 -0.898206115 1.07014894 0.55459708 -0.918206096 1.09029901 0.635194302 -0.898206115 1.08544803 0.61579138 -0.898206115 1.08544803 0.61579138 -0.918206096 1.09029901 0.635194302 -0.718205988 1.08544803 0.61579138 -0.698206127 1.09029901 0.635194302 -0.718205988 1.08544803 0.61579138 -0.918206096 1.09029901 0.635194302 -0.698206127 1.09029901 0.635194302 -0.718205988 1.07014894 0.55459708 -0.718205988 1.08544803 0.61579138 -0.718205988 1.06529903 0.535194278 -0.898206115 1.07014894 0.55459708 -0.718205988 1.07014894 0.55459708 -0.698206127 1.09029901 0.635194302 -0.718205988 1.06529903 0.535194278 -0.718205988 1.07014894 0.55459708 -0.898206115 1.07014894 0.55459708 -0.718205988 1.06529903 0.535194278 -0.898206115 1.06529903 0.535194278 -0.898206115 1.06529903 0.535194278 -0.918206096 1.09029901 0.635194302 -0.898206115 1.07014894 0.55459708 -0.698206127 1.09029901 0.635194302 -0.718206108 1.03470099 0.412805587 -0.718205988 1.06529903 0.535194278 -0.898206115 1.03470099 0.412805706 -0.918206096 1.09029901 0.635194302 -0.898206115 1.06529903 0.535194278 -0.718206108 1.02985096 0.393402815 -0.898206115 1.03470099 0.412805706 -0.718206108 1.03470099 0.412805587 -0.698206127 1.09029901 0.635194302 -0.718206108 1.02985096 0.393402815 -0.718206108 1.03470099 0.412805587 -0.898206115 1.03470099 0.412805706 -0.718206108 1.02985096 0.393402815 -0.898206115 1.02985096 0.393402815 -0.898206115 1.02985096 0.393402815 -0.918206096 1.09029901 0.635194302 -0.898206115 1.03470099 0.412805706 -0.698206127 1.09029901 0.635194302 -0.718206108 1.014552 0.332208514 -0.718206108 1.02985096 0.393402815 -0.718206108 1.014552 0.332208514 -0.698206127 1.09029901 0.635194302 -0.698206127 1.00970101 0.312805712 -0.898206115 1.014552 0.332208514 -0.918206096 1.09029901 0.635194302 -0.898206115 1.02985096 0.393402815 -0.698206127 1.00970101 0.312805712 -0.898206115 1.014552 0.332208514 -0.718206108 1.014552 0.332208514 -0.898206115 1.014552 0.332208514 -0.918206096 1.00970101 0.312805712 -0.918206096 1.09029901 0.635194302 -0.918206096 1.00970101 0.312805712 -0.898206115 1.014552 0.332208514 -0.698206127 1.00970101 0.312805712 -0.49820599 1.10000002 0.674000025 -0.498206109 0.949999988 0.273999989 -0.49820599 0.949999988 0.674000025 -0.498206109 0.949999988 0.273999989 -0.49820599 1.10000002 0.674000025 -0.498206109 1 0.273999989 -0.198206097 1 0.2739999 -0.198205993 0.949999988 0.674000025 -0.198206097 0.949999988 0.2739999 -0.198205993 0.949999988 0.674000025 -0.198206097 1 0.2739999 -0.198205993 1.10000002 0.674000025 -0.25820601 1.06604505 0.620642126 -0.258206099 1.014552 0.332208514 -0.258206099 0.995149314 0.3370592 -0.258206099 1.014552 0.332208514 -0.25820601 1.06604505 0.620642126 -0.25820601 1.02985096 0.393402815 -0.25820601 1.02985096 0.393402815 -0.25820601 1.06604505 0.620642126 -0.25820601 1.03470099 0.412805587 -0.25820601 1.03470099 0.412805587 -0.25820601 1.06604505 0.620642126 -0.25820601 1.06529903 0.535194278 -0.25820601 1.06529903 0.535194278 -0.25820601 1.06604505 0.620642126 -0.25820601 1.07014894 0.55459708 -0.25820601 1.07014894 0.55459708 -0.25820601 1.06604505 0.620642126 -0.25820601 1.08544803 0.61579138 -0.438206106 1.014552 0.332208514 -0.438205987 1.06604505 0.620642185 -0.438206106 0.995149314 0.337059289 -0.438205987 1.06604505 0.620642185 -0.438206106 1.014552 0.332208514 -0.438205987 1.02985096 0.393402815 -0.438205987 1.06604505 0.620642185 -0.438205987 1.02985096 0.393402815 -0.438205987 1.03470099 0.412805706 -0.438205987 1.06604505 0.620642185 -0.438205987 1.03470099 0.412805706 -0.438205987 1.06529903 0.535194278 -0.438205987 1.06604505 0.620642185 -0.438205987 1.06529903 0.535194278 -0.438205987 1.07014894 0.55459708 -0.438205987 1.06604505 0.620642185 -0.438205987 1.07014894 0.55459708 -0.438205987 1.08544803 0.61579138 -0.258206099 0.995149314 0.3370592 -0.438206106 1.014552 0.332208514 -0.438206106 0.995149314 0.337059289 -0.438206106 1.014552 0.332208514 -0.258206099 0.995149314 0.3370592 -0.258206099 1.014552 0.332208514 -0.198205993 0.949999988 0.674000025 -0.49820599 1.10000002 0.674000025 -0.49820599 0.949999988 0.674000025 -0.49820599 1.10000002 0.674000025 -0.198205993 0.949999988 0.674000025 -0.198205993 1.10000002 0.674000025 -0.198206097 1 0.2739999 -0.498206109 0.949999988 0.273999989 -0.498206109 1 0.273999989 -0.498206109 0.949999988 0.273999989 -0.198206097 1 0.2739999 -0.198206097 0.949999988 0.2739999 -0.25820601 1.08544803 0.61579138 -0.438205987 1.06604505 0.620642185 -0.438205987 1.08544803 0.61579138 -0.438205987 1.06604505 0.620642185 -0.25820601 1.08544803 0.61579138 -0.25820601 1.06604505 0.620642126 -0.198205993 1.10000002 0.674000025 -0.218206003 1.00970101 0.312805712 -0.218206003 1.09029901 0.635194302 -0.198205993 1.10000002 0.674000025 -0.218206003 1.09029901 0.635194302 -0.238205999 1.09514904 0.654597223 -0.198206097 1 0.2739999 -0.218206003 1.00970101 0.312805712 -0.198205993 1.10000002 0.674000025 -0.218206003 1.00970101 0.312805712 -0.198206097 1 0.2739999 -0.238206103 1.00485098 0.293402791 -0.238206103 1.00485098 0.293402791 -0.198206097 1 0.2739999 -0.458206087 1.00485098 0.293402791 -0.498206109 1 0.273999989 -0.458206087 1.00485098 0.293402791 -0.198206097 1 0.2739999 -0.458206087 1.00485098 0.293402791 -0.498206109 1 0.273999989 -0.478206098 1.00970101 0.312805712 -0.198205993 1.10000002 0.674000025 -0.238205999 1.09514904 0.654597223 -0.49820599 1.10000002 0.674000025 -0.478206098 1.00970101 0.312805712 -0.498206109 1 0.273999989 -0.49820599 1.10000002 0.674000025 -0.458205998 1.09514904 0.654597223 -0.49820599 1.10000002 0.674000025 -0.238205999 1.09514904 0.654597223 -0.478206098 1.00970101 0.312805712 -0.49820599 1.10000002 0.674000025 -0.478206009 1.09029901 0.635194302 -0.478206009 1.09029901 0.635194302 -0.49820599 1.10000002 0.674000025 -0.458205998 1.09514904 0.654597223 -0.438205987 1.07014894 0.55459708 -0.458205998 1.09029901 0.635194302 -0.438205987 1.08544803 0.61579138 -0.438205987 1.08544803 0.61579138 -0.458205998 1.09029901 0.635194302 -0.25820601 1.08544803 0.61579138 -0.238205999 1.09029901 0.635194302 -0.25820601 1.08544803 0.61579138 -0.458205998 1.09029901 0.635194302 -0.238205999 1.09029901 0.635194302 -0.25820601 1.07014894 0.55459708 -0.25820601 1.08544803 0.61579138 -0.25820601 1.06529903 0.535194278 -0.438205987 1.07014894 0.55459708 -0.25820601 1.07014894 0.55459708 -0.238205999 1.09029901 0.635194302 -0.25820601 1.06529903 0.535194278 -0.25820601 1.07014894 0.55459708 -0.438205987 1.07014894 0.55459708 -0.25820601 1.06529903 0.535194278 -0.438205987 1.06529903 0.535194278 -0.438205987 1.06529903 0.535194278 -0.458205998 1.09029901 0.635194302 -0.438205987 1.07014894 0.55459708 -0.238205999 1.09029901 0.635194302 -0.25820601 1.03470099 0.412805587 -0.25820601 1.06529903 0.535194278 -0.438205987 1.03470099 0.412805706 -0.458205998 1.09029901 0.635194302 -0.438205987 1.06529903 0.535194278 -0.25820601 1.02985096 0.393402815 -0.438205987 1.03470099 0.412805706 -0.25820601 1.03470099 0.412805587 -0.238205999 1.09029901 0.635194302 -0.25820601 1.02985096 0.393402815 -0.25820601 1.03470099 0.412805587 -0.438205987 1.03470099 0.412805706 -0.25820601 1.02985096 0.393402815 -0.438205987 1.02985096 0.393402815 -0.438205987 1.02985096 0.393402815 -0.458205998 1.09029901 0.635194302 -0.438205987 1.03470099 0.412805706 -0.238205999 1.09029901 0.635194302 -0.258206099 1.014552 0.332208514 -0.25820601 1.02985096 0.393402815 -0.258206099 1.014552 0.332208514 -0.238205999 1.09029901 0.635194302 -0.238206103 1.00970101 0.312805712 -0.438206106 1.014552 0.332208514 -0.458205998 1.09029901 0.635194302 -0.438205987 1.02985096 0.393402815 -0.238206103 1.00970101 0.312805712 -0.438206106 1.014552 0.332208514 -0.258206099 1.014552 0.332208514 -0.438206106 1.014552 0.332208514 -0.458206087 1.00970101 0.312805712 -0.458205998 1.09029901 0.635194302 -0.458206087 1.00970101 0.312805712 -0.438206106 1.014552 0.332208514 -0.238206103 1.00970101 0.312805712 0.0217938293 0.400000006 0.474000007 0.0217938293 0.0500000007 0.474000007 0.421793908 0.400000006 0.474000096 0.421793908 0.0500000007 0.474000096 0.421793908 0.400000006 0.474000096 0.0217938293 0.0500000007 0.474000007 0.421793908 0.400000006 0.0740000233 0.421793908 0.400000006 0.474000096 0.421793908 0.0500000007 0.0740000233 0.421793908 0.0500000007 0.474000096 0.421793908 0.0500000007 0.0740000233 0.421793908 0.400000006 0.474000096 -0.378206313 0.400000006 0.874000013 -0.378206313 0.0500000007 0.874000013 0.0217937808 0.400000006 0.874000072 0.0217937808 0.0500000007 0.874000072 0.0217937808 0.400000006 0.874000072 -0.378206313 0.0500000007 0.874000013 0.0217938405 0.400000006 0.474000007 0.0217937808 0.400000006 0.874000072 0.0217938405 0.0500000007 0.474000007 0.0217937808 0.0500000007 0.874000072 0.0217938405 0.0500000007 0.474000007 0.0217937808 0.400000006 0.874000072 -0.778205872 0.400000006 0.0739999712 -0.778205872 0.0500000007 0.0739999712 -1.17820597 0.400000006 0.0740000308 -1.17820597 0.0500000007 0.0740000308 -1.17820597 0.400000006 0.0740000308 -0.778205872 0.0500000007 0.0739999712 -1.17820597 0.400000006 0.474000096 -1.17820597 0.400000006 0.0740000308 -1.17820597 0.0500000007 0.474000096 -1.17820597 0.0500000007 0.0740000308 -1.17820597 0.0500000007 0.474000096 -1.17820597 0.400000006 0.0740000308 -1.17820597 0.400000006 0.474000007 -1.17820597 0.0500000007 0.474000007 -1.17820597 0.400000006 0.874000013 -1.17820597 0.0500000007 0.874000013 -1.17820597 0.400000006 0.874000013 -1.17820597 0.0500000007 0.474000007 -0.778205872 0.400000006 0.874000013 -1.17820597 0.400000006 0.874000013 -0.778205872 0.0500000007 0.874000013 -1.17820597 0.0500000007 0.874000013 -0.778205872 0.0500000007 0.874000013 -1.17820597 0.400000006 0.874000013 -0.378206104 0.400000006 0.874000013 -0.77820611 0.0500000007 0.874000013 -0.378206104 0.0500000007 0.874000013 -0.77820611 0.0500000007 0.874000013 -0.378206104 0.400000006 0.874000013 -0.77820611 0.400000006 0.874000013 -0.0282061808 0.899999976 0.123999998 -0.378206313 0.899999976 0.474000007 -0.0282062292 0.899999976 0.474000007 -0.378206313 0.899999976 0.474000007 -0.0282061808 0.899999976 0.123999998 -0.378206193 0.899999976 0.123999998 -0.0282062106 0.899999976 0.824000001 -0.378206193 0.899999976 0.474000007 -0.378206193 0.899999976 0.824000001 -0.378206193 0.899999976 0.474000007 -0.0282062106 0.899999976 0.824000001 -0.0282062106 0.899999976 0.474000007 0.0217940398 0.5 0.0740000829 -0.378206015 0.5 -0.275999993 -0.378206015 0.5 0.0740000233 -0.378206015 0.5 -0.275999993 0.0217940398 0.5 0.0740000829 0.0217940807 0.5 -0.275999993 0.371793896 0.5 -0.275999993 0.0217938293 0.5 0.0740000233 0.371793896 0.5 0.0740000606 0.0217938293 0.5 0.0740000233 0.371793896 0.5 -0.275999993 0.0217938703 0.5 -0.275999993 -0.728206277 0.5 -0.275999993 -0.378206313 0.5 0.0740000233 -0.378206313 0.5 -0.275999993 -0.378206313 0.5 0.0740000233 -0.728206277 0.5 -0.275999993 -0.728206277 0.5 0.0740000233 0.0217938405 0.5 0.423999995 0.371793896 0.5 0.423999995 0.0217938907 0.5 0.0739999637 0.371793896 0.5 0.074000001 0.0217938907 0.5 0.0739999637 0.371793896 0.5 0.423999995 -1.12820601 0.899999976 0.82400012 -0.778205872 0.899999976 0.474000007 -1.12820601 0.899999976 0.474000007 -0.778205872 0.899999976 0.474000007 -1.12820601 0.899999976 0.82400012 -0.778205872 0.899999976 0.824000001 -1.12820601 0.899999976 0.123999998 -0.778205872 0.899999976 0.474000007 -0.778205872 0.899999976 0.123999998 -0.778205872 0.899999976 0.474000007 -1.12820601 0.899999976 0.123999998 -1.12820601 0.899999976 0.474000007 -0.378206104 0.899999976 0.474000007 -0.77820611 0.899999976 0.123999998 -0.77820611 0.899999976 0.474000007 -0.77820611 0.899999976 0.123999998 -0.378206104 0.899999976 0.474000007 -0.378206015 0.899999976 0.123999998 -0.77820611 0.899999976 0.474000007 -0.378206015 0.899999976 0.824000001 -0.378206104 0.899999976 0.474000007 -0.378206015 0.899999976 0.824000001 -0.77820611 0.899999976 0.474000007 -0.77820611 0.899999976 0.82400012 -0.979576707 1.92499995 0.00262948894 -1.10320604 1.8125 0.0538384803 -0.979576707 1.8125 0.00262948894 -1.10320604 1.8125 0.0538384803 -0.979576707 1.92499995 0.00262948894 -1.10320604 1.92499995 0.0538384803 -1.10320604 1.92499995 -0.295838386 -0.979576707 1.8125 -0.244629398 -1.10320604 1.8125 -0.295838386 -0.979576707 1.8125 -0.244629398 -1.10320604 1.92499995 -0.295838386 -0.979576707 1.92499995 -0.244629398 -0.979576707 1.8125 0.00262948894 -0.979576707 1.8125 -0.244629398 -0.928367674 1.8125 -0.120999999 -0.979576707 1.8125 -0.244629398 -0.979576707 1.8125 0.00262948894 -1.10320604 1.8125 0.0538384803 -0.979576707 1.8125 -0.244629398 -1.10320604 1.8125 0.0538384803 -1.10320604 1.8125 -0.295838386 -1.10320604 1.8125 -0.295838386 -1.10320604 1.8125 0.0538384803 -1.22683597 1.8125 0.00262948894 -1.10320604 1.8125 -0.295838386 -1.22683597 1.8125 0.00262948894 -1.22683597 1.8125 -0.244629398 -1.22683597 1.8125 -0.244629398 -1.22683597 1.8125 0.00262948894 -1.27804494 1.8125 -0.120999999 -0.979576707 1.92499995 0.00262948894 -0.928367674 1.8125 -0.120999999 -0.928367674 1.92499995 -0.120999999 -0.928367674 1.8125 -0.120999999 -0.979576707 1.92499995 0.00262948894 -0.979576707 1.8125 0.00262948894 -1.01401806 1.86874998 -0.210187897 -1.01401806 1.86874998 -0.0318120196 -0.977075279 1.86874998 -0.120999999 -1.01401806 1.86874998 -0.0318120196 -1.01401806 1.86874998 -0.210187897 -1.10320604 1.86874998 -0.247130796 -1.01401806 1.86874998 -0.0318120196 -1.10320604 1.86874998 -0.247130796 -1.10320604 1.86874998 0.00513083488 -1.10320604 1.86874998 0.00513083488 -1.10320604 1.86874998 -0.247130796 -1.19239402 1.86874998 -0.210187897 -1.10320604 1.86874998 0.00513083488 -1.19239402 1.86874998 -0.210187897 -1.19239402 1.86874998 -0.0318120196 -1.19239402 1.86874998 -0.0318120196 -1.19239402 1.86874998 -0.210187897 -1.22933698 1.86874998 -0.120999999 -1.22683597 1.92499995 -0.244629398 -1.10320604 1.8125 -0.295838386 -1.22683597 1.8125 -0.244629398 -1.10320604 1.8125 -0.295838386 -1.22683597 1.92499995 -0.244629398 -1.10320604 1.92499995 -0.295838386 -1.27804494 1.8125 -0.120999999 -1.22683597 1.92499995 -0.244629398 -1.22683597 1.8125 -0.244629398 -1.22683597 1.92499995 -0.244629398 -1.27804494 1.8125 -0.120999999 -1.27804494 1.92499995 -0.120999999 -1.22683597 1.8125 0.00262948894 -1.27804494 1.92499995 -0.120999999 -1.27804494 1.8125 -0.120999999 -1.27804494 1.92499995 -0.120999999 -1.22683597 1.8125 0.00262948894 -1.22683597 1.92499995 0.00262948894 -1.10320604 1.92499995 0.0538384803 -1.22683597 1.8125 0.00262948894 -1.10320604 1.8125 0.0538384803 -1.22683597 1.8125 0.00262948894 -1.10320604 1.92499995 0.0538384803 -1.22683597 1.92499995 0.00262948894 -0.928367674 1.92499995 -0.120999999 -0.979576707 1.8125 -0.244629398 -0.979576707 1.92499995 -0.244629398 -0.979576707 1.8125 -0.244629398 -0.928367674 1.92499995 -0.120999999 -0.928367674 1.8125 -0.120999999 -1.19239402 1.92499995 -0.0318120196 -1.10320604 1.86874998 0.00513083488 -1.19239402 1.86874998 -0.0318120196 -1.10320604 1.86874998 0.00513083488 -1.19239402 1.92499995 -0.0318120196 -1.10320604 1.92499995 0.00513083488 -1.01401806 1.86874998 -0.0318120196 -0.977075279 1.92499995 -0.120999999 -0.977075279 1.86874998 -0.120999999 -0.977075279 1.92499995 -0.120999999 -1.01401806 1.86874998 -0.0318120196 -1.01401806 1.92499995 -0.0318120196 -0.977075279 1.86874998 -0.120999999 -1.01401806 1.92499995 -0.210187897 -1.01401806 1.86874998 -0.210187897 -1.01401806 1.92499995 -0.210187897 -0.977075279 1.86874998 -0.120999999 -0.977075279 1.92499995 -0.120999999 -1.19239402 1.92499995 -0.0318120196 -1.22933698 1.86874998 -0.120999999 -1.22933698 1.92499995 -0.120999999 -1.22933698 1.86874998 -0.120999999 -1.19239402 1.92499995 -0.0318120196 -1.19239402 1.86874998 -0.0318120196 -1.10320604 1.92499995 0.00513083488 -1.01401806 1.86874998 -0.0318120196 -1.10320604 1.86874998 0.00513083488 -1.01401806 1.86874998 -0.0318120196 -1.10320604 1.92499995 0.00513083488 -1.01401806 1.92499995 -0.0318120196 -1.01401806 1.92499995 -0.210187897 -1.10320604 1.86874998 -0.247130796 -1.01401806 1.86874998 -0.210187897 -1.10320604 1.86874998 -0.247130796 -1.01401806 1.92499995 -0.210187897 -1.10320604 1.92499995 -0.247130796 -1.22933698 1.92499995 -0.120999999 -1.19239402 1.86874998 -0.210187897 -1.19239402 1.92499995 -0.210187897 -1.19239402 1.86874998 -0.210187897 -1.22933698 1.92499995 -0.120999999 -1.22933698 1.86874998 -0.120999999 -1.10320604 1.92499995 -0.247130796 -1.19239402 1.86874998 -0.210187897 -1.10320604 1.86874998 -0.247130796 -1.19239402 1.86874998 -0.210187897 -1.10320604 1.92499995 -0.247130796 -1.19239402 1.92499995 -0.210187897 -1.22933698 1.92499995 -0.120999999 -1.22683597 1.92499995 -0.244629398 -1.27804494 1.92499995 -0.120999999 -1.22683597 1.92499995 0.00262948894 -1.22933698 1.92499995 -0.120999999 -1.27804494 1.92499995 -0.120999999 -1.19239402 1.92499995 -0.210187897 -1.22683597 1.92499995 -0.244629398 -1.22933698 1.92499995 -0.120999999 -1.22683597 1.92499995 0.00262948894 -1.19239402 1.92499995 -0.0318120196 -1.22933698 1.92499995 -0.120999999 -1.10320604 1.92499995 -0.247130796 -1.22683597 1.92499995 -0.244629398 -1.19239402 1.92499995 -0.210187897 -1.10320604 1.92499995 -0.247130796 -1.10320604 1.92499995 -0.295838386 -1.22683597 1.92499995 -0.244629398 -1.01401806 1.92499995 -0.210187897 -1.10320604 1.92499995 -0.295838386 -1.10320604 1.92499995 -0.247130796 -1.01401806 1.92499995 -0.210187897 -0.979576707 1.92499995 -0.244629398 -1.10320604 1.92499995 -0.295838386 -1.10320604 1.92499995 0.0538384803 -1.19239402 1.92499995 -0.0318120196 -1.22683597 1.92499995 0.00262948894 -1.10320604 1.92499995 0.0538384803 -1.10320604 1.92499995 0.00513083488 -1.19239402 1.92499995 -0.0318120196 -1.10320604 1.92499995 0.0538384803 -1.01401806 1.92499995 -0.0318120196 -1.10320604 1.92499995 0.00513083488 -0.979576707 1.92499995 0.00262948894 -1.01401806 1.92499995 -0.0318120196 -1.10320604 1.92499995 0.0538384803 -0.977075279 1.92499995 -0.120999999 -0.979576707 1.92499995 -0.244629398 -1.01401806 1.92499995 -0.210187897 -0.979576707 1.92499995 0.00262948894 -0.977075279 1.92499995 -0.120999999 -1.01401806 1.92499995 -0.0318120196 -0.979576707 1.92499995 -0.244629398 -0.977075279 1.92499995 -0.120999999 -0.928367674 1.92499995 -0.120999999 -0.977075279 1.92499995 -0.120999999 -0.979576707 1.92499995 0.00262948894 -0.928367674 1.92499995 -0.120999999 -1.26230502 2.70716812e-16 0.0380990393 -1.32820606 0.112499997 -0.120999999 -1.32820606 2.70716812e-16 -0.120999999 -1.32820606 0.112499997 -0.120999999 -1.26230502 2.70716812e-16 0.0380990393 -1.26230502 0.112499997 0.0380990393 -1.10320604 0.112499997 0.104000002 -1.26230502 2.70716812e-16 0.0380990393 -1.10320604 2.70716812e-16 0.104000002 -1.26230502 2.70716812e-16 0.0380990393 -1.10320604 0.112499997 0.104000002 -1.26230502 0.112499997 0.0380990393 -0.944107175 0.112499997 -0.280099005 -0.944107175 0.112499997 0.0380990393 -0.878206074 0.112499997 -0.120999999 -0.944107175 0.112499997 0.0380990393 -0.944107175 0.112499997 -0.280099005 -1.10320604 0.112499997 -0.345999986 -0.944107175 0.112499997 0.0380990393 -1.10320604 0.112499997 -0.345999986 -1.10320604 0.112499997 0.104000002 -1.10320604 0.112499997 0.104000002 -1.10320604 0.112499997 -0.345999986 -1.26230502 0.112499997 -0.280099005 -1.10320604 0.112499997 0.104000002 -1.26230502 0.112499997 -0.280099005 -1.26230502 0.112499997 0.0380990393 -1.26230502 0.112499997 0.0380990393 -1.26230502 0.112499997 -0.280099005 -1.32820606 0.112499997 -0.120999999 -1.32820606 2.70716812e-16 -0.120999999 -1.26230502 0.112499997 -0.280099005 -1.26230502 2.70716812e-16 -0.280099005 -1.26230502 0.112499997 -0.280099005 -1.32820606 2.70716812e-16 -0.120999999 -1.32820606 0.112499997 -0.120999999 -0.944107175 0.112499997 0.0380990393 -0.878206074 2.70716812e-16 -0.120999999 -0.878206074 0.112499997 -0.120999999 -0.878206074 2.70716812e-16 -0.120999999 -0.944107175 0.112499997 0.0380990393 -0.944107175 2.70716812e-16 0.0380990393 -0.944107175 0.112499997 0.0380990393 -1.10320604 2.70716812e-16 0.104000002 -0.944107175 2.70716812e-16 0.0380990393 -1.10320604 2.70716812e-16 0.104000002 -0.944107175 0.112499997 0.0380990393 -1.10320604 0.112499997 0.104000002 -0.878206074 0.112499997 -0.120999999 -0.944107175 2.70716812e-16 -0.280099005 -0.944107175 0.112499997 -0.280099005 -0.944107175 2.70716812e-16 -0.280099005 -0.878206074 0.112499997 -0.120999999 -0.878206074 2.70716812e-16 -0.120999999 -1.26230502 0.112499997 -0.280099005 -1.10320604 2.70716812e-16 -0.345999986 -1.26230502 2.70716812e-16 -0.280099005 -1.10320604 2.70716812e-16 -0.345999986 -1.26230502 0.112499997 -0.280099005 -1.10320604 0.112499997 -0.345999986 -1.10320604 0.112499997 -0.345999986 -0.944107175 2.70716812e-16 -0.280099005 -1.10320604 2.70716812e-16 -0.345999986 -0.944107175 2.70716812e-16 -0.280099005 -1.10320604 0.112499997 -0.345999986 -0.944107175 0.112499997 -0.280099005 -0.944107175 2.70716812e-16 0.0380990393 -0.944107175 2.70716812e-16 -0.280099005 -0.878206074 2.70716812e-16 -0.120999999 -0.944107175 2.70716812e-16 -0.280099005 -0.944107175 2.70716812e-16 0.0380990393 -1.10320604 2.70716812e-16 0.104000002 -0.944107175 2.70716812e-16 -0.280099005 -1.10320604 2.70716812e-16 0.104000002 -1.10320604 2.70716812e-16 -0.345999986 -1.10320604 2.70716812e-16 -0.345999986 -1.10320604 2.70716812e-16 0.104000002 -1.26230502 2.70716812e-16 0.0380990393 -1.10320604 2.70716812e-16 -0.345999986 -1.26230502 2.70716812e-16 0.0380990393 -1.26230502 2.70716812e-16 -0.280099005 -1.26230502 2.70716812e-16 -0.280099005 -1.26230502 2.70716812e-16 0.0380990393 -1.32820606 2.70716812e-16 -0.120999999 -0.77820611 0.870000005 0.0739999935 -0.77820611 0.861632586 -0.0538913198 -0.77820611 0.831632614 -0.0538913198 -0.77820611 0.861632586 -0.0538913198 -0.77820611 0.870000005 0.0739999935 -0.77820611 0.899999976 0.0739999935 -0.758206129 0.855632484 -0.0738913193 -0.398206115 0.825632572 -0.0738913193 -0.758206129 0.825632572 -0.0738913193 -0.398206115 0.825632572 -0.0738913193 -0.758206129 0.855632484 -0.0738913193 -0.398206115 0.855632484 -0.0738913193 -0.398206115 0.855632484 -0.0738913193 -0.378206104 0.831632614 -0.0538913198 -0.398206115 0.825632572 -0.0738913193 -0.378206104 0.831632614 -0.0538913198 -0.398206115 0.855632484 -0.0738913193 -0.378206104 0.861632586 -0.0538913198 -0.378206104 0.899999976 0.0739999935 -0.378206104 0.831632614 -0.0538913198 -0.378206104 0.861632586 -0.0538913198 -0.378206104 0.831632614 -0.0538913198 -0.378206104 0.899999976 0.0739999935 -0.378206104 0.870000005 0.0739999935 -0.77820611 0.831632614 -0.0538913198 -0.758206129 0.855632484 -0.0738913193 -0.758206129 0.825632572 -0.0738913193 -0.758206129 0.855632484 -0.0738913193 -0.77820611 0.831632614 -0.0538913198 -0.77820611 0.861632586 -0.0538913198 -0.398206115 0.855632484 -0.0738913193 -0.378206104 0.899999976 0.0739999935 -0.378206104 0.861632586 -0.0538913198 -0.378206104 0.899999976 0.0739999935 -0.398206115 0.855632484 -0.0738913193 -0.77820611 0.899999976 0.0739999935 -0.77820611 0.899999976 0.0739999935 -0.398206115 0.855632484 -0.0738913193 -0.758206129 0.855632484 -0.0738913193 -0.77820611 0.899999976 0.0739999935 -0.758206129 0.855632484 -0.0738913193 -0.77820611 0.861632586 -0.0538913198 -0.77820611 0.870000005 0.0739999935 -0.378206104 0.831632614 -0.0538913198 -0.378206104 0.870000005 0.0739999935 -0.378206104 0.831632614 -0.0538913198 -0.77820611 0.870000005 0.0739999935 -0.398206115 0.825632572 -0.0738913193 -0.398206115 0.825632572 -0.0738913193 -0.77820611 0.870000005 0.0739999935 -0.758206129 0.825632572 -0.0738913193 -0.758206129 0.825632572 -0.0738913193 -0.77820611 0.870000005 0.0739999935 -0.77820611 0.831632614 -0.0538913198 0.371793896 0.129999995 -0.326000005 0.1017939 0.129999995 -0.326000005 0.341794014 0.129999995 -0.326000005 0.371793896 0.129999995 -0.326000005 0.0717939436 0.129999995 -0.326000005 0.1017939 0.129999995 -0.326000005 0.371793896 0.129999995 -0.326000005 0.421793908 0.0500000007 -0.326000005 0.0717939436 0.129999995 -0.326000005 0.0217939299 0.0500000007 -0.326000005 0.0717939436 0.129999995 -0.326000005 0.421793908 0.0500000007 -0.326000005 0.421793908 0.0500000007 -0.326000005 0.371793896 0.129999995 -0.326000005 0.421793908 0.400000006 -0.326000005 0.421793908 0.400000006 -0.326000005 0.371793896 0.129999995 -0.326000005 0.371793896 0.300000012 -0.326000005 0.0717939436 0.129999995 -0.326000005 0.0217939299 0.0500000007 -0.326000005 0.0217939299 0.400000006 -0.326000005 0.421793908 0.400000006 -0.326000005 0.371793896 0.300000012 -0.326000005 0.0217939299 0.400000006 -0.326000005 0.0717939436 0.129999995 -0.326000005 0.0217939299 0.400000006 -0.326000005 0.0717939436 0.300000012 -0.326000005 0.0717939436 0.300000012 -0.326000005 0.0217939299 0.400000006 -0.326000005 0.371793896 0.300000012 -0.326000005 0.421793908 0.400000006 0.0740000308 0.421793908 0.0500000007 -0.326000005 0.421793908 0.400000006 -0.326000005 0.421793908 0.0500000007 -0.326000005 0.421793908 0.400000006 0.0740000308 0.421793908 0.0500000007 0.0740000308 -0.778205872 0.0500000007 0.0740000308 -0.778205872 0.400000006 0.0740000308 -0.778205872 0.0500000007 -0.326000005 -0.778205872 0.400000006 -0.326000005 -0.778205872 0.0500000007 -0.326000005 -0.778205872 0.400000006 0.0740000308 -0.728205919 0.300000012 -0.326000005 -0.378205895 0.400000006 -0.326000005 -0.428205907 0.300000012 -0.326000005 -0.428205907 0.300000012 -0.326000005 -0.378205895 0.400000006 -0.326000005 -0.428205907 0.129999995 -0.326000005 -0.378205895 0.400000006 -0.326000005 -0.728205919 0.300000012 -0.326000005 -0.778205872 0.400000006 -0.326000005 -0.378205895 0.400000006 -0.326000005 -0.378205895 0.0500000007 -0.326000005 -0.428205907 0.129999995 -0.326000005 -0.728205919 0.300000012 -0.326000005 -0.728205919 0.129999995 -0.326000005 -0.778205872 0.400000006 -0.326000005 -0.778205872 0.400000006 -0.326000005 -0.728205919 0.129999995 -0.326000005 -0.778205872 0.0500000007 -0.326000005 -0.778205872 0.0500000007 -0.326000005 -0.428205907 0.129999995 -0.326000005 -0.378205895 0.0500000007 -0.326000005 -0.428205907 0.129999995 -0.326000005 -0.778205872 0.0500000007 -0.326000005 -0.728205919 0.129999995 -0.326000005 -0.458205909 0.129999995 -0.326000005 -0.428205907 0.129999995 -0.326000005 -0.728205919 0.129999995 -0.326000005 -0.698205888 0.129999995 -0.326000005 -0.458205909 0.129999995 -0.326000005 -0.728205919 0.129999995 -0.326000005 -0.378206193 0.400000006 -0.326000005 -0.328206211 0.0500000007 -0.326000005 -0.378206193 0.0500000007 -0.326000005 -0.328206211 0.0500000007 -0.326000005 -0.378206193 0.400000006 -0.326000005 -0.328206211 0.280000001 -0.326000005 -0.328206211 0.280000001 -0.326000005 -0.378206193 0.400000006 -0.326000005 -0.308206201 0.300000012 -0.326000005 -0.308206201 0.300000012 -0.326000005 -0.378206193 0.400000006 -0.326000005 -0.048206199 0.300000012 -0.326000005 0.0217937995 0.400000006 -0.326000005 -0.048206199 0.300000012 -0.326000005 -0.378206193 0.400000006 -0.326000005 0.0217937995 0.400000006 -0.326000005 -0.0282061994 0.280000001 -0.326000005 -0.048206199 0.300000012 -0.326000005 0.0217937995 0.0500000007 -0.326000005 -0.0282061994 0.280000001 -0.326000005 0.0217937995 0.400000006 -0.326000005 -0.0282061994 0.280000001 -0.326000005 0.0217937995 0.0500000007 -0.326000005 -0.0282061994 0.0500000007 -0.326000005 -0.278205991 0.25 -0.305999994 -0.278205991 0.0199999996 -0.326000005 -0.278205991 0.25 -0.326000005 -0.278205991 0.0199999996 -0.326000005 -0.278205991 0.25 -0.305999994 -0.278205991 0.0199999996 -0.305999994 -0.168206006 0.0199999996 -0.326000005 -0.0782059729 0.0199999996 -0.305999994 -0.0782059729 0.0199999996 -0.326000005 -0.0782059729 0.0199999996 -0.305999994 -0.168206006 0.0199999996 -0.326000005 -0.168206006 0.0199999996 -0.305999994 -0.0782059729 0.0199999996 -0.305999994 -0.0782059729 0.25 -0.326000005 -0.0782059729 0.0199999996 -0.326000005 -0.0782059729 0.25 -0.326000005 -0.0782059729 0.0199999996 -0.305999994 -0.0782059729 0.25 -0.305999994 -0.168206006 0.25 -0.305999994 -0.168206006 0.0199999996 -0.326000005 -0.168206006 0.25 -0.326000005 -0.168206006 0.0199999996 -0.326000005 -0.168206006 0.25 -0.305999994 -0.168206006 0.0199999996 -0.305999994 -0.188206002 0.0199999996 -0.305999994 -0.188206002 0.25 -0.326000005 -0.188206002 0.0199999996 -0.326000005 -0.188206002 0.25 -0.326000005 -0.188206002 0.0199999996 -0.305999994 -0.188206002 0.25 -0.305999994 -0.188206002 0.0199999996 -0.326000005 -0.188206002 0.25 -0.326000005 -0.188206002 0.0199999996 -0.305999994 -0.188206002 0.25 -0.305999994 -0.188206002 0.0199999996 -0.305999994 -0.188206002 0.25 -0.326000005 -0.278205991 0.0199999996 -0.326000005 -0.188206002 0.0199999996 -0.305999994 -0.188206002 0.0199999996 -0.326000005 -0.188206002 0.0199999996 -0.305999994 -0.278205991 0.0199999996 -0.326000005 -0.278205991 0.0199999996 -0.305999994 -0.278205991 0.25 -0.305999994 -0.188206002 0.25 -0.326000005 -0.188206002 0.25 -0.305999994 -0.188206002 0.25 -0.326000005 -0.278205991 0.25 -0.305999994 -0.278205991 0.25 -0.326000005 -0.168206006 0.25 -0.305999994 -0.0782059729 0.25 -0.326000005 -0.0782059729 0.25 -0.305999994 -0.0782059729 0.25 -0.326000005 -0.168206006 0.25 -0.305999994 -0.168206006 0.25 -0.326000005 -0.278205991 0.0199999996 -0.326000005 -0.298206002 0.270000011 -0.326000005 -0.278205991 0.25 -0.326000005 -0.278205991 0.25 -0.326000005 -0.298206002 0.270000011 -0.326000005 -0.188206002 0.25 -0.326000005 -0.278205991 0.0199999996 -0.326000005 -0.298206002 2.70716812e-16 -0.326000005 -0.298206002 0.270000011 -0.326000005 -0.298206002 2.70716812e-16 -0.326000005 -0.278205991 0.0199999996 -0.326000005 -0.0582059585 2.70716812e-16 -0.326000005 -0.0582059585 2.70716812e-16 -0.326000005 -0.278205991 0.0199999996 -0.326000005 -0.188206002 0.0199999996 -0.326000005 -0.0582059585 2.70716812e-16 -0.326000005 -0.188206002 0.0199999996 -0.326000005 -0.0782059729 0.0199999996 -0.326000005 -0.0782059729 0.0199999996 -0.326000005 -0.0582059585 0.270000011 -0.326000005 -0.0582059585 2.70716812e-16 -0.326000005 -0.188206002 0.0199999996 -0.326000005 -0.168206006 0.0199999996 -0.326000005 -0.0782059729 0.0199999996 -0.326000005 -0.168206006 0.0199999996 -0.326000005 -0.188206002 0.0199999996 -0.326000005 -0.188206002 0.25 -0.326000005 -0.0582059585 0.270000011 -0.326000005 -0.0782059729 0.0199999996 -0.326000005 -0.0782059729 0.25 -0.326000005 -0.0582059585 0.270000011 -0.326000005 -0.0782059729 0.25 -0.326000005 -0.298206002 0.270000011 -0.326000005 -0.168206006 0.0199999996 -0.326000005 -0.188206002 0.25 -0.326000005 -0.168206006 0.25 -0.326000005 -0.188206002 0.25 -0.326000005 -0.298206002 0.270000011 -0.326000005 -0.168206006 0.25 -0.326000005 -0.168206006 0.25 -0.326000005 -0.298206002 0.270000011 -0.326000005 -0.0782059729 0.25 -0.326000005 -0.648205817 0.769999981 0.0740000233 -0.508205771 0.5 0.0740000233 -0.648205817 0.5 0.0740000233 -0.508205771 0.5 0.0740000233 -0.648205817 0.769999981 0.0740000233 -0.508205771 0.769999981 0.0740000233 </float_array>
          <technique_common>
            <accessor count="4614" offset="0" source="#building-f_1-positions-array" stride="3">
              <param name="X" type="float" />
              <param name="Y" type="float" />
              <param name="Z" type="float" />
            </accessor>
          </technique_common>
        </source>
        <source id="building-f_1-normals" name="building-f_1-normals">
          <float_array id="building-f_1-normals-array" count="13842"> 0 -1 0 0 -1 0 0 -1 0 0 -1 0 0 -1 0 0 -1 0 -0.382683396 0 0.923879683 -0.923879623 0 0.382683605 -0.382683396 0 0.923879683 -0.923879623 0 0.382683605 -0.382683396 0 0.923879683 -0.923879623 0 0.382683605 -0.923879623 0 0.382683605 -0.923879683 0 -0.382683396 -0.923879623 0 0.382683605 -0.923879683 0 -0.382683396 -0.923879623 0 0.382683605 -0.923879683 0 -0.382683396 -0.923879683 0 -0.382683396 -0.382683605 0 -0.923879623 -0.923879683 0 -0.382683396 -0.382683605 0 -0.923879623 -0.923879683 0 -0.382683396 -0.382683605 0 -0.923879623 1 0 -1.19209304e-07 1 0 -1.19209304e-07 1 0 -1.19209304e-07 1 0 -1.19209304e-07 1 0 -1.19209304e-07 1 0 -1.19209304e-07 -1 0 1.19209304e-07 -1 0 1.19209304e-07 -1 0 1.19209304e-07 -1 0 1.19209304e-07 -1 0 1.19209304e-07 -1 0 1.19209304e-07 -0.923879623 0.0928143635 0.371257603 -0.923879683 -0.0928143635 -0.371257395 -0.923879683 -0.0928143635 -0.371257395 -0.923879683 -0.0928143635 -0.371257395 -0.923879623 0.0928143635 0.371257603 -0.923879623 0.0928143635 0.371257603 -0.923879683 -0.0928143635 -0.371257395 -0.382683605 -0.224073693 -0.896294892 -0.382683605 -0.224073693 -0.896294892 -0.382683605 -0.224073693 -0.896294892 -0.923879683 -0.0928143635 -0.371257395 -0.923879683 -0.0928143635 -0.371257395 -0.382683396 0.224073693 0.896295011 -0.923879623 0.0928143635 0.371257603 -0.923879623 0.0928143635 0.371257603 -0.923879623 0.0928143635 0.371257603 -0.382683396 0.224073693 0.896295011 -0.382683396 0.224073693 0.896295011 -2.89125008e-08 0.970142484 -0.242535695 -2.89125008e-08 0.970142484 -0.242535695 -2.89125008e-08 0.970142484 -0.242535695 -2.89125008e-08 0.970142484 -0.242535695 -2.89125008e-08 0.970142484 -0.242535695 -2.89125008e-08 0.970142484 -0.242535695 -2.89125008e-08 0.970142484 -0.242535695 -2.89125008e-08 0.970142484 -0.242535695 -2.89125008e-08 0.970142484 -0.242535695 -2.89125008e-08 0.970142484 -0.242535695 -2.89125008e-08 0.970142484 -0.242535695 -2.89125008e-08 0.970142484 -0.242535695 -2.89125008e-08 0.970142484 -0.242535695 -2.89125008e-08 0.970142484 -0.242535695 -2.89125008e-08 0.970142484 -0.242535695 -2.89125008e-08 0.970142484 -0.242535695 -2.89125008e-08 0.970142484 -0.242535695 -2.89125008e-08 0.970142484 -0.242535695 -2.89125008e-08 0.970142484 -0.242535695 -2.89125008e-08 0.970142484 -0.242535695 -2.89125008e-08 0.970142484 -0.242535695 -2.89125008e-08 0.970142484 -0.242535695 -2.89125008e-08 0.970142484 -0.242535695 -2.89125008e-08 0.970142484 -0.242535695 -2.89125008e-08 0.970142484 -0.242535695 -2.89125008e-08 0.970142484 -0.242535695 -2.89125008e-08 0.970142484 -0.242535695 -2.89125008e-08 0.970142484 -0.242535695 -2.89125008e-08 0.970142484 -0.242535695 -2.89125008e-08 0.970142484 -0.242535695 -2.89125008e-08 0.970142484 -0.242535695 -2.89125008e-08 0.970142484 -0.242535695 -2.89125008e-08 0.970142484 -0.242535695 -2.89125008e-08 0.970142484 -0.242535695 -2.89125008e-08 0.970142484 -0.242535695 -2.89125008e-08 0.970142484 -0.242535695 -1.15649996e-07 -0.242535606 -0.970142722 -1.15649996e-07 -0.242535606 -0.970142722 -1.15649996e-07 -0.242535606 -0.970142722 -1.15649996e-07 -0.242535606 -0.970142722 -1.15649996e-07 -0.242535606 -0.970142722 -1.15649996e-07 -0.242535606 -0.970142722 0.382683396 -0.224073693 -0.896295011 -0.382683605 -0.224073693 -0.896294892 -0.382683605 -0.224073693 -0.896294892 -0.382683605 -0.224073693 -0.896294892 0.382683396 -0.224073693 -0.896295011 0.382683396 -0.224073693 -0.896295011 0.382683396 -0.224073693 -0.896295011 0.923879623 -0.0928143635 -0.371257603 0.382683396 -0.224073693 -0.896295011 0.923879623 -0.0928143635 -0.371257603 0.382683396 -0.224073693 -0.896295011 0.923879623 -0.0928143635 -0.371257603 0.923879683 0.0928143635 0.371257395 0.382683605 0.224073693 0.896294892 0.923879683 0.0928143635 0.371257395 0.382683605 0.224073693 0.896294892 0.923879683 0.0928143635 0.371257395 0.382683605 0.224073693 0.896294892 -0.382683396 0.224073693 0.896295011 0.382683605 0.224073693 0.896294892 -0.382683396 0.224073693 0.896295011 0.382683605 0.224073693 0.896294892 -0.382683396 0.224073693 0.896295011 0.382683605 0.224073693 0.896294892 0.382683396 0 -0.923879683 0.923879623 0 -0.382683605 0.923879623 0 -0.382683605 0.923879623 0 -0.382683605 0.382683396 0 -0.923879683 0.382683396 0 -0.923879683 0.923879623 -0.0928143635 -0.371257603 0.923879683 0.0928143635 0.371257395 0.923879623 -0.0928143635 -0.371257603 0.923879683 0.0928143635 0.371257395 0.923879623 -0.0928143635 -0.371257603 0.923879683 0.0928143635 0.371257395 0.382683396 0 -0.923879683 -0.382683605 0 -0.923879623 -0.382683605 0 -0.923879623 -0.382683605 0 -0.923879623 0.382683396 0 -0.923879683 0.382683396 0 -0.923879683 1.15649996e-07 0.242535606 0.970142722 1.15649996e-07 0.242535606 0.970142722 1.15649996e-07 0.242535606 0.970142722 1.15649996e-07 0.242535606 0.970142722 1.15649996e-07 0.242535606 0.970142722 1.15649996e-07 0.242535606 0.970142722 0.923879683 0 0.382683396 0.382683605 0 0.923879623 0.382683605 0 0.923879623 0.382683605 0 0.923879623 0.923879683 0 0.382683396 0.923879683 0 0.382683396 0.382683605 0 0.923879623 -0.382683396 0 0.923879683 -0.382683396 0 0.923879683 -0.382683396 0 0.923879683 0.382683605 0 0.923879623 0.382683605 0 0.923879623 0 1 0 0 1 0 0 1 0 0 1 0 0 1 0 0 1 0 0 1 0 0 1 0 0 1 0 0 1 0 0 1 0 0 1 0 0 1 0 0 1 0 0 1 0 0 1 0 0 1 0 0 1 0 0 1 0 0 1 0 0 1 0 0 1 0 0 1 0 0 1 0 0 1 0 0 1 0 0 1 0 0 1 0 0 1 0 0 1 0 0 1 0 0 1 0 0 1 0 0 1 0 0 1 0 0 1 0 0.923879623 0 -0.382683605 0.923879683 0 0.382683396 0.923879683 0 0.382683396 0.923879683 0 0.382683396 0.923879623 0 -0.382683605 0.923879623 0 -0.382683605 -0.382683396 0 0.923879683 -0.923879623 0 0.382683605 -0.382683396 0 0.923879683 -0.923879623 0 0.382683605 -0.382683396 0 0.923879683 -0.923879623 0 0.382683605 -0.923879623 0 0.382683605 -0.923879683 0 -0.382683396 -0.923879623 0 0.382683605 -0.923879683 0 -0.382683396 -0.923879623 0 0.382683605 -0.923879683 0 -0.382683396 -0.923879683 0 -0.382683396 -0.382683605 0 -0.923879623 -0.923879683 0 -0.382683396 -0.382683605 0 -0.923879623 -0.923879683 0 -0.382683396 -0.382683605 0 -0.923879623 1 0 -1.19209304e-07 1 0 -1.19209304e-07 1 0 -1.19209304e-07 1 0 -1.19209304e-07 1 0 -1.19209304e-07 1 0 -1.19209304e-07 -1 0 1.19209304e-07 -1 0 1.19209304e-07 -1 0 1.19209304e-07 -1 0 1.19209304e-07 -1 0 1.19209304e-07 -1 0 1.19209304e-07 -0.923879623 0.0928143635 0.371257603 -0.923879683 -0.0928143635 -0.371257395 -0.923879683 -0.0928143635 -0.371257395 -0.923879683 -0.0928143635 -0.371257395 -0.923879623 0.0928143635 0.371257603 -0.923879623 0.0928143635 0.371257603 -0.923879683 -0.0928143635 -0.371257395 -0.382683605 -0.224073693 -0.896294892 -0.382683605 -0.224073693 -0.896294892 -0.382683605 -0.224073693 -0.896294892 -0.923879683 -0.0928143635 -0.371257395 -0.923879683 -0.0928143635 -0.371257395 -0.382683396 0.224073693 0.896295011 -0.923879623 0.0928143635 0.371257603 -0.923879623 0.0928143635 0.371257603 -0.923879623 0.0928143635 0.371257603 -0.382683396 0.224073693 0.896295011 -0.382683396 0.224073693 0.896295011 -2.89125008e-08 0.970142484 -0.242535695 -2.89125008e-08 0.970142484 -0.242535695 -2.89125008e-08 0.970142484 -0.242535695 -2.89125008e-08 0.970142484 -0.242535695 -2.89125008e-08 0.970142484 -0.242535695 -2.89125008e-08 0.970142484 -0.242535695 -2.89125008e-08 0.970142484 -0.242535695 -2.89125008e-08 0.970142484 -0.242535695 -2.89125008e-08 0.970142484 -0.242535695 -2.89125008e-08 0.970142484 -0.242535695 -2.89125008e-08 0.970142484 -0.242535695 -2.89125008e-08 0.970142484 -0.242535695 -2.89125008e-08 0.970142484 -0.242535695 -2.89125008e-08 0.970142484 -0.242535695 -2.89125008e-08 0.970142484 -0.242535695 -2.89125008e-08 0.970142484 -0.242535695 -2.89125008e-08 0.970142484 -0.242535695 -2.89125008e-08 0.970142484 -0.242535695 -2.89125008e-08 0.970142484 -0.242535695 -2.89125008e-08 0.970142484 -0.242535695 -2.89125008e-08 0.970142484 -0.242535695 -2.89125008e-08 0.970142484 -0.242535695 -2.89125008e-08 0.970142484 -0.242535695 -2.89125008e-08 0.970142484 -0.242535695 -2.89125008e-08 0.970142484 -0.242535695 -2.89125008e-08 0.970142484 -0.242535695 -2.89125008e-08 0.970142484 -0.242535695 -2.89125008e-08 0.970142484 -0.242535695 -2.89125008e-08 0.970142484 -0.242535695 -2.89125008e-08 0.970142484 -0.242535695 -2.89125008e-08 0.970142484 -0.242535695 -2.89125008e-08 0.970142484 -0.242535695 -2.89125008e-08 0.970142484 -0.242535695 -2.89125008e-08 0.970142484 -0.242535695 -2.89125008e-08 0.970142484 -0.242535695 -2.89125008e-08 0.970142484 -0.242535695 -1.15649996e-07 -0.242535606 -0.970142722 -1.15649996e-07 -0.242535606 -0.970142722 -1.15649996e-07 -0.242535606 -0.970142722 -1.15649996e-07 -0.242535606 -0.970142722 -1.15649996e-07 -0.242535606 -0.970142722 -1.15649996e-07 -0.242535606 -0.970142722 0.382683396 -0.224073693 -0.896295011 -0.382683605 -0.224073693 -0.896294892 -0.382683605 -0.224073693 -0.896294892 -0.382683605 -0.224073693 -0.896294892 0.382683396 -0.224073693 -0.896295011 0.382683396 -0.224073693 -0.896295011 0.382683396 -0.224073693 -0.896295011 0.923879623 -0.0928143635 -0.371257603 0.382683396 -0.224073693 -0.896295011 0.923879623 -0.0928143635 -0.371257603 0.382683396 -0.224073693 -0.896295011 0.923879623 -0.0928143635 -0.371257603 0.923879683 0.0928143635 0.371257395 0.382683605 0.224073693 0.896294892 0.923879683 0.0928143635 0.371257395 0.382683605 0.224073693 0.896294892 0.923879683 0.0928143635 0.371257395 0.382683605 0.224073693 0.896294892 -0.382683396 0.224073693 0.896295011 0.382683605 0.224073693 0.896294892 -0.382683396 0.224073693 0.896295011 0.382683605 0.224073693 0.896294892 -0.382683396 0.224073693 0.896295011 0.382683605 0.224073693 0.896294892 0.382683396 0 -0.923879683 0.923879623 0 -0.382683605 0.923879623 0 -0.382683605 0.923879623 0 -0.382683605 0.382683396 0 -0.923879683 0.382683396 0 -0.923879683 0.923879623 -0.0928143635 -0.371257603 0.923879683 0.0928143635 0.371257395 0.923879623 -0.0928143635 -0.371257603 0.923879683 0.0928143635 0.371257395 0.923879623 -0.0928143635 -0.371257603 0.923879683 0.0928143635 0.371257395 0.382683396 0 -0.923879683 -0.382683605 0 -0.923879623 -0.382683605 0 -0.923879623 -0.382683605 0 -0.923879623 0.382683396 0 -0.923879683 0.382683396 0 -0.923879683 1.15649996e-07 0.242535606 0.970142722 1.15649996e-07 0.242535606 0.970142722 1.15649996e-07 0.242535606 0.970142722 1.15649996e-07 0.242535606 0.970142722 1.15649996e-07 0.242535606 0.970142722 1.15649996e-07 0.242535606 0.970142722 0.923879683 0 0.382683396 0.382683605 0 0.923879623 0.382683605 0 0.923879623 0.382683605 0 0.923879623 0.923879683 0 0.382683396 0.923879683 0 0.382683396 0.382683605 0 0.923879623 -0.382683396 0 0.923879683 -0.382683396 0 0.923879683 -0.382683396 0 0.923879683 0.382683605 0 0.923879623 0.382683605 0 0.923879623 0 1 0 0 1 0 0 1 0 0 1 0 0 1 0 0 1 0 0 1 0 0 1 0 0 1 0 0 1 0 0 1 0 0 1 0 0 1 0 0 1 0 0 1 0 0 1 0 0 1 0 0 1 0 0 1 0 0 1 0 0 1 0 0 1 0 0 1 0 0 1 0 0 1 0 0 1 0 0 1 0 0 1 0 0 1 0 0 1 0 0 1 0 0 1 0 0 1 0 0 1 0 0 1 0 0 1 0 0.923879623 0 -0.382683605 0.923879683 0 0.382683396 0.923879683 0 0.382683396 0.923879683 0 0.382683396 0.923879623 0 -0.382683605 0.923879623 0 -0.382683605 0 1 0 0 1 0 0 1 0 0 1 0 0 1 0 0 1 0 0 1 0 0 1 0 0 1 0 0 1 0 0 1 0 0 1 0 0 1 0 0 1 0 0 1 0 0 -1 0 0 -1 0 0 -1 0 0 -1 0 0 -1 0 0 -1 0 0 -1 0 0 -1 0 0 -1 0 0.923879623 0 0.382683605 0.382683396 0 0.923879683 0.923879623 0 0.382683605 0.382683396 0 0.923879683 0.923879623 0 0.382683605 0.382683396 0 0.923879683 -1.19209304e-07 0 1 -1.19209304e-07 0 1 0.382683396 0 0.923879683 0.382683396 0 0.923879683 0.382683396 0 0.923879683 -1.19209304e-07 0 1 1 0 1.19209304e-07 0.923879623 0 0.382683605 1 0 1.19209304e-07 0.923879623 0 0.382683605 1 0 1.19209304e-07 0.923879623 0 0.382683605 0 1 0 0 1 0 0 1 0 0 1 0 0 1 0 0 1 0 0 1 0 0 1 0 0 1 0 0 1 0 0 1 0 0 1 0 0 1 0 0 1 0 0 1 0 0 -1 0 0 -1 0 0 -1 0 0 -1 0 0 -1 0 0 -1 0 0 -1 0 0 -1 0 0 -1 0 0.923879623 0 0.382683605 0.382683396 0 0.923879683 0.923879623 0 0.382683605 0.382683396 0 0.923879683 0.923879623 0 0.382683605 0.382683396 0 0.923879683 -1.19209304e-07 0 1 -1.19209304e-07 0 1 0.382683396 0 0.923879683 0.382683396 0 0.923879683 0.382683396 0 0.923879683 -1.19209304e-07 0 1 1 0 1.19209304e-07 0.923879623 0 0.382683605 1 0 1.19209304e-07 0.923879623 0 0.382683605 1 0 1.19209304e-07 0.923879623 0 0.382683605 0 1 0 0 1 0 0 1 0 0 1 0 0 1 0 0 1 0 0 1 0 0 1 0 0 1 0 0 1 0 0 1 0 0 1 0 0 1 0 0 1 0 0 1 0 0 -1 0 0 -1 0 0 -1 0 0 -1 0 0 -1 0 0 -1 0 0 -1 0 0 -1 0 0 -1 0 0.923879623 0 0.382683605 0.382683396 0 0.923879683 0.923879623 0 0.382683605 0.382683396 0 0.923879683 0.923879623 0 0.382683605 0.382683396 0 0.923879683 -1.19209304e-07 0 1 -1.19209304e-07 0 1 0.382683396 0 0.923879683 0.382683396 0 0.923879683 0.382683396 0 0.923879683 -1.19209304e-07 0 1 1 0 1.19209304e-07 0.923879623 0 0.382683605 1 0 1.19209304e-07 0.923879623 0 0.382683605 1 0 1.19209304e-07 0.923879623 0 0.382683605 0 1 0 0 1 0 0 1 0 0 1 0 0 1 0 0 1 0 0 1 0 0 1 0 0 1 0 0 1 0 0 1 0 0 1 0 0 1 0 0 1 0 0 1 0 0 -1 0 0 -1 0 0 -1 0 0 -1 0 0 -1 0 0 -1 0 0 -1 0 0 -1 0 0 -1 0 0.382683396 0 -0.923879504 0.923879504 0 -0.382683396 0.382683396 0 -0.923879504 0.923879504 0 -0.382683396 0.382683396 0 -0.923879504 0.923879504 0 -0.382683396 1 0 -3.47971706e-13 1 0 -3.47971706e-13 0.923879504 0 -0.382683396 0.923879504 0 -0.382683396 0.923879504 0 -0.382683396 1 0 -3.47971706e-13 -3.47971706e-13 0 -1 0.382683396 0 -0.923879504 -3.47971706e-13 0 -1 0.382683396 0 -0.923879504 -3.47971706e-13 0 -1 0.382683396 0 -0.923879504 -1.19209304e-07 0 -1 -1.19209304e-07 0 -1 -1.19209304e-07 0 -1 -1.19209304e-07 0 -1 -1.19209304e-07 0 -1 -1.19209304e-07 0 -1 -1.19209304e-07 0 -1 -1.19209304e-07 0 -1 -1.19209304e-07 0 -1 -1.19209304e-07 0 -1 -1.19209304e-07 0 -1 -1.19209304e-07 0 -1 -1.19209304e-07 0 -1 -1.19209304e-07 0 -1 -1.19209304e-07 0 -1 -1.19209304e-07 0 -1 -1.19209304e-07 0 -1 -1.19209304e-07 0 -1 -0.707106829 0.707106829 8.42936956e-08 -0.987087607 0.160182402 1.17669998e-07 -0.987087607 0.160182402 1.17669998e-07 -0.987087607 0.160182402 1.17669998e-07 -0.707106829 0.707106829 8.42936956e-08 -0.707106829 0.707106829 8.42936956e-08 0 -1 0 0 -1 0 0 -1 0 0 -1 0 0 -1 0 0 -1 0 1.19209304e-07 0 1 1.19209304e-07 0 1 1.19209304e-07 0 1 1.19209304e-07 0 1 1.19209304e-07 0 1 1.19209304e-07 0 1 1.19209304e-07 0 1 1.19209304e-07 0 1 1.19209304e-07 0 1 1.19209304e-07 0 1 1.19209304e-07 0 1 1.19209304e-07 0 1 1.19209304e-07 0 1 1.19209304e-07 0 1 1.19209304e-07 0 1 1.19209304e-07 0 1 1.19209304e-07 0 1 1.19209304e-07 0 1 -0.987087607 0.160182402 1.17669998e-07 -1 0 1.19209304e-07 -1 0 1.19209304e-07 -1 0 1.19209304e-07 -0.987087607 0.160182402 1.17669998e-07 -0.987087607 0.160182402 1.17669998e-07 1 0 -1.19209304e-07 1 0 -1.19209304e-07 1 0 -1.19209304e-07 1 0 -1.19209304e-07 1 0 -1.19209304e-07 1 0 -1.19209304e-07 -0.160182297 0.987087488 1.9095209e-08 0 1 0 -0.160182297 0.987087488 1.9095209e-08 0 1 0 -0.160182297 0.987087488 1.9095209e-08 0 1 0 -0.707106829 0.707106829 8.42936956e-08 -0.160182297 0.987087488 1.9095209e-08 -0.160182297 0.987087488 1.9095209e-08 -0.160182297 0.987087488 1.9095209e-08 -0.707106829 0.707106829 8.42936956e-08 -0.707106829 0.707106829 8.42936956e-08 0.382683307 0 -0.923879683 -0.382683486 0 -0.923879623 -0.382683814 0 -0.923879504 -0.382683486 0 -0.923879623 0.382683307 0 -0.923879683 0.382683307 0 -0.923879683 -0.923879623 -3.46927692e-07 0.382683605 -0.923879683 0 -0.382683396 -0.923879623 -3.46927692e-07 0.382683694 -0.923879683 0 -0.382683396 -0.923879623 -3.46927692e-07 0.382683605 -0.923879683 0 -0.382683188 0.923879623 0 -0.382683605 0.923879683 0 0.382683307 0.923879683 0 0.382683396 0.923879683 0 0.382683307 0.923879623 0 -0.382683605 0.923879623 0 -0.382683694 -0.382683307 0 0.923879683 0.382683605 0 0.923879623 -0.382683396 0 0.923879683 0.382683605 0 0.923879623 -0.382683307 0 0.923879683 0.382683605 0 0.923879623 -0.923879623 -3.46927692e-07 0.382683694 -0.382683396 0 0.923879683 -0.923879623 -3.46927692e-07 0.382683605 -0.382683396 0 0.923879683 -0.923879623 -3.46927692e-07 0.382683694 -0.382683307 0 0.923879683 -0.923879683 0 -0.382683188 -0.382683486 0 -0.923879623 -0.923879683 0 -0.382683396 -0.382683486 0 -0.923879623 -0.923879683 0 -0.382683188 -0.382683814 0 -0.923879504 0.923879623 0 -0.382683694 0.382683307 0 -0.923879683 0.382683307 0 -0.923879683 0.382683307 0 -0.923879683 0.923879623 0 -0.382683694 0.923879623 0 -0.382683605 0.923879683 0 0.382683396 0.382683605 0 0.923879623 0.382683605 0 0.923879623 0.382683605 0 0.923879623 0.923879683 0 0.382683396 0.923879683 0 0.382683307 0 1 0 0 1 0 0 1 0 0 1 0 0 1 0 0 1 0 0 1 0 0 1 0 0 1 0 0 1 0 0 1 0 0 1 0 0 1 0 0 1 0 0 1 0 0 1 0 0 1 0 0 1 0 0 1 0 0 1 0 0 1 0 0 1 0 0 1 0 0 1 0 0 1 0 0 1 0 0 1 0 0 1 0 0 1 0 0 1 0 0 1 0 0 1 0 0 1 0 0 1 0 0 1 0 0 1 0 -1.19209304e-07 0 -1 -1.19209304e-07 0 -1 -1.19209304e-07 0 -1 -1.19209304e-07 0 -1 -1.19209304e-07 0 -1 -1.19209304e-07 0 -1 -1.19209304e-07 0 -1 -1.19209304e-07 0 -1 -1.19209304e-07 0 -1 -1.19209304e-07 0 -1 -1.19209304e-07 0 -1 -1.19209304e-07 0 -1 -1.19209304e-07 0 -1 -1.19209304e-07 0 -1 -1.19209304e-07 0 -1 -1.19209304e-07 0 -1 -1.19209304e-07 0 -1 -1.19209304e-07 0 -1 -0.707106829 0.707106829 8.42936956e-08 -0.987087607 0.160182402 1.17669998e-07 -0.987087607 0.160182402 1.17669998e-07 -0.987087607 0.160182402 1.17669998e-07 -0.707106829 0.707106829 8.42936956e-08 -0.707106829 0.707106829 8.42936956e-08 0 -1 0 0 -1 0 0 -1 0 0 -1 0 0 -1 0 0 -1 0 1.19209304e-07 0 1 1.19209304e-07 0 1 1.19209304e-07 0 1 1.19209304e-07 0 1 1.19209304e-07 0 1 1.19209304e-07 0 1 1.19209304e-07 0 1 1.19209304e-07 0 1 1.19209304e-07 0 1 1.19209304e-07 0 1 1.19209304e-07 0 1 1.19209304e-07 0 1 1.19209304e-07 0 1 1.19209304e-07 0 1 1.19209304e-07 0 1 1.19209304e-07 0 1 1.19209304e-07 0 1 1.19209304e-07 0 1 -0.987087607 0.160182402 1.17669998e-07 -1 0 1.19209304e-07 -1 0 1.19209304e-07 -1 0 1.19209304e-07 -0.987087607 0.160182402 1.17669998e-07 -0.987087607 0.160182402 1.17669998e-07 1 0 -1.19209304e-07 1 0 -1.19209304e-07 1 0 -1.19209304e-07 1 0 -1.19209304e-07 1 0 -1.19209304e-07 1 0 -1.19209304e-07 -0.160182297 0.987087488 1.9095209e-08 0 1 0 -0.160182297 0.987087488 1.9095209e-08 0 1 0 -0.160182297 0.987087488 1.9095209e-08 0 1 0 -0.707106829 0.707106829 8.42936956e-08 -0.160182297 0.987087488 1.9095209e-08 -0.160182297 0.987087488 1.9095209e-08 -0.160182297 0.987087488 1.9095209e-08 -0.707106829 0.707106829 8.42936956e-08 -0.707106829 0.707106829 8.42936956e-08 0.382683307 0 -0.923879683 -0.382683486 0 -0.923879623 -0.382683814 0 -0.923879504 -0.382683486 0 -0.923879623 0.382683307 0 -0.923879683 0.382683307 0 -0.923879683 -0.923879623 -3.46927692e-07 0.382683605 -0.923879683 0 -0.382683396 -0.923879623 -3.46927692e-07 0.382683694 -0.923879683 0 -0.382683396 -0.923879623 -3.46927692e-07 0.382683605 -0.923879683 0 -0.382683188 0.923879623 0 -0.382683605 0.923879683 0 0.382683307 0.923879683 0 0.382683396 0.923879683 0 0.382683307 0.923879623 0 -0.382683605 0.923879623 0 -0.382683694 -0.382683307 0 0.923879683 0.382683605 0 0.923879623 -0.382683396 0 0.923879683 0.382683605 0 0.923879623 -0.382683307 0 0.923879683 0.382683605 0 0.923879623 -0.923879623 -3.46927692e-07 0.382683694 -0.382683396 0 0.923879683 -0.923879623 -3.46927692e-07 0.382683605 -0.382683396 0 0.923879683 -0.923879623 -3.46927692e-07 0.382683694 -0.382683307 0 0.923879683 -0.923879683 0 -0.382683188 -0.382683486 0 -0.923879623 -0.923879683 0 -0.382683396 -0.382683486 0 -0.923879623 -0.923879683 0 -0.382683188 -0.382683814 0 -0.923879504 0.923879623 0 -0.382683694 0.382683307 0 -0.923879683 0.382683307 0 -0.923879683 0.382683307 0 -0.923879683 0.923879623 0 -0.382683694 0.923879623 0 -0.382683605 0.923879683 0 0.382683396 0.382683605 0 0.923879623 0.382683605 0 0.923879623 0.382683605 0 0.923879623 0.923879683 0 0.382683396 0.923879683 0 0.382683307 0 1 0 0 1 0 0 1 0 0 1 0 0 1 0 0 1 0 0 1 0 0 1 0 0 1 0 0 1 0 0 1 0 0 1 0 0 1 0 0 1 0 0 1 0 0 1 0 0 1 0 0 1 0 0 1 0 0 1 0 0 1 0 0 1 0 0 1 0 0 1 0 0 1 0 0 1 0 0 1 0 0 1 0 0 1 0 0 1 0 0 1 0 0 1 0 0 1 0 0 1 0 0 1 0 0 1 0 0 1 0 0 1 0 0 1 0 0 1 0 0 1 0 0 1 0 0 1 0 0 1 0 0 1 0 0 1 0 0 1 0 0 1 0 0 1 0 0 1 0 0 1 0 0 -1 0 0 -1 0 0 -1 0 0 -1 0 0 -1 0 0 -1 0 0 -1 0 0 -1 0 0 -1 0 -0.923879683 0 -0.382683396 -0.382683605 0 -0.923879623 -0.923879683 0 -0.382683396 -0.382683605 0 -0.923879623 -0.923879683 0 -0.382683396 -0.382683605 0 -0.923879623 -1.19209304e-07 0 -1 -1.19209304e-07 0 -1 -0.382683605 0 -0.923879623 -0.382683605 0 -0.923879623 -0.382683605 0 -0.923879623 -1.19209304e-07 0 -1 -1 0 1.19209304e-07 -0.923879683 0 -0.382683396 -1 0 1.19209304e-07 -0.923879683 0 -0.382683396 -1 0 1.19209304e-07 -0.923879683 0 -0.382683396 0 1 0 0 1 0 0 1 0 0 1 0 0 1 0 0 1 0 0 1 0 0 1 0 0 1 0 0 1 0 0 1 0 0 1 0 0 1 0 0 1 0 0 1 0 0 -1 0 0 -1 0 0 -1 0 0 -1 0 0 -1 0 0 -1 0 0 -1 0 0 -1 0 0 -1 0 -0.382683396 0 0.923879504 -0.923879504 0 0.382683396 -0.382683396 0 0.923879504 -0.923879504 0 0.382683396 -0.382683396 0 0.923879504 -0.923879504 0 0.382683396 -1 0 -1.49007997e-08 -1 0 -1.49007997e-08 -0.923879504 0 0.382683396 -0.923879504 0 0.382683396 -0.923879504 0 0.382683396 -1 0 -1.49007997e-08 -1.49007997e-08 0 1 -0.382683396 0 0.923879504 -1.49007997e-08 0 1 -0.382683396 0 0.923879504 -1.49007997e-08 0 1 -0.382683396 0 0.923879504 0 1 0 0 1 0 0 1 0 0 1 0 0 1 0 0 1 0 0 1 0 0 1 0 0 1 0 0 1 0 0 1 0 0 1 0 0 1 0 0 1 0 0 1 0 0 -1 0 0 -1 0 0 -1 0 0 -1 0 0 -1 0 0 -1 0 0 -1 0 0 -1 0 0 -1 0 -0.382683396 0 0.923879504 -0.923879504 0 0.382683486 -0.382683396 0 0.923879504 -0.923879504 0 0.382683486 -0.382683396 0 0.923879504 -0.923879504 0 0.382683486 -1 0 4.47038602e-08 -1 0 4.47038602e-08 -0.923879504 0 0.382683486 -0.923879504 0 0.382683486 -0.923879504 0 0.382683486 -1 0 4.47038602e-08 4.47038602e-08 0 1 -0.382683396 0 0.923879504 4.47038602e-08 0 1 -0.382683396 0 0.923879504 4.47038602e-08 0 1 -0.382683396 0 0.923879504 0 -1 0 0 -1 0 0 -1 0 0 -1 0 0 -1 0 0 -1 0 -7.63694731e-14 0 1 -7.63694731e-14 0 1 -7.63694731e-14 0 1 -7.63694731e-14 0 1 -7.63694731e-14 0 1 -7.63694731e-14 0 1 0 1 0 0 1 0 0 1 0 0 1 0 0 1 0 0 1 0 0 -1 0 0 -1 0 0 -1 0 0 -1 0 0 -1 0 0 -1 0 -7.63694731e-14 0 1 -7.63694731e-14 0 1 -7.63694731e-14 0 1 -7.63694731e-14 0 1 -7.63694731e-14 0 1 -7.63694731e-14 0 1 0 1 0 0 1 0 0 1 0 0 1 0 0 1 0 0 1 0 1.19209304e-07 0 -1 1.19209304e-07 0 -1 1.19209304e-07 0 -1 1.19209304e-07 0 -1 1.19209304e-07 0 -1 1.19209304e-07 0 -1 1 0 1.19209304e-07 1 0 1.19209304e-07 1 0 1.19209304e-07 1 0 1.19209304e-07 1 0 1.19209304e-07 1 0 1.19209304e-07 -1.19209304e-07 0 1 -1.19209304e-07 0 1 -1.19209304e-07 0 1 -1.19209304e-07 0 1 -1.19209304e-07 0 1 -1.19209304e-07 0 1 0.923879683 0 -0.382683396 1 0 1.19209304e-07 0.923879683 0 -0.382683396 1 0 1.19209304e-07 0.923879683 0 -0.382683396 1 0 1.19209304e-07 0 -1 0 0 -1 0 0 -1 0 0 -1 0 0 -1 0 0 -1 0 0 -1 0 0 -1 0 0 -1 0 0 -1 0 0 -1 0 0 -1 0 0 -1 0 0 -1 0 0 -1 0 0 1 0 0 1 0 0 1 0 0 1 0 0 1 0 0 1 0 0 1 0 0 1 0 0 1 0 0 1 0 0 1 0 0 1 0 0 1 0 0 1 0 0 1 0 1.19209304e-07 0 -1 0.382683605 0 -0.923879623 0.382683605 0 -0.923879623 0.382683605 0 -0.923879623 1.19209304e-07 0 -1 1.19209304e-07 0 -1 0.382683605 0 -0.923879623 0.923879683 0 -0.382683396 0.923879683 0 -0.382683396 0.923879683 0 -0.382683396 0.382683605 0 -0.923879623 0.382683605 0 -0.923879623 -1 0 -1.19209304e-07 -1 0 -1.19209304e-07 -1 0 -1.19209304e-07 -1 0 -1.19209304e-07 -1 0 -1.19209304e-07 -1 0 -1.19209304e-07 1 0 -1.04749502e-13 1 0 -1.04749502e-13 1 0 -1.04749502e-13 1 0 -1.04749502e-13 1 0 -1.04749502e-13 1 0 -1.04749502e-13 1.04749502e-13 0 1 1.04749502e-13 0 1 1.04749502e-13 0 1 1.04749502e-13 0 1 1.04749502e-13 0 1 1.04749502e-13 0 1 -1 0 1.04749502e-13 -1 0 1.04749502e-13 -1 0 1.04749502e-13 -1 0 1.04749502e-13 -1 0 1.04749502e-13 -1 0 1.04749502e-13 0.382683396 0 0.923879504 1.04749502e-13 0 1 0.382683396 0 0.923879504 1.04749502e-13 0 1 0.382683396 0 0.923879504 1.04749502e-13 0 1 0 -1 0 0 -1 0 0 -1 0 0 -1 0 0 -1 0 0 -1 0 0 -1 0 0 -1 0 0 -1 0 0 -1 0 0 -1 0 0 -1 0 0 -1 0 0 -1 0 0 -1 0 0 1 0 0 1 0 0 1 0 0 1 0 0 1 0 0 1 0 0 1 0 0 1 0 0 1 0 0 1 0 0 1 0 0 1 0 0 1 0 0 1 0 0 1 0 1 0 -1.04749502e-13 0.923879504 0 0.382683396 0.923879504 0 0.382683396 0.923879504 0 0.382683396 1 0 -1.04749502e-13 1 0 -1.04749502e-13 0.923879504 0 0.382683396 0.382683396 0 0.923879504 0.382683396 0 0.923879504 0.382683396 0 0.923879504 0.923879504 0 0.382683396 0.923879504 0 0.382683396 -1.04749502e-13 0 -1 -1.04749502e-13 0 -1 -1.04749502e-13 0 -1 -1.04749502e-13 0 -1 -1.04749502e-13 0 -1 -1.04749502e-13 0 -1 0 -1 0 0 -1 0 0 -1 0 0 -1 0 0 -1 0 0 -1 0 1.19209304e-07 0 -1 1.19209304e-07 0 -1 1.19209304e-07 0 -1 1.19209304e-07 0 -1 1.19209304e-07 0 -1 1.19209304e-07 0 -1 -1.19209304e-07 0 1 -1.19209304e-07 0 1 -1.19209304e-07 0 1 -1.19209304e-07 0 1 -1.19209304e-07 0 1 -1.19209304e-07 0 1 0 1 0 0 1 0 0 1 0 0 1 0 0 1 0 0 1 0 1.19209304e-07 0 -1 1.19209304e-07 0 -1 1.19209304e-07 0 -1 1.19209304e-07 0 -1 1.19209304e-07 0 -1 1.19209304e-07 0 -1 1.19209304e-07 0 -1 1.19209304e-07 0 -1 1.19209304e-07 0 -1 1.19209304e-07 0 -1 1.19209304e-07 0 -1 1.19209304e-07 0 -1 1 0 1.19209304e-07 1 0 1.19209304e-07 1 0 1.19209304e-07 1 0 1.19209304e-07 1 0 1.19209304e-07 1 0 1.19209304e-07 -1.19209304e-07 0 1 -1.19209304e-07 0 1 -1.19209304e-07 0 1 -1.19209304e-07 0 1 -1.19209304e-07 0 1 -1.19209304e-07 0 1 0.923879683 0 -0.382683396 1 0 1.19209304e-07 0.923879683 0 -0.382683396 1 0 1.19209304e-07 0.923879683 0 -0.382683396 1 0 1.19209304e-07 0 -1 0 0 -1 0 0 -1 0 0 -1 0 0 -1 0 0 -1 0 0 -1 0 0 -1 0 0 -1 0 0 -1 0 0 -1 0 0 -1 0 0 -1 0 0 -1 0 0 -1 0 0 1 0 0 1 0 0 1 0 0 1 0 0 1 0 0 1 0 0 1 0 0 1 0 0 1 0 0 1 0 0 1 0 0 1 0 0 1 0 0 1 0 0 1 0 1.19209304e-07 0 -1 0.382683605 0 -0.923879623 0.382683605 0 -0.923879623 0.382683605 0 -0.923879623 1.19209304e-07 0 -1 1.19209304e-07 0 -1 0.382683605 0 -0.923879623 0.923879683 0 -0.382683396 0.923879683 0 -0.382683396 0.923879683 0 -0.382683396 0.382683605 0 -0.923879623 0.382683605 0 -0.923879623 -1 0 -1.19209304e-07 -1 0 -1.19209304e-07 -1 0 -1.19209304e-07 -1 0 -1.19209304e-07 -1 0 -1.19209304e-07 -1 0 -1.19209304e-07 -1 0 0 -1 0 0 -1 0 0 -1 0 0 -1 0 0 -1 0 0 0 0 -1 0 0 -1 0 0 -1 0 0 -1 0 0 -1 0 0 -1 1 0 0 1 0 0 1 0 0 1 0 0 1 0 0 1 0 0 -0.382683396 0 -0.923879504 0 0 -1 -0.382683396 0 -0.923879504 0 0 -1 -0.382683396 0 -0.923879504 0 0 -1 0 -1 0 0 -1 0 0 -1 0 0 -1 0 0 -1 0 0 -1 0 0 -1 0 0 -1 0 0 -1 0 0 -1 0 0 -1 0 0 -1 0 0 -1 0 0 -1 0 0 -1 0 0 1 0 0 1 0 0 1 0 0 1 0 0 1 0 0 1 0 0 1 0 0 1 0 0 1 0 0 1 0 0 1 0 0 1 0 0 1 0 0 1 0 0 1 0 -1 0 0 -0.923879504 0 -0.382683396 -0.923879504 0 -0.382683396 -0.923879504 0 -0.382683396 -1 0 0 -1 0 0 -0.923879504 0 -0.382683396 -0.382683396 0 -0.923879504 -0.382683396 0 -0.923879504 -0.382683396 0 -0.923879504 -0.923879504 0 -0.382683396 -0.923879504 0 -0.382683396 0 0 1 0 0 1 0 0 1 0 0 1 0 0 1 0 0 1 -1 0 -1.19209304e-07 -1 0 -1.19209304e-07 -1 0 -1.19209304e-07 -1 0 -1.19209304e-07 -1 0 -1.19209304e-07 -1 0 -1.19209304e-07 0.382683396 0 0.923879683 0.382683396 0 0.923879683 0.923879623 0 0.382683605 0.923879623 0 0.382683605 0.923879623 0 0.382683605 0.382683396 0 0.923879683 -1.19209304e-07 0 1 -1.19209304e-07 0 1 0.382683396 0 0.923879683 0.382683396 0 0.923879683 0.382683396 0 0.923879683 -1.19209304e-07 0 1 0 1 0 0 1 0 0 1 0 0 1 0 0 1 0 0 1 0 0 1 0 0 1 0 0 1 0 0 1 0 0 1 0 0 1 0 0 1 0 0 1 0 0 1 0 0 -1 0 0 -1 0 0 -1 0 0 -1 0 0 -1 0 0 -1 0 0 -1 0 0 -1 0 0 -1 0 0 -1 0 0 -1 0 0 -1 0 0 -1 0 0 -1 0 0 -1 0 1 0 1.19209304e-07 0.923879623 0 0.382683605 1 0 1.19209304e-07 0.923879623 0 0.382683605 1 0 1.19209304e-07 0.923879623 0 0.382683605 1.19209304e-07 0 -1 1.19209304e-07 0 -1 1.19209304e-07 0 -1 1.19209304e-07 0 -1 1.19209304e-07 0 -1 1.19209304e-07 0 -1 1 0 1.19209304e-07 1 0 1.19209304e-07 1 0 1.19209304e-07 1 0 1.19209304e-07 1 0 1.19209304e-07 1 0 1.19209304e-07 -1.19209304e-07 0 1 -1.19209304e-07 0 1 -1.19209304e-07 0 1 -1.19209304e-07 0 1 -1.19209304e-07 0 1 -1.19209304e-07 0 1 1.19209304e-07 0 1 1.19209304e-07 0 1 1.19209304e-07 0 1 1.19209304e-07 0 1 1.19209304e-07 0 1 1.19209304e-07 0 1 -1 0 1.19209304e-07 -1 0 1.19209304e-07 -1 0 1.19209304e-07 -1 0 1.19209304e-07 -1 0 1.19209304e-07 -1 0 1.19209304e-07 -1.19209304e-07 0 -1 -1.19209304e-07 0 -1 -1.19209304e-07 0 -1 -1.19209304e-07 0 -1 -1.19209304e-07 0 -1 -1.19209304e-07 0 -1 -0.923879623 0 0.382683605 -1 0 1.19209304e-07 -0.923879623 0 0.382683605 -1 0 1.19209304e-07 -0.923879623 0 0.382683605 -1 0 1.19209304e-07 0 -1 0 0 -1 0 0 -1 0 0 -1 0 0 -1 0 0 -1 0 0 -1 0 0 -1 0 0 -1 0 0 -1 0 0 -1 0 0 -1 0 0 -1 0 0 -1 0 0 -1 0 0 1 0 0 1 0 0 1 0 0 1 0 0 1 0 0 1 0 0 1 0 0 1 0 0 1 0 0 1 0 0 1 0 0 1 0 0 1 0 0 1 0 0 1 0 1.19209304e-07 0 1 -0.382683396 0 0.923879683 -0.382683396 0 0.923879683 -0.382683396 0 0.923879683 1.19209304e-07 0 1 1.19209304e-07 0 1 -0.382683396 0 0.923879683 -0.923879623 0 0.382683605 -0.923879623 0 0.382683605 -0.923879623 0 0.382683605 -0.382683396 0 0.923879683 -0.382683396 0 0.923879683 1 0 -1.19209304e-07 1 0 -1.19209304e-07 1 0 -1.19209304e-07 1 0 -1.19209304e-07 1 0 -1.19209304e-07 1 0 -1.19209304e-07 -1 0 0 -1 0 0 -1 0 0 -1 0 0 -1 0 0 -1 0 0 0 0 -1 0 0 -1 0 0 -1 0 0 -1 0 0 -1 0 0 -1 1 0 0 1 0 0 1 0 0 1 0 0 1 0 0 1 0 0 -0.382683396 0 -0.923879504 0 0 -1 -0.382683396 0 -0.923879504 0 0 -1 -0.382683396 0 -0.923879504 0 0 -1 0 -1 0 0 -1 0 0 -1 0 0 -1 0 0 -1 0 0 -1 0 0 -1 0 0 -1 0 0 -1 0 0 -1 0 0 -1 0 0 -1 0 0 -1 0 0 -1 0 0 -1 0 0 1 0 0 1 0 0 1 0 0 1 0 0 1 0 0 1 0 0 1 0 0 1 0 0 1 0 0 1 0 0 1 0 0 1 0 0 1 0 0 1 0 0 1 0 -1 0 0 -0.923879504 0 -0.382683396 -0.923879504 0 -0.382683396 -0.923879504 0 -0.382683396 -1 0 0 -1 0 0 -0.923879504 0 -0.382683396 -0.382683396 0 -0.923879504 -0.382683396 0 -0.923879504 -0.382683396 0 -0.923879504 -0.923879504 0 -0.382683396 -0.923879504 0 -0.382683396 0 0 1 0 0 1 0 0 1 0 0 1 0 0 1 0 0 1 0 -1 0 0 -1 0 0 -1 0 0 -1 0 0 -1 0 0 -1 0 1.19209304e-07 0 -1 1.19209304e-07 0 -1 1.19209304e-07 0 -1 1.19209304e-07 0 -1 1.19209304e-07 0 -1 1.19209304e-07 0 -1 -1.19209304e-07 0 1 -1.19209304e-07 0 1 -1.19209304e-07 0 1 -1.19209304e-07 0 1 -1.19209304e-07 0 1 -1.19209304e-07 0 1 0 1 0 0 1 0 0 1 0 0 1 0 0 1 0 0 1 0 1.19209304e-07 0 -1 1.19209304e-07 0 -1 1.19209304e-07 0 -1 1.19209304e-07 0 -1 1.19209304e-07 0 -1 1.19209304e-07 0 -1 0 -1 0 0 -1 0 0 -1 0 0 -1 0 0 -1 0 0 -1 0 1.19209304e-07 0 1 1.19209304e-07 0 1 1.19209304e-07 0 1 1.19209304e-07 0 1 1.19209304e-07 0 1 1.19209304e-07 0 1 -1.19209304e-07 0 -1 -1.19209304e-07 0 -1 -1.19209304e-07 0 -1 -1.19209304e-07 0 -1 -1.19209304e-07 0 -1 -1.19209304e-07 0 -1 0 1 0 0 1 0 0 1 0 0 1 0 0 1 0 0 1 0 1.19209304e-07 0 1 1.19209304e-07 0 1 1.19209304e-07 0 1 1.19209304e-07 0 1 1.19209304e-07 0 1 1.19209304e-07 0 1 1 0 0 0.632455528 -0.44721359 0.632455528 0.89442718 -0.44721359 0 0.632455528 -0.44721359 0.632455528 1 0 0 0.707106829 0 0.707106829 -0.632455528 -0.44721359 0.632455528 -1 0 0 -0.89442718 -0.44721359 0 -1 0 0 -0.632455528 -0.44721359 0.632455528 -0.707106829 0 0.707106829 0.707106829 0 0.707106829 0 0 1 0.707106829 0 0.707106829 0 0 1 0.707106829 0 0.707106829 0 0 1 1 0 0 0.632455528 -0.44721359 -0.632455528 0.707106829 0 -0.707106829 0.632455528 -0.44721359 -0.632455528 1 0 0 0.89442718 -0.44721359 0 0 0 1 -0.632455528 -0.44721359 0.632455528 0 -0.44721359 0.89442718 -0.632455528 -0.44721359 0.632455528 0 0 1 -0.707106829 0 0.707106829 0 0 -1 0.632455528 -0.44721359 -0.632455528 0 -0.44721359 -0.89442718 0.632455528 -0.44721359 -0.632455528 0 0 -1 0.707106829 0 -0.707106829 -0.707106829 0 -0.707106829 0 -0.44721359 -0.89442718 -0.632455528 -0.44721359 -0.632455528 0 -0.44721359 -0.89442718 -0.707106829 0 -0.707106829 0 0 -1 0.632455528 0.44721359 0.632455528 1 0 0 0.89442718 0.44721359 0 1 0 0 0.632455528 0.44721359 0.632455528 0.707106829 0 0.707106829 0 0 1 -0.707106829 0 0.707106829 0 0 1 -0.707106829 0 0.707106829 0 0 1 -0.707106829 0 0.707106829 -0.707106829 0 -0.707106829 0 0 -1 -0.707106829 0 -0.707106829 0 0 -1 -0.707106829 0 -0.707106829 0 0 -1 -1 0 0 -0.707106829 0 -0.707106829 -0.707106829 0 -0.707106829 -0.707106829 0 -0.707106829 -1 0 0 -1 0 0 0.707106829 0 0.707106829 0 -0.44721359 0.89442718 0.632455528 -0.44721359 0.632455528 0 -0.44721359 0.89442718 0.707106829 0 0.707106829 0 0 1 -0.632455528 0.44721359 -0.632455528 0 0 -1 -0.707106829 0 -0.707106829 0 0 -1 -0.632455528 0.44721359 -0.632455528 0 0.44721359 -0.89442718 0.632455528 0.44721359 -0.632455528 1 0 0 0.707106829 0 -0.707106829 1 0 0 0.632455528 0.44721359 -0.632455528 0.89442718 0.44721359 0 0 0.44721359 -0.89442718 0.707106829 0 -0.707106829 0 0 -1 0.707106829 0 -0.707106829 0 0.44721359 -0.89442718 0.632455528 0.44721359 -0.632455528 -0.632455528 -0.44721359 -0.632455528 -1 0 0 -0.707106829 0 -0.707106829 -1 0 0 -0.632455528 -0.44721359 -0.632455528 -0.89442718 -0.44721359 0 0 0.44721359 0.89442718 -0.707106829 0 0.707106829 0 0 1 -0.707106829 0 0.707106829 0 0.44721359 0.89442718 -0.632455528 0.44721359 0.632455528 -1 0 0 -0.632455528 0.44721359 -0.632455528 -0.707106829 0 -0.707106829 -0.632455528 0.44721359 -0.632455528 -1 0 0 -0.89442718 0.44721359 0 0 1 0 0 1 0 0 1 0 0 1 0 0 1 0 0 1 0 0 1 0 0 1 0 0 1 0 0 1 0 0 1 0 0 1 0 0 1 0 0 1 0 0 1 0 0 1 0 0 1 0 0 1 0 1 0 0 0.707106829 0 -0.707106829 0.707106829 0 -0.707106829 0.707106829 0 -0.707106829 1 0 0 1 0 0 0 0 -1 0.707106829 0 -0.707106829 0 0 -1 0.707106829 0 -0.707106829 0 0 -1 0.707106829 0 -0.707106829 -1 0 0 -0.632455528 0.44721359 0.632455528 -0.89442718 0.44721359 0 -0.632455528 0.44721359 0.632455528 -1 0 0 -0.707106829 0 0.707106829 0.707106829 0 0.707106829 1 0 0 1 0 0 1 0 0 0.707106829 0 0.707106829 0.707106829 0 0.707106829 0.632455528 0.44721359 0.632455528 0 0 1 0.707106829 0 0.707106829 0 0 1 0.632455528 0.44721359 0.632455528 0 0.44721359 0.89442718 -0.707106829 0 0.707106829 -1 0 0 -1 0 0 -1 0 0 -0.707106829 0 0.707106829 -0.707106829 0 0.707106829 1.49002801e-08 0 1 1.49002801e-08 0 1 1.49002801e-08 0 1 1.49002801e-08 0 1 1.49002801e-08 0 1 1.49002801e-08 0 1 1 0 -1.49002801e-08 1 0 -1.49002801e-08 1 0 -1.49002801e-08 1 0 -1.49002801e-08 1 0 -1.49002801e-08 1 0 -1.49002801e-08 0 0 -1 0 0 -1 0 0 -1 0 0 -1 0 0 -1 0 0 -1 -1 0 0 -1 0 0 -1 0 0 -1 0 0 -1 0 0 -1 0 0 0 0 -1 0 0 -1 0 0 -1 0 0 -1 0 0 -1 0 0 -1 2.13717881e-14 0 1 2.13717881e-14 0 1 2.13717881e-14 0 1 2.13717881e-14 0 1 2.13717881e-14 0 1 2.13717881e-14 0 1 1 0 -2.13717881e-14 1 0 -2.13717881e-14 1 0 -2.13717881e-14 1 0 -2.13717881e-14 1 0 -2.13717881e-14 1 0 -2.13717881e-14 -1 0 1.19209304e-07 -1 0 1.19209304e-07 -1 0 1.19209304e-07 -1 0 1.19209304e-07 -1 0 1.19209304e-07 -1 0 1.19209304e-07 1.19209304e-07 0 1 1.19209304e-07 0 1 1.19209304e-07 0 1 1.19209304e-07 0 1 1.19209304e-07 0 1 1.19209304e-07 0 1 1 0 0 1 0 0 1 0 0 1 0 0 1 0 0 1 0 0 0 0 -1 0 0 -1 0 0 -1 0 0 -1 0 0 -1 0 0 -1 -7.63694731e-14 0 1 -7.63694731e-14 0 1 -7.63694731e-14 0 1 -7.63694731e-14 0 1 -7.63694731e-14 0 1 -7.63694731e-14 0 1 0 0 -1 0 0 -1 0 0 -1 0 0 -1 0 0 -1 0 0 -1 -1 0 0 -1 0 0 -1 0 0 -1 0 0 -1 0 0 -1 0 0 0 0.0294939503 0.999564886 -0.70679909 0.0294939503 0.70679909 0 0.0294939503 0.999564886 -0.70679909 0.0294939503 0.70679909 0 0.0294939503 0.999564886 -0.70679909 0.0294939503 0.70679909 0 0.0294939503 0.999564886 -0.70679909 0.0294939503 0.70679909 0 0.0294939503 0.999564886 -0.70679909 0.0294939503 0.70679909 0 0.0294939503 0.999564886 -0.70679909 0.0294939503 0.70679909 0 0.0294939503 -0.999564886 0.70679909 0.0294939503 -0.70679909 0 0.0294939503 -0.999564886 0.70679909 0.0294939503 -0.70679909 0 0.0294939503 -0.999564886 0.70679909 0.0294939503 -0.70679909 0.70679909 0.0294939503 0.70679909 0 0.0294939503 0.999564886 0.70679909 0.0294939503 0.70679909 0 0.0294939503 0.999564886 0.70679909 0.0294939503 0.70679909 0 0.0294939503 0.999564886 -0.70679909 0.0294939503 -0.70679909 0 0.0294939503 -0.999564886 -0.70679909 0.0294939503 -0.70679909 0 0.0294939503 -0.999564886 -0.70679909 0.0294939503 -0.70679909 0 0.0294939503 -0.999564886 0 0.0294939503 0.999564886 -0.70679909 0.0294939503 0.70679909 0 0.0294939503 0.999564886 -0.70679909 0.0294939503 0.70679909 0 0.0294939503 0.999564886 -0.70679909 0.0294939503 0.70679909 0.70679909 0.0294939503 0.70679909 0 0.0294939503 0.999564886 0.70679909 0.0294939503 0.70679909 0 0.0294939503 0.999564886 0.70679909 0.0294939503 0.70679909 0 0.0294939503 0.999564886 -0.70679909 0.0294939503 -0.70679909 0 0.0294939503 -0.999564886 -0.70679909 0.0294939503 -0.70679909 0 0.0294939503 -0.999564886 -0.70679909 0.0294939503 -0.70679909 0 0.0294939503 -0.999564886 0 0.0294939503 -0.999564886 0.70679909 0.0294939503 -0.70679909 0 0.0294939503 -0.999564886 0.70679909 0.0294939503 -0.70679909 0 0.0294939503 -0.999564886 0.70679909 0.0294939503 -0.70679909 0.70679909 0.0294939503 -0.70679909 0.999564886 0.0294939503 0 0.70679909 0.0294939503 -0.70679909 0.999564886 0.0294939503 0 0.70679909 0.0294939503 -0.70679909 0.999564886 0.0294939503 0 -0.999564886 0.0294939503 0 -0.70679909 0.0294939503 -0.70679909 -0.70679909 0.0294939503 -0.70679909 -0.70679909 0.0294939503 -0.70679909 -0.999564886 0.0294939503 0 -0.999564886 0.0294939503 0 -0.999564886 0.0294939503 0 -0.70679909 0.0294939503 0.70679909 -0.999564886 0.0294939503 0 -0.70679909 0.0294939503 0.70679909 -0.999564886 0.0294939503 0 -0.70679909 0.0294939503 0.70679909 -0.999564886 0.0294939503 0 -0.70679909 0.0294939503 -0.70679909 -0.70679909 0.0294939503 -0.70679909 -0.70679909 0.0294939503 -0.70679909 -0.999564886 0.0294939503 0 -0.999564886 0.0294939503 0 0.70679909 0.0294939503 0.70679909 0.999564886 0.0294939503 0 0.999564886 0.0294939503 0 0.999564886 0.0294939503 0 0.70679909 0.0294939503 0.70679909 0.70679909 0.0294939503 0.70679909 0.70679909 0.0294939503 0.70679909 0.999564886 0.0294939503 0 0.999564886 0.0294939503 0 0.999564886 0.0294939503 0 0.70679909 0.0294939503 0.70679909 0.70679909 0.0294939503 0.70679909 0.70679909 0.0294939503 -0.70679909 0.999564886 0.0294939503 0 0.70679909 0.0294939503 -0.70679909 0.999564886 0.0294939503 0 0.70679909 0.0294939503 -0.70679909 0.999564886 0.0294939503 0 -0.70679909 0.0294939503 0.70679909 -0.999564886 0.0294939503 0 -0.999564886 0.0294939503 0 -0.999564886 0.0294939503 0 -0.70679909 0.0294939503 0.70679909 -0.70679909 0.0294939503 0.70679909 0.70679909 0.0294939503 0.70679909 0 0.0294939503 0.999564886 0.70679909 0.0294939503 0.70679909 0 0.0294939503 0.999564886 0.70679909 0.0294939503 0.70679909 0 0.0294939503 0.999564886 0.70679909 0.0294939503 0.70679909 0.999564886 0.0294939503 0 0.999564886 0.0294939503 0 0.999564886 0.0294939503 0 0.70679909 0.0294939503 0.70679909 0.70679909 0.0294939503 0.70679909 -0.999564886 0.0294939503 0 -0.70679909 0.0294939503 -0.70679909 -0.70679909 0.0294939503 -0.70679909 -0.70679909 0.0294939503 -0.70679909 -0.999564886 0.0294939503 0 -0.999564886 0.0294939503 0 -0.70679909 0.0294939503 -0.70679909 0 0.0294939503 -0.999564886 0 0.0294939503 -0.999564886 0 0.0294939503 -0.999564886 -0.70679909 0.0294939503 -0.70679909 -0.70679909 0.0294939503 -0.70679909 0 0.0294939503 -0.999564886 0.70679909 0.0294939503 -0.70679909 0 0.0294939503 -0.999564886 0.70679909 0.0294939503 -0.70679909 0 0.0294939503 -0.999564886 0.70679909 0.0294939503 -0.70679909 0.70679909 0.0294939503 -0.70679909 0.999564886 0.0294939503 0 0.70679909 0.0294939503 -0.70679909 0.999564886 0.0294939503 0 0.70679909 0.0294939503 -0.70679909 0.999564886 0.0294939503 0 -0.70679909 0.0294939503 0.70679909 -0.999564886 0.0294939503 0 -0.999564886 0.0294939503 0 -0.999564886 0.0294939503 0 -0.70679909 0.0294939503 0.70679909 -0.70679909 0.0294939503 0.70679909 0 0 1 0 0 1 0 0 1 0 0 1 0 0 1 0 0 1 1 0 0 1 0 0 1 0 0 1 0 0 1 0 0 1 0 0 -1 0 0 -1 0 0 -1 0 0 -1 0 0 -1 0 0 -1 0 0 0 0 -1 0 0 -1 0 0 -1 0 0 -1 0 0 -1 0 0 -1 0 -1 0 0 -1 0 0 -1 0 0 -1 0 0 -1 0 0 -1 0 0 0 -1 0 0 -1 0 0 -1 0 0 -1 0 0 -1 0 0 -1 0 -1 0 0 -1 0 0 -1 0 0 -1 0 0 -1 0 0 -1 0 1 0 0 1 0 0 1 0 0 1 0 0 1 0 0 1 0 0 -1 0 0 -1 0 0 -1 0 0 -1 0 0 -1 0 0 -1 0 0 0 0 1 0 0 1 0 0 1 0 0 1 0 0 1 0 0 1 0 -1 0 0 -1 0 0 -1 0 0 -1 0 0 -1 0 0 -1 0 0 -1 0 0 -1 0 0 -1 0 0 -1 0 0 -1 0 0 -1 0 0 -1 0 0 -1 0 0 -1 0 -1 0 0 -1 0 0 -1 0 0 -1 0 0 -1 0 0 -1 0 0 1 0 0 1 0 0 1 0 0 1 0 0 1 0 0 1 0 0 0 1 0 0 1 0 0 1 0 0 1 0 0 1 0 0 1 0 0 1 0 0 1 0 0 1 0 0 1 0 0 1 0 0 1 0 0 1 0 0 1 0 0 1 0 1 0 0 0.923879504 0 -0.382683396 0.923879504 0 -0.382683396 0.923879504 0 -0.382683396 1 0 0 1 0 0 0 0 -1 0.382683396 0 -0.923879504 0 0 -1 0.382683396 0 -0.923879504 0 0 -1 0.382683396 0 -0.923879504 0.923879504 0 -0.382683396 0.382683396 0 -0.923879504 0.382683396 0 -0.923879504 0.382683396 0 -0.923879504 0.923879504 0 -0.382683396 0.923879504 0 -0.382683396 0 0 -1 0 0 -1 0 0 -1 0 0 -1 0 0 -1 0 0 -1 0 0 -1 0 0 -1 0 0 -1 0 0 -1 0 0 -1 0 0 -1 0 0 -1 0 0 -1 0 0 -1 0 0 -1 0 0 -1 0 0 -1 -1 0 0 -1 0 0 -1 0 0 -1 0 0 -1 0 0 -1 0 0 0 1 0 0 1 0 0 1 0 0 1 0 0 1 0 0 1 0 1 0 0 1 0 0 1 0 0 1 0 0 1 0 0 1 0 0 0 1 0 0 1 0 0 1 0 0 1 0 0 1 0 0 1 0 0 1 0 0 1 0 0 1 0 0 1 0 0 1 0 0 1 0 0 1 0 0 1 0 0 1 0 0 1 0 0 1 0 0 1 0 0 1 0 0 1 0 0 1 0 0 1 0 0 1 0 0 1 0 -0.382683396 0 -0.923879504 0.382683396 0 -0.923879504 -0.382683396 0 -0.923879504 0.382683396 0 -0.923879504 -0.382683396 0 -0.923879504 0.382683396 0 -0.923879504 0 -1 0 0 -1 0 0 -1 0 0 -1 0 0 -1 0 0 -1 0 0 -1 0 0 -1 0 0 -1 0 0 -1 0 0 -1 0 0 -1 0 -1 0 0 -0.923879504 0 -0.382683396 -0.923879504 0 -0.382683396 -0.923879504 0 -0.382683396 -1 0 0 -1 0 0 -1 0 0 -1 0 0 -1 0 0 1 0 0 0.923879504 0 -0.382683396 0.923879504 0 -0.382683396 0.923879504 0 -0.382683396 1 0 0 1 0 0 1 0 0 1 0 0 1 0 0 -0.923879504 0 -0.382683396 -0.382683396 0 -0.923879504 -0.923879504 0 -0.382683396 -0.382683396 0 -0.923879504 -0.923879504 0 -0.382683396 -0.382683396 0 -0.923879504 0.923879504 0 -0.382683396 0.382683396 0 -0.923879504 0.382683396 0 -0.923879504 0.382683396 0 -0.923879504 0.923879504 0 -0.382683396 0.923879504 0 -0.382683396 -0.707106829 -0.707106829 0 0 -1 0 -0.707106829 -0.707106829 0 0 -1 0 -0.707106829 -0.707106829 0 0.707106829 -0.707106829 0 0 -1 0 0.707106829 -0.707106829 0 0 -1 0 0 -1 0 0.707106829 -0.707106829 0 0.707106829 -0.707106829 0 0.707106829 -0.707106829 0 0.707106829 0.707106829 0 0.707106829 -0.707106829 0 0.707106829 0.707106829 0 0.707106829 -0.707106829 0 0.707106829 0.707106829 0 -0.707106829 0.707106829 0 -0.707106829 -0.707106829 0 -0.707106829 0.707106829 0 -0.707106829 -0.707106829 0 -0.707106829 0.707106829 0 -0.707106829 -0.707106829 0 0 1 0 -0.707106829 0.707106829 0 -0.707106829 0.707106829 0 -0.707106829 0.707106829 0 0 1 0 0.707106829 0.707106829 0 0.707106829 0.707106829 0 0 1 0 0 1 0 0.707106829 0.707106829 0 0 1 0 0.707106829 0.707106829 0 0 0 -1 0 0 -1 0 0 -1 0 0 -1 0 0 -1 0 0 -1 0 0 -1 0 0 -1 0 0 -1 0 0 -1 0 0 -1 0 0 -1 0 0 -1 0 0 -1 0 0 -1 0 0 -1 0 0 -1 0 0 -1 0 0 -1 0 0 -1 0 0 -1 0 0 -1 0 0 -1 0 0 -1 0 0 -1 0 0 -1 0 0 -1 0 0 -1 0 0 -1 0 0 -1 0 0 -1 0 0 -1 0 0 -1 0 0 -1 0 0 -1 0 0 -1 0 0 -1 0 0 -1 0 0 -1 0 0 -1 0 0 -1 0 0 -1 -2.65039099e-14 0 -1 -2.65039099e-14 0 -1 -2.65039099e-14 0 -1 -2.65039099e-14 0 -1 -2.65039099e-14 0 -1 -2.65039099e-14 0 -1 -2.65039099e-14 0 -1 -2.65039099e-14 0 -1 -2.65039099e-14 0 -1 -2.65039099e-14 0 -1 -2.65039099e-14 0 -1 -2.65039099e-14 0 -1 -2.65039099e-14 0 -1 -2.65039099e-14 0 -1 -2.65039099e-14 0 -1 -2.65039099e-14 0 -1 -2.65039099e-14 0 -1 -2.65039099e-14 0 -1 -2.65039099e-14 0 -1 -2.65039099e-14 0 -1 -2.65039099e-14 0 -1 -2.65039099e-14 0 -1 -2.65039099e-14 0 -1 -2.65039099e-14 0 -1 -2.65039099e-14 0 -1 -2.65039099e-14 0 -1 -2.65039099e-14 0 -1 -2.65039099e-14 0 -1 -2.65039099e-14 0 -1 -2.65039099e-14 0 -1 -2.65039099e-14 0 -1 -2.65039099e-14 0 -1 -2.65039099e-14 0 -1 -2.65039099e-14 0 -1 -2.65039099e-14 0 -1 -2.65039099e-14 0 -1 -2.65039099e-14 0 -1 -2.65039099e-14 0 -1 -2.65039099e-14 0 -1 -2.65039099e-14 0 -1 -2.65039099e-14 0 -1 -2.65039099e-14 0 -1 -0.707106829 0.707106829 1.87410902e-14 0 1 0 -0.707106829 0.707106829 1.87410902e-14 0 1 0 0 1 0 -0.707106829 0.707106829 1.87410902e-14 -0.707106829 0.707106829 1.87410902e-14 0 1 0 0.707106829 0.707106829 -1.87410902e-14 0.707106829 0.707106829 -1.87410902e-14 0.707106829 0.707106829 -1.87410902e-14 0 1 0 0.707106829 -0.707106829 -1.87410902e-14 0.707106829 0.707106829 -1.87410902e-14 0.707106829 -0.707106829 -1.87410902e-14 0.707106829 0.707106829 -1.87410902e-14 0.707106829 -0.707106829 -1.87410902e-14 0.707106829 0.707106829 -1.87410902e-14 -0.707106829 0.707106829 1.87410902e-14 -0.707106829 -0.707106829 1.87410902e-14 -0.707106829 0.707106829 1.87410902e-14 -0.707106829 -0.707106829 1.87410902e-14 -0.707106829 0.707106829 1.87410902e-14 -0.707106829 -0.707106829 1.87410902e-14 -0.707106829 -0.707106829 1.87410902e-14 -0.707106829 -0.707106829 1.87410902e-14 0 -1 0 0 -1 0 -0.707106829 -0.707106829 1.87410902e-14 0 -1 0 -0.707106829 -0.707106829 1.87410902e-14 0.707106829 -0.707106829 -1.87410902e-14 0 -1 0 0.707106829 -0.707106829 -1.87410902e-14 0 -1 0 0.707106829 -0.707106829 -1.87410902e-14 -0.923879504 0 -0.382683396 -0.923879504 0 -0.382683396 -0.382683396 0 -0.923879504 -0.382683396 0 -0.923879504 -0.382683396 0 -0.923879504 -0.923879504 0 -0.382683396 0.382683396 0 -0.923879504 0.923879504 0 -0.382683396 0.382683396 0 -0.923879504 0.923879504 0 -0.382683396 0.382683396 0 -0.923879504 0.923879504 0 -0.382683396 -1 0 2.65039099e-14 -1 0 2.65039099e-14 -1 0 2.65039099e-14 -1 0 2.65039099e-14 -1 0 2.65039099e-14 -0.923879504 0 -0.382683396 -0.923879504 0 -0.382683396 -0.923879504 0 -0.382683396 -1 0 2.65039099e-14 1 0 -2.65039099e-14 1 0 -2.65039099e-14 1 0 -2.65039099e-14 1 0 -2.65039099e-14 1 0 -2.65039099e-14 0.923879504 0 -0.382683396 0.923879504 0 -0.382683396 0.923879504 0 -0.382683396 1 0 -2.65039099e-14 0 -1 0 0 -1 0 0 -1 0 0 -1 0 0 -1 0 0 -1 0 0 -1 0 0 -1 0 0 -1 0 0 -1 0 0 -1 0 0 -1 0 -0.382683396 0 -0.923879504 0.382683396 0 -0.923879504 -0.382683396 0 -0.923879504 0.382683396 0 -0.923879504 -0.382683396 0 -0.923879504 0.382683396 0 -0.923879504 0 1 0 0 1 0 0 1 0 0 1 0 0 1 0 0 1 0 0 1 0 0 1 0 0 1 0 0 1 0 0 1 0 0 1 0 0 1 0 0 1 0 0 1 0 0 1 0 0 1 0 0 1 0 0 1 0 0 1 0 0 1 0 0 1 0 0 1 0 0 1 0 -1 0 2.65039099e-14 -1 0 2.65039099e-14 -1 0 2.65039099e-14 -1 0 2.65039099e-14 -1 0 2.65039099e-14 -1 0 2.65039099e-14 0 1 0 0 1 0 0 1 0 0 1 0 0 1 0 0 1 0 1 0 -2.65039099e-14 1 0 -2.65039099e-14 1 0 -2.65039099e-14 1 0 -2.65039099e-14 1 0 -2.65039099e-14 1 0 -2.65039099e-14 -2.65039099e-14 0 -1 -2.65039099e-14 0 -1 -2.65039099e-14 0 -1 -2.65039099e-14 0 -1 -2.65039099e-14 0 -1 -2.65039099e-14 0 -1 -2.65039099e-14 0 -1 -2.65039099e-14 0 -1 -2.65039099e-14 0 -1 -2.65039099e-14 0 -1 -2.65039099e-14 0 -1 -2.65039099e-14 0 -1 -2.65039099e-14 0 -1 -2.65039099e-14 0 -1 -2.65039099e-14 0 -1 -2.65039099e-14 0 -1 -2.65039099e-14 0 -1 -2.65039099e-14 0 -1 -0.923879504 0 -0.382683396 -0.923879504 0 -0.382683396 -0.382683396 0 -0.923879504 -0.382683396 0 -0.923879504 -0.382683396 0 -0.923879504 -0.923879504 0 -0.382683396 -0.382683396 0 -0.923879504 -2.65039099e-14 0 -1 -0.382683396 0 -0.923879504 -2.65039099e-14 0 -1 -0.382683396 0 -0.923879504 -2.65039099e-14 0 -1 -1 0 2.65039099e-14 -1 0 2.65039099e-14 -0.923879504 0 -0.382683396 -0.923879504 0 -0.382683396 -0.923879504 0 -0.382683396 -1 0 2.65039099e-14 0 1 0 0 1 0 0 1 0 0 1 0 0 1 0 0 1 0 0 1 0 0 1 0 0 1 0 0 1 0 0 1 0 0 1 0 0 1 0 0 1 0 0 1 0 -1 0 2.65039099e-14 -1 0 2.65039099e-14 -1 0 2.65039099e-14 -1 0 2.65039099e-14 -1 0 2.65039099e-14 -1 0 2.65039099e-14 1 0 -2.65039099e-14 1 0 -2.65039099e-14 1 0 -2.65039099e-14 1 0 -2.65039099e-14 1 0 -2.65039099e-14 1 0 -2.65039099e-14 0 -1 0 0 -1 0 0 -1 0 0 -1 0 0 -1 0 0 -1 0 0 -1 0 0 -1 0 0 -1 0 0 -1 0 0 -1 0 0 -1 0 0 -1 0 0 -1 0 0 -1 0 8.42937169e-08 -0.707106829 0.707107008 -8.42937169e-08 -0.707106829 -0.707107008 8.42937169e-08 -0.707106829 0.707107008 -8.42937169e-08 -0.707106829 -0.707107008 8.42937169e-08 -0.707106829 0.707107008 -8.42937169e-08 -0.707106829 -0.707107008 -8.42937169e-08 0.707106829 -0.707107008 8.42937169e-08 0.707106829 0.707107008 8.42937169e-08 0.707106829 0.707107008 8.42937169e-08 0.707106829 0.707107008 -8.42937169e-08 0.707106829 -0.707107008 -8.42937169e-08 0.707106829 -0.707107008 -4.561943e-08 0.923879504 -0.382683605 4.561943e-08 0.923879504 0.382683605 -4.561943e-08 0.923879504 -0.382683605 4.561943e-08 0.923879504 0.382683605 -4.561943e-08 0.923879504 -0.382683605 4.561943e-08 0.923879504 0.382683605 4.561943e-08 -0.923879504 0.382683605 -4.561943e-08 -0.923879504 -0.382683605 -4.561943e-08 -0.923879504 -0.382683605 -4.561943e-08 -0.923879504 -0.382683605 4.561943e-08 -0.923879504 0.382683605 4.561943e-08 -0.923879504 0.382683605 1.10134998e-07 0.382683396 0.923879921 4.561943e-08 0.923879504 0.382683605 1.10134998e-07 0.382683396 0.923879921 4.561943e-08 0.923879504 0.382683605 1.10134998e-07 0.382683396 0.923879921 4.561943e-08 0.923879504 0.382683605 4.561943e-08 -0.923879504 0.382683605 1.10134998e-07 -0.382683396 0.923879921 1.10134998e-07 -0.382683396 0.923879921 1.10134998e-07 -0.382683396 0.923879921 4.561943e-08 -0.923879504 0.382683605 4.561943e-08 -0.923879504 0.382683605 -1.10134998e-07 -0.382683396 -0.923879921 -4.561943e-08 -0.923879504 -0.382683605 -1.10134998e-07 -0.382683396 -0.923879921 -4.561943e-08 -0.923879504 -0.382683605 -1.10134998e-07 -0.382683396 -0.923879921 -4.561943e-08 -0.923879504 -0.382683605 -4.561943e-08 0.923879504 -0.382683605 -1.10134998e-07 0.382683396 -0.923879921 -4.561943e-08 0.923879504 -0.382683605 -1.10134998e-07 0.382683396 -0.923879921 -4.561943e-08 0.923879504 -0.382683605 -1.10134998e-07 0.382683396 -0.923879921 -1 0 1.19209304e-07 -0.923879921 0 -0.382683486 -0.923879921 0 -0.382683486 -0.923879921 0 -0.382683486 -1 0 1.19209304e-07 -1 0 1.19209304e-07 -0.382683694 0 -0.923879802 -0.923879921 0 -0.382683486 -0.923879921 0 -0.382683486 -0.923879921 0 -0.382683486 -0.382683694 0 -0.923879802 -0.382683694 0 -0.923879802 0 -1 0 0 -1 0 0 -1 0 0 -1 0 0 -1 0 0 -1 0 0 -1 0 0 -1 0 0 -1 0 0 1 0 0 1 0 0 1 0 0 1 0 0 1 0 0 1 0 0 1 0 0 1 0 0 1 0 0 1 0 0 1 0 0 1 0 0 1 0 0 1 0 0 1 0 8.42937169e-08 0.707106829 0.707107008 8.42937169e-08 -0.707106829 0.707107008 8.42937169e-08 0.707106829 0.707107008 8.42937169e-08 -0.707106829 0.707107008 8.42937169e-08 0.707106829 0.707107008 8.42937169e-08 -0.707106829 0.707107008 -8.42937169e-08 -0.707106829 -0.707107008 -8.42937169e-08 0.707106829 -0.707107008 -8.42937169e-08 -0.707106829 -0.707107008 -8.42937169e-08 0.707106829 -0.707107008 -8.42937169e-08 -0.707106829 -0.707107008 -8.42937169e-08 0.707106829 -0.707107008 1.10134998e-07 -0.382683396 0.923879921 1.10134998e-07 0.382683396 0.923879921 1.10134998e-07 -0.382683396 0.923879921 1.10134998e-07 0.382683396 0.923879921 1.10134998e-07 -0.382683396 0.923879921 1.10134998e-07 0.382683396 0.923879921 -1.10134998e-07 0.382683396 -0.923879921 -1.10134998e-07 -0.382683396 -0.923879921 -1.10134998e-07 0.382683396 -0.923879921 -1.10134998e-07 -0.382683396 -0.923879921 -1.10134998e-07 0.382683396 -0.923879921 -1.10134998e-07 -0.382683396 -0.923879921 -1 0 1.19209304e-07 -1 0 1.19209304e-07 -1 0 1.19209304e-07 -1 0 1.19209304e-07 -1 0 1.19209304e-07 -1 0 1.19209304e-07 -1 0 1.19209304e-07 -1 0 1.19209304e-07 -1 0 1.19209304e-07 -1 0 1.19209304e-07 -1 0 1.19209304e-07 -1 0 1.19209304e-07 -1 0 1.19209304e-07 -1 0 1.19209304e-07 -1 0 1.19209304e-07 -1 0 1.19209304e-07 -1 0 1.19209304e-07 -1 0 1.19209304e-07 -1 0 1.19209304e-07 -1 0 1.19209304e-07 -1 0 1.19209304e-07 -1 0 1.19209304e-07 -1 0 1.19209304e-07 -1 0 1.19209304e-07 -1 0 1.19209304e-07 -1 0 1.19209304e-07 -1 0 1.19209304e-07 -1 0 1.19209304e-07 -1 0 1.19209304e-07 -1 0 1.19209304e-07 -1 0 1.19209304e-07 -1 0 1.19209304e-07 -1 0 1.19209304e-07 -1 0 1.19209304e-07 -1 0 1.19209304e-07 -1 0 1.19209304e-07 -1.19209304e-07 0 -1 -0.382683694 0 -0.923879802 -0.382683694 0 -0.923879802 -0.382683694 0 -0.923879802 -1.19209304e-07 0 -1 -1.19209304e-07 0 -1 8.42937169e-08 0.707106829 0.707107008 8.42937169e-08 -0.707106829 0.707107008 8.42937169e-08 0.707106829 0.707107008 8.42937169e-08 -0.707106829 0.707107008 8.42937169e-08 0.707106829 0.707107008 8.42937169e-08 -0.707106829 0.707107008 -8.42937169e-08 -0.707106829 -0.707107008 8.42937169e-08 -0.707106829 0.707107008 8.42937169e-08 -0.707106829 0.707107008 8.42937169e-08 -0.707106829 0.707107008 -8.42937169e-08 -0.707106829 -0.707107008 -8.42937169e-08 -0.707106829 -0.707107008 8.42937169e-08 0.707106829 0.707107008 -8.42937169e-08 0.707106829 -0.707107008 8.42937169e-08 0.707106829 0.707107008 -8.42937169e-08 0.707106829 -0.707107008 8.42937169e-08 0.707106829 0.707107008 -8.42937169e-08 0.707106829 -0.707107008 -8.42937169e-08 -0.707106829 -0.707107008 -8.42937169e-08 0.707106829 -0.707107008 -8.42937169e-08 -0.707106829 -0.707107008 -8.42937169e-08 0.707106829 -0.707107008 -8.42937169e-08 -0.707106829 -0.707107008 -8.42937169e-08 0.707106829 -0.707107008 -1 0 1.19209304e-07 -1 0 1.19209304e-07 -1 0 1.19209304e-07 -1 0 1.19209304e-07 -1 0 1.19209304e-07 -1 0 1.19209304e-07 -1 0 1.19209304e-07 -1 0 1.19209304e-07 -1 0 1.19209304e-07 -1 0 1.19209304e-07 -1 0 1.19209304e-07 -1 0 1.19209304e-07 -1 0 1.19209304e-07 -1 0 1.19209304e-07 -1 0 1.19209304e-07 -1 0 1.19209304e-07 -1 0 1.19209304e-07 -1 0 1.19209304e-07 -1 0 1.19209304e-07 -1 0 1.19209304e-07 -1 0 1.19209304e-07 -1 0 1.19209304e-07 -1 0 1.19209304e-07 -1 0 1.19209304e-07 -1 0 0 -1 0 0 -1 0 0 -1 0 0 -1 0 0 -1 0 0 1 0 0 1 0 0 1 0 0 1 0 0 1 0 0 1 0 0 0 -1 0 0 -1 0 0 -1 0 0 -1 0 0 -1 0 0 -1 0 -1 0 0 -0.923879504 0.382683396 0 -1 0 0 -0.923879504 0.382683396 0 -1 0 0 -0.923879504 0.382683396 0 0.923879504 0.382683396 0 1 0 0 0.923879504 0.382683396 0 1 0 0 0.923879504 0.382683396 0 1 0 0 -0.382683396 0.923879504 0 0.382683396 0.923879504 0 0.382683396 0.923879504 0 0.382683396 0.923879504 0 -0.382683396 0.923879504 0 -0.382683396 0.923879504 0 -0.923879504 0.382683396 0 -0.382683396 0.923879504 0 -0.923879504 0.382683396 0 -0.382683396 0.923879504 0 -0.923879504 0.382683396 0 -0.382683396 0.923879504 0 0.382683396 0.923879504 0 0.923879504 0.382683396 0 0.382683396 0.923879504 0 0.923879504 0.382683396 0 0.382683396 0.923879504 0 0.923879504 0.382683396 0 0 0 -1 0 0 -1 0 0 -1 0 0 -1 0 0 -1 0 0 -1 0 0 -1 0 0 -1 0 0 -1 0 0 -1 0 0 -1 0 0 -1 0 0 -1 0 0 -1 0 0 -1 0 0 -1 0 0 -1 0 0 -1 0 0 -1 0 0 -1 0 0 -1 0 0 -1 0 0 -1 0 0 -1 0 0 -1 0 0 -1 0 0 -1 0 0 -1 0 0 -1 0 0 -1 0 0 -1 0 0 -1 0 0 -1 0 0 -1 0 0 -1 0 0 -1 0 -1 0 0 -1 0 0 -1 0 0 -1 0 0 -1 0 0 -1 0 0 -1 0 0 -1 0 0 -1 0 0 -1 0 0 -1 0 0 -1 0 0 -1 0 0 -1 0 0 -1 0 0 -1 0 0 -1 0 0 -1 0 0 1 0 0 1 0 0 1 0 0 1 0 0 1 0 0 1 0 0 1 0 0 1 0 0 1 0 0 1 0 0 1 0 0 1 0 0 0 -1 0 0 -1 0 0 -1 0 0 -1 0 0 -1 0 0 -1 0.707106829 0.707106829 0 0.707106829 0.707106829 0 -0.707106829 0.707106829 0 -0.707106829 0.707106829 0 -0.707106829 0.707106829 0 0.707106829 0.707106829 0 0.707106829 0.707106829 0 0.707106829 -0.707106829 0 0.707106829 0.707106829 0 0.707106829 -0.707106829 0 0.707106829 0.707106829 0 0.707106829 -0.707106829 0 -0.707106829 -0.707106829 0 -0.707106829 0.707106829 0 -0.707106829 -0.707106829 0 -0.707106829 0.707106829 0 -0.707106829 -0.707106829 0 -0.707106829 0.707106829 0 0.707106829 -0.707106829 0 0.707106829 -0.707106829 0 -0.707106829 -0.707106829 0 -0.707106829 -0.707106829 0 -0.707106829 -0.707106829 0 0.707106829 -0.707106829 0 0 0 -1 0 0 -1 0 0 -1 0 0 -1 0 0 -1 0 0 -1 0.707106829 0.707106829 0 0.707106829 0.707106829 0 -0.707106829 0.707106829 0 -0.707106829 0.707106829 0 -0.707106829 0.707106829 0 0.707106829 0.707106829 0 0.707106829 0.707106829 0 0.707106829 -0.707106829 0 0.707106829 0.707106829 0 0.707106829 -0.707106829 0 0.707106829 0.707106829 0 0.707106829 -0.707106829 0 -0.707106829 -0.707106829 0 -0.707106829 0.707106829 0 -0.707106829 -0.707106829 0 -0.707106829 0.707106829 0 -0.707106829 -0.707106829 0 -0.707106829 0.707106829 0 0.707106829 -0.707106829 0 0.707106829 -0.707106829 0 -0.707106829 -0.707106829 0 -0.707106829 -0.707106829 0 -0.707106829 -0.707106829 0 0.707106829 -0.707106829 0 -0.707106829 0 -0.707106829 0 0 -1 -0.707106829 0 -0.707106829 0 0 -1 -0.707106829 0 -0.707106829 0 0 -1 0.707106829 0 0.707106829 1 0 0 1 0 0 1 0 0 0.707106829 0 0.707106829 0.707106829 0 0.707106829 0 0 -1 0.707106829 0 -0.707106829 0 0 -1 0.707106829 0 -0.707106829 0 0 -1 0.707106829 0 -0.707106829 1 0 0 0.707106829 0 -0.707106829 0.707106829 0 -0.707106829 0.707106829 0 -0.707106829 1 0 0 1 0 0 0.707106829 0 0.707106829 0 0 1 0.707106829 0 0.707106829 0 0 1 0.707106829 0 0.707106829 0 0 1 0 0 1 -0.707106829 0 0.707106829 0 0 1 -0.707106829 0 0.707106829 0 0 1 -0.707106829 0 0.707106829 -0.707106829 0 0.707106829 -1 0 0 -1 0 0 -1 0 0 -0.707106829 0 0.707106829 -0.707106829 0 0.707106829 -1 0 0 -0.707106829 0 -0.707106829 -0.707106829 0 -0.707106829 -0.707106829 0 -0.707106829 -1 0 0 -1 0 0 0 -1 0 0 -1 0 0 -1 0 0 -1 0 0 -1 0 0 -1 0 0 -1 0 0 -1 0 0 -1 0 0 -1 0 0 -1 0 0 -1 0 0 -1 0 0 -1 0 0 -1 0 0 -1 0 0 -1 0 0 -1 0 0 -1 0 0 -1 0 0 -1 0 0 -1 0 0 -1 0 0 -1 0 -0.366292387 0.930499792 0 0 1 0 0 1 0 0 1 0 -0.366292387 0.930499792 0 -0.366292387 0.930499792 0 0 0 1 0 0 1 0 0 1 0 0 1 0 0 1 0 0 1 0 0 1 0 0 1 0 0 1 1 0 0 1 0 0 1 0 0 1 0 0 1 0 0 1 0 0 0 0 -1 0 0 -1 0 0 -1 0 0 -1 0 0 -1 0 0 -1 0 0 -1 0 0 -1 0 0 -1 -1 0 0 -0.917997181 0.396586895 0 -1 0 0 -0.917997181 0.396586895 0 -1 0 0 -0.917997181 0.396586895 0 -0.917997181 0.396586895 0 -0.366292387 0.930499792 0 -0.917997181 0.396586895 0 -0.366292387 0.930499792 0 -0.917997181 0.396586895 0 -0.366292387 0.930499792 0 -1 0 0 -0.707106829 0 -0.707106829 -0.707106829 0 -0.707106829 -0.707106829 0 -0.707106829 -1 0 0 -1 0 0 -0.707106829 0 -0.707106829 0 0 -1 -0.707106829 0 -0.707106829 0 0 -1 -0.707106829 0 -0.707106829 0 0 -1 0.707106829 0 0.707106829 1 0 0 1 0 0 1 0 0 0.707106829 0 0.707106829 0.707106829 0 0.707106829 1 0 0 0.707106829 0 -0.707106829 0.707106829 0 -0.707106829 0.707106829 0 -0.707106829 1 0 0 1 0 0 -0.707106829 0 0.707106829 -1 0 0 -1 0 0 -1 0 0 -0.707106829 0 0.707106829 -0.707106829 0 0.707106829 0 0 1 -0.707106829 0 0.707106829 0 0 1 -0.707106829 0 0.707106829 0 0 1 -0.707106829 0 0.707106829 0 0 -1 0.707106829 0 -0.707106829 0 0 -1 0.707106829 0 -0.707106829 0 0 -1 0.707106829 0 -0.707106829 0.707106829 0 0.707106829 0 0 1 0.707106829 0 0.707106829 0 0 1 0.707106829 0 0.707106829 0 0 1 0 1 0 0 1 0 0 1 0 0 1 0 0 1 0 0 1 0 0 1 0 0 1 0 0 1 0 0 1 0 0 1 0 0 1 0 0 1 0 0 1 0 0 1 0 0 1 0 0 1 0 0 1 0 0 -1 0 0 -1 0 0 -1 0 0 -1 0 0 -1 0 0 -1 0 0 -1 0 0 -1 0 0 -1 0 0 -1 0 0 -1 0 0 -1 0 0 -1 0 0 -1 0 0 -1 0 0 -1 0 0 -1 0 0 -1 0 -1 0 0 -0.707106829 0 -0.707106829 -0.707106829 0 -0.707106829 -0.707106829 0 -0.707106829 -1 0 0 -1 0 0 -0.707106829 0 -0.707106829 0 0 -1 -0.707106829 0 -0.707106829 0 0 -1 -0.707106829 0 -0.707106829 0 0 -1 0.707106829 0 0.707106829 1 0 0 1 0 0 1 0 0 0.707106829 0 0.707106829 0.707106829 0 0.707106829 1 0 0 0.707106829 0 -0.707106829 0.707106829 0 -0.707106829 0.707106829 0 -0.707106829 1 0 0 1 0 0 -0.707106829 0 0.707106829 -1 0 0 -1 0 0 -1 0 0 -0.707106829 0 0.707106829 -0.707106829 0 0.707106829 0 0 1 -0.707106829 0 0.707106829 0 0 1 -0.707106829 0 0.707106829 0 0 1 -0.707106829 0 0.707106829 0 0 -1 0.707106829 0 -0.707106829 0 0 -1 0.707106829 0 -0.707106829 0 0 -1 0.707106829 0 -0.707106829 0.707106829 0 0.707106829 0 0 1 0.707106829 0 0.707106829 0 0 1 0.707106829 0 0.707106829 0 0 1 0 1 0 0 1 0 0 1 0 0 1 0 0 1 0 0 1 0 0 1 0 0 1 0 0 1 0 0 1 0 0 1 0 0 1 0 0 1 0 0 1 0 0 1 0 0 1 0 0 1 0 0 1 0 0 -1 0 0 -1 0 0 -1 0 0 -1 0 0 -1 0 0 -1 0 0 -1 0 0 -1 0 0 -1 0 0 -1 0 0 -1 0 0 -1 0 0 -1 0 0 -1 0 0 -1 0 0 -1 0 0 -1 0 0 -1 0 -1 0 0 -1 0 0 -1 0 0 -1 0 0 -1 0 0 -1 0 0 1 0 0 1 0 0 1 0 0 1 0 0 1 0 0 1 0 0 0 -1 0 0 -1 0 0 -1 0 0 -1 0 0 -1 0 0 -1 0 0 1 0 0 1 0 0 1 0 0 1 0 0 1 0 0 1 0 -1 0 0 -0.923879504 0.382683396 0 -1 0 0 -0.923879504 0.382683396 0 -1 0 0 -0.923879504 0.382683396 0 0 0 -1 0 0 -1 0 0 -1 0 0 -1 0 0 -1 0 0 -1 0 0 -1 0 0 -1 0 0 -1 0 0 -1 0 0 -1 0 0 -1 0 0 -1 0 0 -1 0 0 -1 0 0 -1 0 0 -1 0 0 -1 0 0 -1 0 0 -1 0 0 -1 0 0 -1 0 0 -1 0 0 -1 0 0 -1 0 0 -1 0 0 -1 0 0 -1 0 0 -1 0 0 -1 0 0 -1 0 0 -1 0 0 -1 0 0 -1 0 0 -1 0 0 -1 0 1 0 0 1 0 0 1 0 0 1 0 0 1 0 0 1 0 -0.382683396 0.923879504 0 0.382683396 0.923879504 0 0.382683396 0.923879504 0 0.382683396 0.923879504 0 -0.382683396 0.923879504 0 -0.382683396 0.923879504 0 0.923879504 0.382683396 0 1 0 0 0.923879504 0.382683396 0 1 0 0 0.923879504 0.382683396 0 1 0 0 0.382683396 0.923879504 0 0.923879504 0.382683396 0 0.382683396 0.923879504 0 0.923879504 0.382683396 0 0.382683396 0.923879504 0 0.923879504 0.382683396 0 -0.923879504 0.382683396 0 -0.382683396 0.923879504 0 -0.923879504 0.382683396 0 -0.382683396 0.923879504 0 -0.923879504 0.382683396 0 -0.382683396 0.923879504 0 0 -1 0 0 -1 0 0 -1 0 0 -1 0 0 -1 0 0 -1 0 0 -1 0 0 -1 0 0 -1 0 0 -1 0 0 -1 0 0 -1 0 0 -1 0 0 -1 0 0 -1 0 0 -1 0 0 -1 0 0 -1 0 -0.707106829 -0.707106829 0 0.707106829 -0.707106829 0 0.707106829 -0.707106829 0 0.707106829 -0.707106829 0 -0.707106829 -0.707106829 0 -0.707106829 -0.707106829 0 0.707106829 0.707106829 0 0.707106829 -0.707106829 0 0.707106829 0.707106829 0 0.707106829 -0.707106829 0 0.707106829 0.707106829 0 0.707106829 -0.707106829 0 -0.707106829 -0.707106829 0 -0.707106829 0.707106829 0 -0.707106829 -0.707106829 0 -0.707106829 0.707106829 0 -0.707106829 -0.707106829 0 -0.707106829 0.707106829 0 -0.707106829 0.707106829 0 0.707106829 0.707106829 0 0.707106829 0.707106829 0 0.707106829 0.707106829 0 -0.707106829 0.707106829 0 -0.707106829 0.707106829 0 0 0 -1 0 0 -1 0 0 -1 0 0 -1 0 0 -1 0 0 -1 0 0 1 0 0 1 0 0 1 0 0 1 0 0 1 0 0 1 -0.707106829 0 -0.707106829 0.707106829 0 -0.707106829 -0.707106829 0 -0.707106829 0.707106829 0 -0.707106829 -0.707106829 0 -0.707106829 0.707106829 0 -0.707106829 -1 0 0 -0.707106829 0 -0.707106829 -0.707106829 0 -0.707106829 -0.707106829 0 -0.707106829 -1 0 0 -1 0 0 0 1 0 0 1 0 0 1 0 0 1 0 0 1 0 0 1 0 0 -1 0 0 -1 0 0 -1 0 0 -1 0 0 -1 0 0 -1 0 1 0 0 0.707106829 0 -0.707106829 0.707106829 0 -0.707106829 0.707106829 0 -0.707106829 1 0 0 1 0 0 0 1 0 0 1 0 0 1 0 0 1 0 0 1 0 0 1 0 -1.19209304e-07 0 1 -1.19209304e-07 0 1 -1.19209304e-07 0 1 -1.19209304e-07 0 1 -1.19209304e-07 0 1 -1.19209304e-07 0 1 1 0 1.19209304e-07 1 0 1.19209304e-07 1 0 1.19209304e-07 1 0 1.19209304e-07 1 0 1.19209304e-07 1 0 1.19209304e-07 1 0 -3.47971706e-13 1 0 -3.47971706e-13 1 0 -3.47971706e-13 1 0 -3.47971706e-13 1 0 -3.47971706e-13 1 0 -3.47971706e-13 -3.47971706e-13 0 -1 -3.47971706e-13 0 -1 -3.47971706e-13 0 -1 -3.47971706e-13 0 -1 -3.47971706e-13 0 -1 -3.47971706e-13 0 -1 0 -1 0 0 -1 0 0 -1 0 0 -1 0 0 -1 0 0 -1 0 0 -1 0 0 -1 0 0 -1 0 0 -1 0 0 -1 0 0 -1 0 0 -1 0 0 -1 0 0 -1 0 0 -1 0 0 -1 0 0 -1 0 0 -1 0 0 -1 0 0 -1 0 0 -1 0 0 -1 0 0 -1 0 0 -1 0 0 -1 0 0 -1 0 0 -1 0 0 -1 0 0 -1 0 0 -1 0 0 -1 0 0 -1 0 0 -1 0 0 -1 0 0 -1 0 -1 0 -1.49007997e-08 -1 0 -1.49007997e-08 -1 0 -1.49007997e-08 -1 0 -1.49007997e-08 -1 0 -1.49007997e-08 -1 0 -1.49007997e-08 -1.49007997e-08 0 1 -1.49007997e-08 0 1 -1.49007997e-08 0 1 -1.49007997e-08 0 1 -1.49007997e-08 0 1 -1.49007997e-08 0 1 -7.63694731e-14 0 1 -7.63694731e-14 0 1 -7.63694731e-14 0 1 -7.63694731e-14 0 1 -7.63694731e-14 0 1 -7.63694731e-14 0 1 0.999564886 0.0294939503 0 0.70679909 0.0294939503 -0.70679909 0.999564886 0.0294939503 0 0.70679909 0.0294939503 0.70679909 0.999564886 0.0294939503 0 0.999564886 0.0294939503 0 0.70679909 0.0294939503 -0.70679909 0.999564886 0.0294939503 0 0.70679909 0.0294939503 -0.70679909 0.999564886 0.0294939503 0 0.70679909 0.0294939503 0.70679909 0.70679909 0.0294939503 0.70679909 0.70679909 0.0294939503 -0.70679909 0 0.0294939503 -0.999564886 0.70679909 0.0294939503 -0.70679909 0 0.0294939503 -0.999564886 0.70679909 0.0294939503 -0.70679909 0 0.0294939503 -0.999564886 0 0.0294939503 0.999564886 0.70679909 0.0294939503 0.70679909 0.70679909 0.0294939503 0.70679909 0.70679909 0.0294939503 0.70679909 0 0.0294939503 0.999564886 0 0.0294939503 0.999564886 0 0.0294939503 -0.999564886 -0.70679909 0.0294939503 -0.70679909 0 0.0294939503 -0.999564886 -0.70679909 0.0294939503 -0.70679909 0 0.0294939503 -0.999564886 -0.70679909 0.0294939503 -0.70679909 -0.999564886 0.0294939503 0 -0.70679909 0.0294939503 -0.70679909 -0.70679909 0.0294939503 -0.70679909 -0.70679909 0.0294939503 -0.70679909 -0.999564886 0.0294939503 0 -0.999564886 0.0294939503 0 0 0.0294939503 0.999564886 -0.70679909 0.0294939503 0.70679909 0 0.0294939503 0.999564886 -0.70679909 0.0294939503 0.70679909 -0.999564886 0.0294939503 0 -0.999564886 0.0294939503 0 -0.70679909 0.0294939503 0.70679909 0 0.0294939503 0.999564886 -0.70679909 0.0294939503 0.70679909 -0.999564886 0.0294939503 0 -0.70679909 0.0294939503 0.70679909 -0.70679909 0.0294939503 0.70679909 -0.999564886 0.0294939503 0 -0.70679909 0.0294939503 0.70679909 -0.70679909 0.0294939503 0.70679909 -0.70679909 0.0294939503 0.70679909 0 0.0294939503 0.999564886 -0.70679909 0.0294939503 0.70679909 -0.70679909 0.0294939503 0.70679909 -0.999564886 0.0294939503 0 -0.999564886 0.0294939503 0 0 0.0294939503 0.999564886 -0.70679909 0.0294939503 0.70679909 0 0.0294939503 0.999564886 -0.70679909 0.0294939503 -0.70679909 -0.999564886 0.0294939503 0 -0.999564886 0.0294939503 0 -0.999564886 0.0294939503 0 -0.70679909 0.0294939503 -0.70679909 -0.70679909 0.0294939503 -0.70679909 -0.70679909 0.0294939503 -0.70679909 0 0.0294939503 -0.999564886 -0.70679909 0.0294939503 -0.70679909 0 0.0294939503 -0.999564886 -0.70679909 0.0294939503 -0.70679909 0 0.0294939503 -0.999564886 0 0.0294939503 -0.999564886 0.70679909 0.0294939503 -0.70679909 0 0.0294939503 -0.999564886 0.70679909 0.0294939503 -0.70679909 0 0.0294939503 -0.999564886 0.70679909 0.0294939503 -0.70679909 0 0.0294939503 0.999564886 0.70679909 0.0294939503 0.70679909 0 0.0294939503 0.999564886 0.70679909 0.0294939503 0.70679909 0 0.0294939503 0.999564886 0.70679909 0.0294939503 0.70679909 0.70679909 0.0294939503 -0.70679909 0.999564886 0.0294939503 0 0.70679909 0.0294939503 -0.70679909 0.999564886 0.0294939503 0 0.70679909 0.0294939503 0.70679909 0.70679909 0.0294939503 0.70679909 0.999564886 0.0294939503 0 0.70679909 0.0294939503 -0.70679909 0.999564886 0.0294939503 0 0.70679909 0.0294939503 0.70679909 0.999564886 0.0294939503 0 0.999564886 0.0294939503 0 -1.19209304e-07 0 -1 -1.19209304e-07 0 -1 -1.19209304e-07 0 -1 -1.19209304e-07 0 -1 -1.19209304e-07 0 -1 -1.19209304e-07 0 -1 -1 0 1.19209304e-07 -1 0 1.19209304e-07 -1 0 1.19209304e-07 -1 0 1.19209304e-07 -1 0 1.19209304e-07 -1 0 1.19209304e-07 -1 0 1.19209304e-07 -1 0 1.19209304e-07 -1 0 1.19209304e-07 -1 0 1.19209304e-07 -1 0 1.19209304e-07 -1 0 1.19209304e-07 -1 0 1.19209304e-07 -1 0 1.19209304e-07 -1 0 1.19209304e-07 -1 0 1.19209304e-07 -1 0 1.19209304e-07 -1 0 1.19209304e-07 -1 0 1.19209304e-07 -1 0 1.19209304e-07 -1 0 1.19209304e-07 -1 0 1.19209304e-07 -1 0 1.19209304e-07 -1 0 1.19209304e-07 -1 0 1.19209304e-07 -1 0 1.19209304e-07 -1 0 1.19209304e-07 -1 0 1.19209304e-07 -1 0 1.19209304e-07 -1 0 1.19209304e-07 -1 0 1.19209304e-07 -1 0 1.19209304e-07 -1 0 1.19209304e-07 -1 0 1.19209304e-07 -1 0 1.19209304e-07 -1 0 1.19209304e-07 0 0 -1 0 0 -1 0 0 -1 0 0 -1 0 0 -1 0 0 -1 0 0 -1 0 0 -1 0 0 -1 0 0 -1 0 0 -1 0 0 -1 0 0 -1 0 0 -1 0 0 -1 0 0 -1 0 0 -1 0 0 -1 0 0 -1 0 0 -1 0 0 -1 0 0 -1 0 0 -1 0 0 -1 -1 0 1.19209304e-07 -1 0 1.19209304e-07 -1 0 1.19209304e-07 -1 0 1.19209304e-07 -1 0 1.19209304e-07 -1 0 1.19209304e-07 1 0 -1.19209304e-07 1 0 -1.19209304e-07 1 0 -1.19209304e-07 1 0 -1.19209304e-07 1 0 -1.19209304e-07 1 0 -1.19209304e-07 -1 0 1.19209304e-07 -1 0 1.19209304e-07 -1 0 1.19209304e-07 -1 0 1.19209304e-07 -1 0 1.19209304e-07 -1 0 1.19209304e-07 -1 0 1.19209304e-07 -1 0 1.19209304e-07 -1 0 1.19209304e-07 -1 0 1.19209304e-07 -1 0 1.19209304e-07 -1 0 1.19209304e-07 -1 0 1.19209304e-07 -1 0 1.19209304e-07 -1 0 1.19209304e-07 -1 0 1.19209304e-07 -1 0 1.19209304e-07 -1 0 1.19209304e-07 1 0 -1.19209304e-07 1 0 -1.19209304e-07 1 0 -1.19209304e-07 1 0 -1.19209304e-07 1 0 -1.19209304e-07 1 0 -1.19209304e-07 1 0 -1.19209304e-07 1 0 -1.19209304e-07 1 0 -1.19209304e-07 1 0 -1.19209304e-07 1 0 -1.19209304e-07 1 0 -1.19209304e-07 1 0 -1.19209304e-07 1 0 -1.19209304e-07 1 0 -1.19209304e-07 1 0 -1.19209304e-07 1 0 -1.19209304e-07 1 0 -1.19209304e-07 1.15649996e-07 0.242535606 0.970142722 1.15649996e-07 0.242535606 0.970142722 1.15649996e-07 0.242535606 0.970142722 1.15649996e-07 0.242535606 0.970142722 1.15649996e-07 0.242535606 0.970142722 1.15649996e-07 0.242535606 0.970142722 1.19209304e-07 0 1 1.19209304e-07 0 1 1.19209304e-07 0 1 1.19209304e-07 0 1 1.19209304e-07 0 1 1.19209304e-07 0 1 -1.19209304e-07 0 -1 -1.19209304e-07 0 -1 -1.19209304e-07 0 -1 -1.19209304e-07 0 -1 -1.19209304e-07 0 -1 -1.19209304e-07 0 -1 -1.15649996e-07 -0.242535606 -0.970142722 -1.15649996e-07 -0.242535606 -0.970142722 -1.15649996e-07 -0.242535606 -0.970142722 -1.15649996e-07 -0.242535606 -0.970142722 -1.15649996e-07 -0.242535606 -0.970142722 -1.15649996e-07 -0.242535606 -0.970142722 -2.89125008e-08 0.970142484 -0.242535695 -2.89125008e-08 0.970142484 -0.242535695 -2.89125008e-08 0.970142484 -0.242535695 -2.89125008e-08 0.970142484 -0.242535695 -2.89125008e-08 0.970142484 -0.242535695 -2.89125008e-08 0.970142484 -0.242535695 -2.89125008e-08 0.970142484 -0.242535695 -2.89125008e-08 0.970142484 -0.242535695 -2.89125008e-08 0.970142484 -0.242535695 -2.89125008e-08 0.970142484 -0.242535695 -2.89125008e-08 0.970142484 -0.242535695 -2.89125008e-08 0.970142484 -0.242535695 -2.89125008e-08 0.970142484 -0.242535695 -2.89125008e-08 0.970142484 -0.242535695 -2.89125008e-08 0.970142484 -0.242535695 -2.89125008e-08 0.970142484 -0.242535695 -2.89125008e-08 0.970142484 -0.242535695 -2.89125008e-08 0.970142484 -0.242535695 -2.89125008e-08 0.970142484 -0.242535695 -2.89125008e-08 0.970142484 -0.242535695 -2.89125008e-08 0.970142484 -0.242535695 -2.89125008e-08 0.970142484 -0.242535695 -2.89125008e-08 0.970142484 -0.242535695 -2.89125008e-08 0.970142484 -0.242535695 -2.89125008e-08 0.970142484 -0.242535695 -2.89125008e-08 0.970142484 -0.242535695 -2.89125008e-08 0.970142484 -0.242535695 -2.89125008e-08 0.970142484 -0.242535695 -2.89125008e-08 0.970142484 -0.242535695 -2.89125008e-08 0.970142484 -0.242535695 -2.89125008e-08 0.970142484 -0.242535695 -2.89125008e-08 0.970142484 -0.242535695 -2.89125008e-08 0.970142484 -0.242535695 -2.89125008e-08 0.970142484 -0.242535695 -2.89125008e-08 0.970142484 -0.242535695 -2.89125008e-08 0.970142484 -0.242535695 -2.89125008e-08 0.970142484 -0.242535695 -2.89125008e-08 0.970142484 -0.242535695 -2.89125008e-08 0.970142484 -0.242535695 -2.89125008e-08 0.970142484 -0.242535695 -2.89125008e-08 0.970142484 -0.242535695 -2.89125008e-08 0.970142484 -0.242535695 -2.89125008e-08 0.970142484 -0.242535695 -2.89125008e-08 0.970142484 -0.242535695 -2.89125008e-08 0.970142484 -0.242535695 -2.89125008e-08 0.970142484 -0.242535695 -2.89125008e-08 0.970142484 -0.242535695 -2.89125008e-08 0.970142484 -0.242535695 -2.89125008e-08 0.970142484 -0.242535695 -2.89125008e-08 0.970142484 -0.242535695 -2.89125008e-08 0.970142484 -0.242535695 -2.89125008e-08 0.970142484 -0.242535695 -2.89125008e-08 0.970142484 -0.242535695 -2.89125008e-08 0.970142484 -0.242535695 -2.89125008e-08 0.970142484 -0.242535695 -2.89125008e-08 0.970142484 -0.242535695 -2.89125008e-08 0.970142484 -0.242535695 -2.89125008e-08 0.970142484 -0.242535695 -2.89125008e-08 0.970142484 -0.242535695 -2.89125008e-08 0.970142484 -0.242535695 -2.89125008e-08 0.970142484 -0.242535695 -2.89125008e-08 0.970142484 -0.242535695 -2.89125008e-08 0.970142484 -0.242535695 -2.89125008e-08 0.970142484 -0.242535695 -2.89125008e-08 0.970142484 -0.242535695 -2.89125008e-08 0.970142484 -0.242535695 -2.89125008e-08 0.970142484 -0.242535695 -2.89125008e-08 0.970142484 -0.242535695 -2.89125008e-08 0.970142484 -0.242535695 -2.89125008e-08 0.970142484 -0.242535695 -2.89125008e-08 0.970142484 -0.242535695 -2.89125008e-08 0.970142484 -0.242535695 -2.89125008e-08 0.970142484 -0.242535695 -2.89125008e-08 0.970142484 -0.242535695 -2.89125008e-08 0.970142484 -0.242535695 -2.89125008e-08 0.970142484 -0.242535695 -2.89125008e-08 0.970142484 -0.242535695 -2.89125008e-08 0.970142484 -0.242535695 -2.89125008e-08 0.970142484 -0.242535695 -2.89125008e-08 0.970142484 -0.242535695 -2.89125008e-08 0.970142484 -0.242535695 -2.89125008e-08 0.970142484 -0.242535695 -2.89125008e-08 0.970142484 -0.242535695 -2.89125008e-08 0.970142484 -0.242535695 -2.89125008e-08 0.970142484 -0.242535695 -2.89125008e-08 0.970142484 -0.242535695 -2.89125008e-08 0.970142484 -0.242535695 -2.89125008e-08 0.970142484 -0.242535695 -2.89125008e-08 0.970142484 -0.242535695 -2.89125008e-08 0.970142484 -0.242535695 -2.89125008e-08 0.970142484 -0.242535695 -2.89125008e-08 0.970142484 -0.242535695 -2.89125008e-08 0.970142484 -0.242535695 -2.89125008e-08 0.970142484 -0.242535695 -2.89125008e-08 0.970142484 -0.242535695 -2.89125008e-08 0.970142484 -0.242535695 -1 0 1.19209304e-07 -1 0 1.19209304e-07 -1 0 1.19209304e-07 -1 0 1.19209304e-07 -1 0 1.19209304e-07 -1 0 1.19209304e-07 1 0 -1.19209304e-07 1 0 -1.19209304e-07 1 0 -1.19209304e-07 1 0 -1.19209304e-07 1 0 -1.19209304e-07 1 0 -1.19209304e-07 -1 0 1.19209304e-07 -1 0 1.19209304e-07 -1 0 1.19209304e-07 -1 0 1.19209304e-07 -1 0 1.19209304e-07 -1 0 1.19209304e-07 -1 0 1.19209304e-07 -1 0 1.19209304e-07 -1 0 1.19209304e-07 -1 0 1.19209304e-07 -1 0 1.19209304e-07 -1 0 1.19209304e-07 -1 0 1.19209304e-07 -1 0 1.19209304e-07 -1 0 1.19209304e-07 -1 0 1.19209304e-07 -1 0 1.19209304e-07 -1 0 1.19209304e-07 1 0 -1.19209304e-07 1 0 -1.19209304e-07 1 0 -1.19209304e-07 1 0 -1.19209304e-07 1 0 -1.19209304e-07 1 0 -1.19209304e-07 1 0 -1.19209304e-07 1 0 -1.19209304e-07 1 0 -1.19209304e-07 1 0 -1.19209304e-07 1 0 -1.19209304e-07 1 0 -1.19209304e-07 1 0 -1.19209304e-07 1 0 -1.19209304e-07 1 0 -1.19209304e-07 1 0 -1.19209304e-07 1 0 -1.19209304e-07 1 0 -1.19209304e-07 1.15649996e-07 0.242535606 0.970142722 1.15649996e-07 0.242535606 0.970142722 1.15649996e-07 0.242535606 0.970142722 1.15649996e-07 0.242535606 0.970142722 1.15649996e-07 0.242535606 0.970142722 1.15649996e-07 0.242535606 0.970142722 1.19209304e-07 0 1 1.19209304e-07 0 1 1.19209304e-07 0 1 1.19209304e-07 0 1 1.19209304e-07 0 1 1.19209304e-07 0 1 -1.19209304e-07 0 -1 -1.19209304e-07 0 -1 -1.19209304e-07 0 -1 -1.19209304e-07 0 -1 -1.19209304e-07 0 -1 -1.19209304e-07 0 -1 -1.15649996e-07 -0.242535606 -0.970142722 -1.15649996e-07 -0.242535606 -0.970142722 -1.15649996e-07 -0.242535606 -0.970142722 -1.15649996e-07 -0.242535606 -0.970142722 -1.15649996e-07 -0.242535606 -0.970142722 -1.15649996e-07 -0.242535606 -0.970142722 -2.89125008e-08 0.970142484 -0.242535695 -2.89125008e-08 0.970142484 -0.242535695 -2.89125008e-08 0.970142484 -0.242535695 -2.89125008e-08 0.970142484 -0.242535695 -2.89125008e-08 0.970142484 -0.242535695 -2.89125008e-08 0.970142484 -0.242535695 -2.89125008e-08 0.970142484 -0.242535695 -2.89125008e-08 0.970142484 -0.242535695 -2.89125008e-08 0.970142484 -0.242535695 -2.89125008e-08 0.970142484 -0.242535695 -2.89125008e-08 0.970142484 -0.242535695 -2.89125008e-08 0.970142484 -0.242535695 -2.89125008e-08 0.970142484 -0.242535695 -2.89125008e-08 0.970142484 -0.242535695 -2.89125008e-08 0.970142484 -0.242535695 -2.89125008e-08 0.970142484 -0.242535695 -2.89125008e-08 0.970142484 -0.242535695 -2.89125008e-08 0.970142484 -0.242535695 -2.89125008e-08 0.970142484 -0.242535695 -2.89125008e-08 0.970142484 -0.242535695 -2.89125008e-08 0.970142484 -0.242535695 -2.89125008e-08 0.970142484 -0.242535695 -2.89125008e-08 0.970142484 -0.242535695 -2.89125008e-08 0.970142484 -0.242535695 -2.89125008e-08 0.970142484 -0.242535695 -2.89125008e-08 0.970142484 -0.242535695 -2.89125008e-08 0.970142484 -0.242535695 -2.89125008e-08 0.970142484 -0.242535695 -2.89125008e-08 0.970142484 -0.242535695 -2.89125008e-08 0.970142484 -0.242535695 -2.89125008e-08 0.970142484 -0.242535695 -2.89125008e-08 0.970142484 -0.242535695 -2.89125008e-08 0.970142484 -0.242535695 -2.89125008e-08 0.970142484 -0.242535695 -2.89125008e-08 0.970142484 -0.242535695 -2.89125008e-08 0.970142484 -0.242535695 -2.89125008e-08 0.970142484 -0.242535695 -2.89125008e-08 0.970142484 -0.242535695 -2.89125008e-08 0.970142484 -0.242535695 -2.89125008e-08 0.970142484 -0.242535695 -2.89125008e-08 0.970142484 -0.242535695 -2.89125008e-08 0.970142484 -0.242535695 -2.89125008e-08 0.970142484 -0.242535695 -2.89125008e-08 0.970142484 -0.242535695 -2.89125008e-08 0.970142484 -0.242535695 -2.89125008e-08 0.970142484 -0.242535695 -2.89125008e-08 0.970142484 -0.242535695 -2.89125008e-08 0.970142484 -0.242535695 -2.89125008e-08 0.970142484 -0.242535695 -2.89125008e-08 0.970142484 -0.242535695 -2.89125008e-08 0.970142484 -0.242535695 -2.89125008e-08 0.970142484 -0.242535695 -2.89125008e-08 0.970142484 -0.242535695 -2.89125008e-08 0.970142484 -0.242535695 -2.89125008e-08 0.970142484 -0.242535695 -2.89125008e-08 0.970142484 -0.242535695 -2.89125008e-08 0.970142484 -0.242535695 -2.89125008e-08 0.970142484 -0.242535695 -2.89125008e-08 0.970142484 -0.242535695 -2.89125008e-08 0.970142484 -0.242535695 -2.89125008e-08 0.970142484 -0.242535695 -2.89125008e-08 0.970142484 -0.242535695 -2.89125008e-08 0.970142484 -0.242535695 -2.89125008e-08 0.970142484 -0.242535695 -2.89125008e-08 0.970142484 -0.242535695 -2.89125008e-08 0.970142484 -0.242535695 -2.89125008e-08 0.970142484 -0.242535695 -2.89125008e-08 0.970142484 -0.242535695 -2.89125008e-08 0.970142484 -0.242535695 -2.89125008e-08 0.970142484 -0.242535695 -2.89125008e-08 0.970142484 -0.242535695 -2.89125008e-08 0.970142484 -0.242535695 -2.89125008e-08 0.970142484 -0.242535695 -2.89125008e-08 0.970142484 -0.242535695 -2.89125008e-08 0.970142484 -0.242535695 -2.89125008e-08 0.970142484 -0.242535695 -2.89125008e-08 0.970142484 -0.242535695 -2.89125008e-08 0.970142484 -0.242535695 -2.89125008e-08 0.970142484 -0.242535695 -2.89125008e-08 0.970142484 -0.242535695 -2.89125008e-08 0.970142484 -0.242535695 -2.89125008e-08 0.970142484 -0.242535695 -2.89125008e-08 0.970142484 -0.242535695 -2.89125008e-08 0.970142484 -0.242535695 -2.89125008e-08 0.970142484 -0.242535695 -2.89125008e-08 0.970142484 -0.242535695 -2.89125008e-08 0.970142484 -0.242535695 -2.89125008e-08 0.970142484 -0.242535695 -2.89125008e-08 0.970142484 -0.242535695 -2.89125008e-08 0.970142484 -0.242535695 -2.89125008e-08 0.970142484 -0.242535695 -2.89125008e-08 0.970142484 -0.242535695 -2.89125008e-08 0.970142484 -0.242535695 -2.89125008e-08 0.970142484 -0.242535695 -2.89125008e-08 0.970142484 -0.242535695 -2.89125008e-08 0.970142484 -0.242535695 -1.19209304e-07 0 1 -1.19209304e-07 0 1 -1.19209304e-07 0 1 -1.19209304e-07 0 1 -1.19209304e-07 0 1 -1.19209304e-07 0 1 1 0 1.19209304e-07 1 0 1.19209304e-07 1 0 1.19209304e-07 1 0 1.19209304e-07 1 0 1.19209304e-07 1 0 1.19209304e-07 -1.19209304e-07 0 1 -1.19209304e-07 0 1 -1.19209304e-07 0 1 -1.19209304e-07 0 1 -1.19209304e-07 0 1 -1.19209304e-07 0 1 1 0 1.19209304e-07 1 0 1.19209304e-07 1 0 1.19209304e-07 1 0 1.19209304e-07 1 0 1.19209304e-07 1 0 1.19209304e-07 -1.19209304e-07 0 -1 -1.19209304e-07 0 -1 -1.19209304e-07 0 -1 -1.19209304e-07 0 -1 -1.19209304e-07 0 -1 -1.19209304e-07 0 -1 -1 0 1.19209304e-07 -1 0 1.19209304e-07 -1 0 1.19209304e-07 -1 0 1.19209304e-07 -1 0 1.19209304e-07 -1 0 1.19209304e-07 -1 0 4.47038602e-08 -1 0 4.47038602e-08 -1 0 4.47038602e-08 -1 0 4.47038602e-08 -1 0 4.47038602e-08 -1 0 4.47038602e-08 4.47038602e-08 0 1 4.47038602e-08 0 1 4.47038602e-08 0 1 4.47038602e-08 0 1 4.47038602e-08 0 1 4.47038602e-08 0 1 -7.63694731e-14 0 1 -7.63694731e-14 0 1 -7.63694731e-14 0 1 -7.63694731e-14 0 1 -7.63694731e-14 0 1 -7.63694731e-14 0 1 0 1 0 0 1 0 0 1 0 0 1 0 0 1 0 0 1 0 0 1 0 0 1 0 0 1 0 0 1 0 0 1 0 0 1 0 0 1 0 0 1 0 0 1 0 0 1 0 0 1 0 0 1 0 0 1 0 0 1 0 0 1 0 0 1 0 0 1 0 0 1 0 0 1 0 0 1 0 0 1 0 0 1 0 0 1 0 0 1 0 0 1 0 0 1 0 0 1 0 0 1 0 0 1 0 0 1 0 0 1 0 0 1 0 0 1 0 0 1 0 0 1 0 0 1 0 0 1 0 0 1 0 0 1 0 0 1 0 0 1 0 0 1 0 0 1 0 0 1 0 0 1 0 0 1 0 0 1 0 0 1 0 0 1 0 0 1 0 0 1 0 0 1 0 0 1 0 0 1 0 0.707106829 0 0.707106829 0 0 1 0.707106829 0 0.707106829 0 0 1 0.707106829 0 0.707106829 0 0 1 0 0 -1 0.707106829 0 -0.707106829 0 0 -1 0.707106829 0 -0.707106829 0 0 -1 0.707106829 0 -0.707106829 0 -1 0 0 -1 0 0 -1 0 0 -1 0 0 -1 0 0 -1 0 0 -1 0 0 -1 0 0 -1 0 0 -1 0 0 -1 0 0 -1 0 0 -1 0 0 -1 0 0 -1 0 0 -1 0 0 -1 0 0 -1 0 0.707106829 0 0.707106829 1 0 0 1 0 0 1 0 0 0.707106829 0 0.707106829 0.707106829 0 0.707106829 0 1 0 0 1 0 0 1 0 0 1 0 0 1 0 0 1 0 0 1 0 0 1 0 0 1 0 0 1 0 0 1 0 0 1 0 0 1 0 0 1 0 0 1 0 0 1 0 0 1 0 0 1 0 -0.707106829 0 -0.707106829 0 0 -1 -0.707106829 0 -0.707106829 0 0 -1 -0.707106829 0 -0.707106829 0 0 -1 -1 0 0 -0.707106829 0 -0.707106829 -0.707106829 0 -0.707106829 -0.707106829 0 -0.707106829 -1 0 0 -1 0 0 -0.707106829 0 0.707106829 -1 0 0 -1 0 0 -1 0 0 -0.707106829 0 0.707106829 -0.707106829 0 0.707106829 0 0 1 -0.707106829 0 0.707106829 0 0 1 -0.707106829 0 0.707106829 0 0 1 -0.707106829 0 0.707106829 1 0 0 0.707106829 0 -0.707106829 0.707106829 0 -0.707106829 0.707106829 0 -0.707106829 1 0 0 1 0 0 0.707106829 0 -0.707106829 0 0 -1 0.707106829 0 -0.707106829 0 0 -1 0.707106829 0 -0.707106829 0 0 -1 -0.707106829 0 -0.707106829 -1 0 0 -1 0 0 -1 0 0 -0.707106829 0 -0.707106829 -0.707106829 0 -0.707106829 -1 0 0 -0.707106829 0 0.707106829 -0.707106829 0 0.707106829 -0.707106829 0 0.707106829 -1 0 0 -1 0 0 0.707106829 0 -0.707106829 1 0 0 1 0 0 1 0 0 0.707106829 0 -0.707106829 0.707106829 0 -0.707106829 0 0 -1 -0.707106829 0 -0.707106829 0 0 -1 -0.707106829 0 -0.707106829 0 0 -1 -0.707106829 0 -0.707106829 -0.707106829 0 0.707106829 0 0 1 -0.707106829 0 0.707106829 0 0 1 -0.707106829 0 0.707106829 0 0 1 1 0 0 0.707106829 0 0.707106829 0.707106829 0 0.707106829 0.707106829 0 0.707106829 1 0 0 1 0 0 0 0 1 0.707106829 0 0.707106829 0 0 1 0.707106829 0 0.707106829 0 0 1 0.707106829 0 0.707106829 0 1 0 0 1 0 0 1 0 0 1 0 0 1 0 0 1 0 0 1 0 0 1 0 0 1 0 0 1 0 0 1 0 0 1 0 0 1 0 0 1 0 0 1 0 0 1 0 0 1 0 0 1 0 0 1 0 0 1 0 0 1 0 0 1 0 0 1 0 0 1 0 0 1 0 0 1 0 0 1 0 0 1 0 0 1 0 0 1 0 0 1 0 0 1 0 0 1 0 0 1 0 0 1 0 0 1 0 0 1 0 0 1 0 0 1 0 0 1 0 0 1 0 0 1 0 0 1 0 0 1 0 0 1 0 0 1 0 0 1 0 0 1 0 -0.707106829 0 0.707106829 -1 0 0 -1 0 0 -1 0 0 -0.707106829 0 0.707106829 -0.707106829 0 0.707106829 0 0 1 -0.707106829 0 0.707106829 0 0 1 -0.707106829 0 0.707106829 0 0 1 -0.707106829 0 0.707106829 0 1 0 0 1 0 0 1 0 0 1 0 0 1 0 0 1 0 0 1 0 0 1 0 0 1 0 0 1 0 0 1 0 0 1 0 0 1 0 0 1 0 0 1 0 0 1 0 0 1 0 0 1 0 -1 0 0 -0.707106829 0 -0.707106829 -0.707106829 0 -0.707106829 -0.707106829 0 -0.707106829 -1 0 0 -1 0 0 0.707106829 0 0.707106829 1 0 0 1 0 0 1 0 0 0.707106829 0 0.707106829 0.707106829 0 0.707106829 0.707106829 0 0.707106829 0 0 1 0.707106829 0 0.707106829 0 0 1 0.707106829 0 0.707106829 0 0 1 1 0 0 0.707106829 0 -0.707106829 0.707106829 0 -0.707106829 0.707106829 0 -0.707106829 1 0 0 1 0 0 -0.707106829 0 -0.707106829 0 0 -1 -0.707106829 0 -0.707106829 0 0 -1 -0.707106829 0 -0.707106829 0 0 -1 0 0 -1 0.707106829 0 -0.707106829 0 0 -1 0.707106829 0 -0.707106829 0 0 -1 0.707106829 0 -0.707106829 0 -1 0 0 -1 0 0 -1 0 0 -1 0 0 -1 0 0 -1 0 0 -1 0 0 -1 0 0 -1 0 0 -1 0 0 -1 0 0 -1 0 0 -1 0 0 -1 0 0 -1 0 0 -1 0 0 -1 0 0 -1 0 -1 0 0 -0.946532011 0 -0.32261011 -0.895891726 0 -0.444272786 -0.946532011 0 -0.32261011 -1 0 0 -1 0 0 -0.406421989 0 -0.913685501 0.355250895 0 -0.934771001 -0.355250895 0 -0.934771001 0.355250895 0 -0.934771001 -0.406421989 0 -0.913685501 0.406421989 0 -0.913685501 0.406421989 0 -0.913685501 0.895891726 0 -0.444272786 0.355250895 0 -0.934771001 0.895891726 0 -0.444272786 0.406421989 0 -0.913685501 0.946532011 0 -0.32261011 1 0 0 0.895891726 0 -0.444272786 0.946532011 0 -0.32261011 0.895891726 0 -0.444272786 1 0 0 1 0 0 -0.895891726 0 -0.444272786 -0.406421989 0 -0.913685501 -0.355250895 0 -0.934771001 -0.406421989 0 -0.913685501 -0.895891726 0 -0.444272786 -0.946532011 0 -0.32261011 0 0.957826316 -0.287347913 0 0.957826316 -0.287347913 0 0.957826316 -0.287347913 0 0.957826316 -0.287347913 0 0.957826316 -0.287347913 0 0.957826316 -0.287347913 0 0.957826316 -0.287347913 0 0.957826316 -0.287347913 0 0.957826316 -0.287347913 0 0.957826316 -0.287347913 0 0.957826316 -0.287347913 0 0.957826316 -0.287347913 0 -0.957826316 0.287347913 0 -0.957826316 0.287347913 0 -0.957826316 0.287347913 0 -0.957826316 0.287347913 0 -0.957826316 0.287347913 0 -0.957826316 0.287347913 0 -0.957826316 0.287347913 0 -0.957826316 0.287347913 0 -0.957826316 0.287347913 0 -0.957826316 0.287347913 0 -0.957826316 0.287347913 0 -0.957826316 0.287347913 0 0 -1 0 0 -1 0 0 -1 0 0 -1 0 0 -1 0 0 -1 0 0 -1 0 0 -1 0 0 -1 0 0 -1 0 0 -1 0 0 -1 0 0 -1 0 0 -1 0 0 -1 0 0 -1 0 0 -1 0 0 -1 0 0 -1 0 0 -1 0 0 -1 0 0 -1 0 0 -1 0 0 -1 0 0 -1 0 0 -1 0 0 -1 0 0 -1 0 0 -1 0 0 -1 1 0 0 1 0 0 1 0 0 1 0 0 1 0 0 1 0 0 -1 0 2.65039099e-14 -1 0 2.65039099e-14 -1 0 2.65039099e-14 -1 0 2.65039099e-14 -1 0 2.65039099e-14 -1 0 2.65039099e-14 -2.65039099e-14 0 -1 -2.65039099e-14 0 -1 -2.65039099e-14 0 -1 -2.65039099e-14 0 -1 -2.65039099e-14 0 -1 -2.65039099e-14 0 -1 -2.65039099e-14 0 -1 -2.65039099e-14 0 -1 -2.65039099e-14 0 -1 -2.65039099e-14 0 -1 -2.65039099e-14 0 -1 -2.65039099e-14 0 -1 -2.65039099e-14 0 -1 -2.65039099e-14 0 -1 -2.65039099e-14 0 -1 -2.65039099e-14 0 -1 -2.65039099e-14 0 -1 -2.65039099e-14 0 -1 -2.65039099e-14 0 -1 -2.65039099e-14 0 -1 -2.65039099e-14 0 -1 -2.65039099e-14 0 -1 -2.65039099e-14 0 -1 -2.65039099e-14 0 -1 -2.65039099e-14 0 -1 -2.65039099e-14 0 -1 -2.65039099e-14 0 -1 -2.65039099e-14 0 -1 -2.65039099e-14 0 -1 -2.65039099e-14 0 -1 0 0 -1 0 0 -1 0 0 -1 0 0 -1 0 0 -1 0 0 -1 0 0 -1 0 0 -1 0 0 -1 0 0 -1 0 0 -1 0 0 -1 0 0 -1 0 0 -1 0 0 -1 0 0 -1 0 0 -1 0 0 -1 0 0 -1 0 0 -1 0 0 -1 0 0 -1 0 0 -1 0 0 -1 0.707106829 -0.707106829 0 0.707106829 0.707106829 0 0.707106829 -0.707106829 0 0.707106829 0.707106829 0 0.707106829 -0.707106829 0 0.707106829 0.707106829 0 0.707106829 0.707106829 0 0 1 0 0 1 0 0 1 0 0.707106829 0.707106829 0 0.707106829 0.707106829 0 -1 0 0 -0.707106829 -0.707106829 0 -1 0 0 -0.707106829 -0.707106829 0 -1 0 0 -0.707106829 -0.707106829 0 0.707106829 -0.707106829 0 0.707106829 0.707106829 0 0.707106829 -0.707106829 0 0.707106829 0.707106829 0 0.707106829 -0.707106829 0 0.707106829 0.707106829 0 -0.707106829 0.707106829 0 -0.707106829 -0.707106829 0 -0.707106829 0.707106829 0 -0.707106829 -0.707106829 0 -0.707106829 0.707106829 0 -0.707106829 -0.707106829 0 0.707106829 -0.707106829 0 0.707106829 0.707106829 0 0.707106829 -0.707106829 0 0.707106829 0.707106829 0 0.707106829 -0.707106829 0 0.707106829 0.707106829 0 0.707106829 0.707106829 0 -0.707106829 0.707106829 0 -0.707106829 0.707106829 0 -0.707106829 0.707106829 0 0.707106829 0.707106829 0 0.707106829 0.707106829 0 0.707106829 -0.707106829 0 -0.707106829 -0.707106829 0 -0.707106829 -0.707106829 0 -0.707106829 -0.707106829 0 0.707106829 -0.707106829 0 0.707106829 -0.707106829 0 0.707106829 -0.707106829 0 -0.707106829 -0.707106829 0 -0.707106829 -0.707106829 0 -0.707106829 -0.707106829 0 0.707106829 -0.707106829 0 0.707106829 -0.707106829 0 0 0 -1 0 0 -1 0 0 -1 0 0 -1 0 0 -1 0 0 -1 0 0 -1 0 0 -1 0 0 -1 0 0 -1 0 0 -1 0 0 -1 0 0 -1 0 0 -1 0 0 -1 0 0 -1 0 0 -1 0 0 -1 0 0 -1 0 0 -1 0 0 -1 0 0 -1 0 0 -1 0 0 -1 0 0 -1 0 0 -1 0 0 -1 0 0 -1 0 0 -1 0 0 -1 0 0 -1 0 0 -1 0 0 -1 0 0 -1 0 0 -1 0 0 -1 0 0 -1 0 0 -1 0 0 -1 0 0 -1 0 0 -1 0 0 -1 0 0 -1 0 0 -1 0 0 -1 0 0 -1 0 0 -1 0 0 -1 </float_array>
          <technique_common>
            <accessor count="4614" offset="0" source="#building-f_1-normals-array" stride="3">
              <param name="X" type="float" />
              <param name="Y" type="float" />
              <param name="Z" type="float" />
            </accessor>
          </technique_common>
        </source>
        <source id="building-f_1-tex0" name="building-f_1-tex0">
          <float_array id="building-f_1-tex0-array" count="9228"> 0.59375 0.275000006 0.59375 0.275000006 0.59375 0.275000006 0.59375 0.275000006 0.59375 0.275000006 0.59375 0.275000006 0.59375 0.321608692 0.59375 0.275000006 0.59375 0.275000006 0.59375 0.275000006 0.59375 0.321608692 0.59375 0.321608692 0.59375 0.321608692 0.59375 0.275000006 0.59375 0.275000006 0.59375 0.275000006 0.59375 0.321608692 0.59375 0.321608692 0.59375 0.321608692 0.59375 0.275000006 0.59375 0.275000006 0.59375 0.275000006 0.59375 0.321608692 0.59375 0.321608692 0.59375 0.395347714 0.59375 0.452391386 0.59375 0.377260894 0.59375 0.452391386 0.59375 0.395347714 0.59375 0.470478296 0.59375 0.452391386 0.59375 0.395347714 0.59375 0.377260894 0.59375 0.395347714 0.59375 0.452391386 0.59375 0.470478296 0.59375 0.452391386 0.59375 0.395347714 0.59375 0.377260894 0.59375 0.395347714 0.59375 0.452391386 0.59375 0.470478296 0.59375 0.377260894 0.59375 0.390825987 0.59375 0.372739106 0.59375 0.390825987 0.59375 0.377260894 0.59375 0.395347714 0.59375 0.456913203 0.59375 0.470478296 0.59375 0.452391386 0.59375 0.470478296 0.59375 0.456913203 0.59375 0.474999994 0.59375 0.395347714 0.59375 0.390825987 0.59375 0.390825987 0.59375 0.390825987 0.59375 0.395347714 0.59375 0.395347714 0.59375 0.395347714 0.59375 0.395347714 0.59375 0.390825987 0.59375 0.395347714 0.59375 0.395347714 0.59375 0.395347714 0.59375 0.395347714 0.59375 0.395347714 0.59375 0.470478296 0.59375 0.470478296 0.59375 0.395347714 0.59375 0.470478296 0.59375 0.395347714 0.59375 0.395347714 0.59375 0.470478296 0.59375 0.470478296 0.59375 0.470478296 0.59375 0.474999994 0.59375 0.470478296 0.59375 0.474999994 0.59375 0.470478296 0.59375 0.395347714 0.59375 0.470478296 0.59375 0.470478296 0.59375 0.470478296 0.59375 0.474999994 0.59375 0.470478296 0.59375 0.470478296 0.59375 0.474999994 0.59375 0.474999994 0.59375 0.470478296 0.59375 0.452391386 0.59375 0.470478296 0.59375 0.452391386 0.59375 0.470478296 0.59375 0.452391386 0.59375 0.390825987 0.59375 0.372739106 0.59375 0.390825987 0.59375 0.372739106 0.59375 0.390825987 0.59375 0.372739106 0.59375 0.390825987 0.59375 0.377260894 0.59375 0.372739106 0.59375 0.377260894 0.59375 0.390825987 0.59375 0.395347714 0.59375 0.470478296 0.59375 0.456913203 0.59375 0.452391386 0.59375 0.456913203 0.59375 0.470478296 0.59375 0.474999994 0.59375 0.456913203 0.59375 0.474999994 0.59375 0.474999994 0.59375 0.474999994 0.59375 0.456913203 0.59375 0.456913203 0.59375 0.275000006 0.59375 0.321608692 0.59375 0.275000006 0.59375 0.321608692 0.59375 0.275000006 0.59375 0.321608692 0.59375 0.395347714 0.59375 0.452391386 0.59375 0.377260894 0.59375 0.452391386 0.59375 0.395347714 0.59375 0.470478296 0.59375 0.321608692 0.59375 0.275000006 0.59375 0.321608692 0.59375 0.275000006 0.59375 0.321608692 0.59375 0.275000006 0.59375 0.377260894 0.59375 0.395347714 0.59375 0.377260894 0.59375 0.395347714 0.59375 0.377260894 0.59375 0.395347714 0.59375 0.275000006 0.59375 0.321608692 0.59375 0.275000006 0.59375 0.321608692 0.59375 0.275000006 0.59375 0.321608692 0.59375 0.275000006 0.59375 0.321608692 0.59375 0.275000006 0.59375 0.321608692 0.59375 0.275000006 0.59375 0.321608692 0.59375 0.321608692 0.59375 0.321608692 0.59375 0.321608692 0.59375 0.321608692 0.59375 0.321608692 0.59375 0.321608692 0.59375 0.321608692 0.59375 0.321608692 0.59375 0.321608692 0.59375 0.321608692 0.59375 0.321608692 0.59375 0.321608692 0.59375 0.321608692 0.59375 0.321608692 0.59375 0.321608692 0.59375 0.321608692 0.59375 0.321608692 0.59375 0.321608692 0.59375 0.321608692 0.59375 0.321608692 0.59375 0.321608692 0.59375 0.321608692 0.59375 0.321608692 0.59375 0.321608692 0.59375 0.321608692 0.59375 0.321608692 0.59375 0.321608692 0.59375 0.321608692 0.59375 0.321608692 0.59375 0.321608692 0.59375 0.321608692 0.59375 0.321608692 0.59375 0.321608692 0.59375 0.321608692 0.59375 0.321608692 0.59375 0.321608692 0.59375 0.275000006 0.59375 0.321608692 0.59375 0.275000006 0.59375 0.321608692 0.59375 0.275000006 0.59375 0.321608692 0.59375 0.321608692 0.59375 0.275000006 0.59375 0.275000006 0.59375 0.275000006 0.59375 0.321608692 0.59375 0.321608692 0.59375 0.321608692 0.59375 0.275000006 0.59375 0.275000006 0.59375 0.275000006 0.59375 0.321608692 0.59375 0.321608692 0.59375 0.321608692 0.59375 0.275000006 0.59375 0.275000006 0.59375 0.275000006 0.59375 0.321608692 0.59375 0.321608692 0.59375 0.395347714 0.59375 0.452391386 0.59375 0.377260894 0.59375 0.452391386 0.59375 0.395347714 0.59375 0.470478296 0.59375 0.452391386 0.59375 0.395347714 0.59375 0.377260894 0.59375 0.395347714 0.59375 0.452391386 0.59375 0.470478296 0.59375 0.452391386 0.59375 0.395347714 0.59375 0.377260894 0.59375 0.395347714 0.59375 0.452391386 0.59375 0.470478296 0.59375 0.377260894 0.59375 0.390825987 0.59375 0.372739106 0.59375 0.390825987 0.59375 0.377260894 0.59375 0.395347714 0.59375 0.456913203 0.59375 0.470478296 0.59375 0.452391386 0.59375 0.470478296 0.59375 0.456913203 0.59375 0.474999994 0.59375 0.395347714 0.59375 0.390825987 0.59375 0.390825987 0.59375 0.390825987 0.59375 0.395347714 0.59375 0.395347714 0.59375 0.395347714 0.59375 0.395347714 0.59375 0.390825987 0.59375 0.395347714 0.59375 0.395347714 0.59375 0.395347714 0.59375 0.395347714 0.59375 0.395347714 0.59375 0.470478296 0.59375 0.470478296 0.59375 0.395347714 0.59375 0.470478296 0.59375 0.395347714 0.59375 0.395347714 0.59375 0.470478296 0.59375 0.470478296 0.59375 0.470478296 0.59375 0.474999994 0.59375 0.470478296 0.59375 0.474999994 0.59375 0.470478296 0.59375 0.395347714 0.59375 0.470478296 0.59375 0.470478296 0.59375 0.470478296 0.59375 0.474999994 0.59375 0.470478296 0.59375 0.470478296 0.59375 0.474999994 0.59375 0.474999994 0.59375 0.470478296 0.59375 0.452391386 0.59375 0.470478296 0.59375 0.452391386 0.59375 0.470478296 0.59375 0.452391386 0.59375 0.390825987 0.59375 0.372739106 0.59375 0.390825987 0.59375 0.372739106 0.59375 0.390825987 0.59375 0.372739106 0.59375 0.390825987 0.59375 0.377260894 0.59375 0.372739106 0.59375 0.377260894 0.59375 0.390825987 0.59375 0.395347714 0.59375 0.470478296 0.59375 0.456913203 0.59375 0.452391386 0.59375 0.456913203 0.59375 0.470478296 0.59375 0.474999994 0.59375 0.456913203 0.59375 0.474999994 0.59375 0.474999994 0.59375 0.474999994 0.59375 0.456913203 0.59375 0.456913203 0.59375 0.275000006 0.59375 0.321608692 0.59375 0.275000006 0.59375 0.321608692 0.59375 0.275000006 0.59375 0.321608692 0.59375 0.395347714 0.59375 0.452391386 0.59375 0.377260894 0.59375 0.452391386 0.59375 0.395347714 0.59375 0.470478296 0.59375 0.321608692 0.59375 0.275000006 0.59375 0.321608692 0.59375 0.275000006 0.59375 0.321608692 0.59375 0.275000006 0.59375 0.377260894 0.59375 0.395347714 0.59375 0.377260894 0.59375 0.395347714 0.59375 0.377260894 0.59375 0.395347714 0.59375 0.275000006 0.59375 0.321608692 0.59375 0.275000006 0.59375 0.321608692 0.59375 0.275000006 0.59375 0.321608692 0.59375 0.275000006 0.59375 0.321608692 0.59375 0.275000006 0.59375 0.321608692 0.59375 0.275000006 0.59375 0.321608692 0.59375 0.321608692 0.59375 0.321608692 0.59375 0.321608692 0.59375 0.321608692 0.59375 0.321608692 0.59375 0.321608692 0.59375 0.321608692 0.59375 0.321608692 0.59375 0.321608692 0.59375 0.321608692 0.59375 0.321608692 0.59375 0.321608692 0.59375 0.321608692 0.59375 0.321608692 0.59375 0.321608692 0.59375 0.321608692 0.59375 0.321608692 0.59375 0.321608692 0.59375 0.321608692 0.59375 0.321608692 0.59375 0.321608692 0.59375 0.321608692 0.59375 0.321608692 0.59375 0.321608692 0.59375 0.321608692 0.59375 0.321608692 0.59375 0.321608692 0.59375 0.321608692 0.59375 0.321608692 0.59375 0.321608692 0.59375 0.321608692 0.59375 0.321608692 0.59375 0.321608692 0.59375 0.321608692 0.59375 0.321608692 0.59375 0.321608692 0.59375 0.275000006 0.59375 0.321608692 0.59375 0.275000006 0.59375 0.321608692 0.59375 0.275000006 0.59375 0.321608692 0.59375 0.300000012 0.59375 0.300000012 0.59375 0.300000012 0.59375 0.300000012 0.59375 0.300000012 0.59375 0.300000012 0.59375 0.300000012 0.59375 0.300000012 0.59375 0.300000012 0.59375 0.300000012 0.59375 0.300000012 0.59375 0.300000012 0.59375 0.300000012 0.59375 0.300000012 0.59375 0.300000012 0.59375 0.275000006 0.59375 0.275000006 0.59375 0.275000006 0.59375 0.275000006 0.59375 0.275000006 0.59375 0.275000006 0.59375 0.275000006 0.59375 0.275000006 0.59375 0.275000006 0.59375 0.300000012 0.59375 0.300000012 0.59375 0.275000006 0.59375 0.275000006 0.59375 0.275000006 0.59375 0.300000012 0.59375 0.300000012 0.59375 0.275000006 0.59375 0.300000012 0.59375 0.275000006 0.59375 0.300000012 0.59375 0.275000006 0.59375 0.300000012 0.59375 0.300000012 0.59375 0.275000006 0.59375 0.275000006 0.59375 0.275000006 0.59375 0.300000012 0.59375 0.300000012 0.59375 0.300000012 0.59375 0.300000012 0.59375 0.300000012 0.59375 0.300000012 0.59375 0.300000012 0.59375 0.300000012 0.59375 0.300000012 0.59375 0.300000012 0.59375 0.300000012 0.59375 0.300000012 0.59375 0.300000012 0.59375 0.300000012 0.59375 0.300000012 0.59375 0.300000012 0.59375 0.275000006 0.59375 0.275000006 0.59375 0.275000006 0.59375 0.275000006 0.59375 0.275000006 0.59375 0.275000006 0.59375 0.275000006 0.59375 0.275000006 0.59375 0.275000006 0.59375 0.300000012 0.59375 0.300000012 0.59375 0.275000006 0.59375 0.275000006 0.59375 0.275000006 0.59375 0.300000012 0.59375 0.300000012 0.59375 0.275000006 0.59375 0.300000012 0.59375 0.275000006 0.59375 0.300000012 0.59375 0.275000006 0.59375 0.300000012 0.59375 0.300000012 0.59375 0.275000006 0.59375 0.275000006 0.59375 0.275000006 0.59375 0.300000012 0.59375 0.300000012 0.59375 0.300000012 0.59375 0.300000012 0.59375 0.300000012 0.59375 0.300000012 0.59375 0.300000012 0.59375 0.300000012 0.59375 0.300000012 0.59375 0.300000012 0.59375 0.300000012 0.59375 0.300000012 0.59375 0.300000012 0.59375 0.300000012 0.59375 0.300000012 0.59375 0.300000012 0.59375 0.275000006 0.59375 0.275000006 0.59375 0.275000006 0.59375 0.275000006 0.59375 0.275000006 0.59375 0.275000006 0.59375 0.275000006 0.59375 0.275000006 0.59375 0.275000006 0.59375 0.300000012 0.59375 0.300000012 0.59375 0.275000006 0.59375 0.275000006 0.59375 0.275000006 0.59375 0.300000012 0.59375 0.300000012 0.59375 0.275000006 0.59375 0.300000012 0.59375 0.275000006 0.59375 0.300000012 0.59375 0.275000006 0.59375 0.300000012 0.59375 0.300000012 0.59375 0.275000006 0.59375 0.275000006 0.59375 0.275000006 0.59375 0.300000012 0.59375 0.300000012 0.59375 0.300000012 0.59375 0.300000012 0.59375 0.300000012 0.59375 0.300000012 0.59375 0.300000012 0.59375 0.300000012 0.59375 0.300000012 0.59375 0.300000012 0.59375 0.300000012 0.59375 0.300000012 0.59375 0.300000012 0.59375 0.300000012 0.59375 0.300000012 0.59375 0.300000012 0.59375 0.275000006 0.59375 0.275000006 0.59375 0.275000006 0.59375 0.275000006 0.59375 0.275000006 0.59375 0.275000006 0.59375 0.275000006 0.59375 0.275000006 0.59375 0.275000006 0.59375 0.300000012 0.59375 0.300000012 0.59375 0.275000006 0.59375 0.275000006 0.59375 0.275000006 0.59375 0.300000012 0.59375 0.300000012 0.59375 0.275000006 0.59375 0.300000012 0.59375 0.275000006 0.59375 0.300000012 0.59375 0.275000006 0.59375 0.300000012 0.59375 0.300000012 0.59375 0.275000006 0.59375 0.275000006 0.59375 0.275000006 0.59375 0.300000012 0.59375 0.408333391 0.59375 0.474999994 0.59375 0.408333391 0.59375 0.474999994 0.59375 0.408333391 0.59375 0.474999994 0.59375 0.319444388 0.59375 0.474999994 0.59375 0.408333391 0.59375 0.319444388 0.59375 0.458333313 0.59375 0.474999994 0.59375 0.319444388 0.59375 0.408333391 0.59375 0.458333313 0.59375 0.408333391 0.59375 0.319444388 0.59375 0.319444388 0.59375 0.458333313 0.59375 0.408333391 0.59375 0.408333391 0.59375 0.408333391 0.59375 0.458333313 0.59375 0.458333313 0.59375 0.408333391 0.59375 0.408333391 0.59375 0.408333391 0.59375 0.408333391 0.59375 0.408333391 0.59375 0.408333391 0.59375 0.319444388 0.59375 0.408333391 0.59375 0.319444388 0.59375 0.408333391 0.59375 0.319444388 0.59375 0.458333313 0.59375 0.458333313 0.59375 0.319444388 0.59375 0.474999994 0.59375 0.474999994 0.59375 0.319444388 0.59375 0.408333391 0.59375 0.474999994 0.59375 0.408333391 0.59375 0.408333391 0.59375 0.474999994 0.59375 0.408333391 0.59375 0.474999994 0.59375 0.408333391 0.59375 0.319444388 0.59375 0.319444388 0.59375 0.319444388 0.59375 0.408333391 0.59375 0.408333391 0.59375 0.408333391 0.59375 0.319444388 0.59375 0.319444388 0.59375 0.319444388 0.59375 0.408333391 0.59375 0.408333391 0.59375 0.474999994 0.59375 0.474999994 0.59375 0.474999994 0.59375 0.474999994 0.59375 0.474999994 0.59375 0.474999994 0.59375 0.458333313 0.59375 0.474999994 0.59375 0.474999994 0.59375 0.474999994 0.59375 0.458333313 0.59375 0.458333313 0.59375 0.319444388 0.59375 0.275000006 0.59375 0.319444388 0.59375 0.275000006 0.59375 0.319444388 0.59375 0.275000006 0.59375 0.319444388 0.59375 0.275000006 0.59375 0.275000006 0.59375 0.275000006 0.59375 0.319444388 0.59375 0.319444388 0.59375 0.275000006 0.59375 0.319444388 0.59375 0.275000006 0.59375 0.319444388 0.59375 0.275000006 0.59375 0.319444388 0.59375 0.275000006 0.59375 0.319444388 0.59375 0.319444388 0.59375 0.319444388 0.59375 0.275000006 0.59375 0.275000006 0.59375 0.275000006 0.59375 0.319444388 0.59375 0.319444388 0.59375 0.319444388 0.59375 0.275000006 0.59375 0.275000006 0.59375 0.319444388 0.59375 0.275000006 0.59375 0.275000006 0.59375 0.275000006 0.59375 0.319444388 0.59375 0.319444388 0.59375 0.319444388 0.59375 0.275000006 0.59375 0.319444388 0.59375 0.275000006 0.59375 0.319444388 0.59375 0.275000006 0.59375 0.275000006 0.59375 0.319444388 0.59375 0.275000006 0.59375 0.319444388 0.59375 0.275000006 0.59375 0.319444388 0.59375 0.319444388 0.59375 0.319444388 0.59375 0.319444388 0.59375 0.319444388 0.59375 0.319444388 0.59375 0.319444388 0.59375 0.319444388 0.59375 0.319444388 0.59375 0.319444388 0.59375 0.319444388 0.59375 0.319444388 0.59375 0.319444388 0.59375 0.319444388 0.59375 0.319444388 0.59375 0.319444388 0.59375 0.319444388 0.59375 0.319444388 0.59375 0.319444388 0.59375 0.319444388 0.59375 0.319444388 0.59375 0.319444388 0.59375 0.319444388 0.59375 0.319444388 0.59375 0.319444388 0.59375 0.319444388 0.59375 0.319444388 0.59375 0.319444388 0.59375 0.319444388 0.59375 0.319444388 0.59375 0.319444388 0.59375 0.319444388 0.59375 0.319444388 0.59375 0.319444388 0.59375 0.319444388 0.59375 0.319444388 0.59375 0.319444388 0.59375 0.408333391 0.59375 0.474999994 0.59375 0.408333391 0.59375 0.474999994 0.59375 0.408333391 0.59375 0.474999994 0.59375 0.319444388 0.59375 0.474999994 0.59375 0.408333391 0.59375 0.319444388 0.59375 0.458333313 0.59375 0.474999994 0.59375 0.319444388 0.59375 0.408333391 0.59375 0.458333313 0.59375 0.408333391 0.59375 0.319444388 0.59375 0.319444388 0.59375 0.458333313 0.59375 0.408333391 0.59375 0.408333391 0.59375 0.408333391 0.59375 0.458333313 0.59375 0.458333313 0.59375 0.408333391 0.59375 0.408333391 0.59375 0.408333391 0.59375 0.408333391 0.59375 0.408333391 0.59375 0.408333391 0.59375 0.319444388 0.59375 0.408333391 0.59375 0.319444388 0.59375 0.408333391 0.59375 0.319444388 0.59375 0.458333313 0.59375 0.458333313 0.59375 0.319444388 0.59375 0.474999994 0.59375 0.474999994 0.59375 0.319444388 0.59375 0.408333391 0.59375 0.474999994 0.59375 0.408333391 0.59375 0.408333391 0.59375 0.474999994 0.59375 0.408333391 0.59375 0.474999994 0.59375 0.408333391 0.59375 0.319444388 0.59375 0.319444388 0.59375 0.319444388 0.59375 0.408333391 0.59375 0.408333391 0.59375 0.408333391 0.59375 0.319444388 0.59375 0.319444388 0.59375 0.319444388 0.59375 0.408333391 0.59375 0.408333391 0.59375 0.474999994 0.59375 0.474999994 0.59375 0.474999994 0.59375 0.474999994 0.59375 0.474999994 0.59375 0.474999994 0.59375 0.458333313 0.59375 0.474999994 0.59375 0.474999994 0.59375 0.474999994 0.59375 0.458333313 0.59375 0.458333313 0.59375 0.319444388 0.59375 0.275000006 0.59375 0.319444388 0.59375 0.275000006 0.59375 0.319444388 0.59375 0.275000006 0.59375 0.319444388 0.59375 0.275000006 0.59375 0.275000006 0.59375 0.275000006 0.59375 0.319444388 0.59375 0.319444388 0.59375 0.275000006 0.59375 0.319444388 0.59375 0.275000006 0.59375 0.319444388 0.59375 0.275000006 0.59375 0.319444388 0.59375 0.275000006 0.59375 0.319444388 0.59375 0.319444388 0.59375 0.319444388 0.59375 0.275000006 0.59375 0.275000006 0.59375 0.275000006 0.59375 0.319444388 0.59375 0.319444388 0.59375 0.319444388 0.59375 0.275000006 0.59375 0.275000006 0.59375 0.319444388 0.59375 0.275000006 0.59375 0.275000006 0.59375 0.275000006 0.59375 0.319444388 0.59375 0.319444388 0.59375 0.319444388 0.59375 0.275000006 0.59375 0.319444388 0.59375 0.275000006 0.59375 0.319444388 0.59375 0.275000006 0.59375 0.275000006 0.59375 0.319444388 0.59375 0.275000006 0.59375 0.319444388 0.59375 0.275000006 0.59375 0.319444388 0.59375 0.319444388 0.59375 0.319444388 0.59375 0.319444388 0.59375 0.319444388 0.59375 0.319444388 0.59375 0.319444388 0.59375 0.319444388 0.59375 0.319444388 0.59375 0.319444388 0.59375 0.319444388 0.59375 0.319444388 0.59375 0.319444388 0.59375 0.319444388 0.59375 0.319444388 0.59375 0.319444388 0.59375 0.319444388 0.59375 0.319444388 0.59375 0.319444388 0.59375 0.319444388 0.59375 0.319444388 0.59375 0.319444388 0.59375 0.319444388 0.59375 0.319444388 0.59375 0.319444388 0.59375 0.319444388 0.59375 0.319444388 0.59375 0.319444388 0.59375 0.319444388 0.59375 0.319444388 0.59375 0.319444388 0.59375 0.319444388 0.59375 0.319444388 0.59375 0.319444388 0.59375 0.319444388 0.59375 0.319444388 0.59375 0.319444388 0.59375 0.300000012 0.59375 0.300000012 0.59375 0.300000012 0.59375 0.300000012 0.59375 0.300000012 0.59375 0.300000012 0.59375 0.300000012 0.59375 0.300000012 0.59375 0.300000012 0.59375 0.300000012 0.59375 0.300000012 0.59375 0.300000012 0.59375 0.300000012 0.59375 0.300000012 0.59375 0.300000012 0.59375 0.275000006 0.59375 0.275000006 0.59375 0.275000006 0.59375 0.275000006 0.59375 0.275000006 0.59375 0.275000006 0.59375 0.275000006 0.59375 0.275000006 0.59375 0.275000006 0.59375 0.300000012 0.59375 0.300000012 0.59375 0.275000006 0.59375 0.275000006 0.59375 0.275000006 0.59375 0.300000012 0.59375 0.300000012 0.59375 0.275000006 0.59375 0.300000012 0.59375 0.275000006 0.59375 0.300000012 0.59375 0.275000006 0.59375 0.300000012 0.59375 0.300000012 0.59375 0.275000006 0.59375 0.275000006 0.59375 0.275000006 0.59375 0.300000012 0.59375 0.300000012 0.59375 0.300000012 0.59375 0.300000012 0.59375 0.300000012 0.59375 0.300000012 0.59375 0.300000012 0.59375 0.300000012 0.59375 0.300000012 0.59375 0.300000012 0.59375 0.300000012 0.59375 0.300000012 0.59375 0.300000012 0.59375 0.300000012 0.59375 0.300000012 0.59375 0.300000012 0.59375 0.275000006 0.59375 0.275000006 0.59375 0.275000006 0.59375 0.275000006 0.59375 0.275000006 0.59375 0.275000006 0.59375 0.275000006 0.59375 0.275000006 0.59375 0.275000006 0.59375 0.300000012 0.59375 0.300000012 0.59375 0.275000006 0.59375 0.275000006 0.59375 0.275000006 0.59375 0.300000012 0.59375 0.300000012 0.59375 0.275000006 0.59375 0.300000012 0.59375 0.275000006 0.59375 0.300000012 0.59375 0.275000006 0.59375 0.300000012 0.59375 0.300000012 0.59375 0.275000006 0.59375 0.275000006 0.59375 0.275000006 0.59375 0.300000012 0.59375 0.300000012 0.59375 0.300000012 0.59375 0.300000012 0.59375 0.300000012 0.59375 0.300000012 0.59375 0.300000012 0.59375 0.300000012 0.59375 0.300000012 0.59375 0.300000012 0.59375 0.300000012 0.59375 0.300000012 0.59375 0.300000012 0.59375 0.300000012 0.59375 0.300000012 0.59375 0.300000012 0.59375 0.275000006 0.59375 0.275000006 0.59375 0.275000006 0.59375 0.275000006 0.59375 0.275000006 0.59375 0.275000006 0.59375 0.275000006 0.59375 0.275000006 0.59375 0.275000006 0.59375 0.300000012 0.59375 0.300000012 0.59375 0.275000006 0.59375 0.275000006 0.59375 0.275000006 0.59375 0.300000012 0.59375 0.300000012 0.59375 0.275000006 0.59375 0.300000012 0.59375 0.275000006 0.59375 0.300000012 0.59375 0.275000006 0.59375 0.300000012 0.59375 0.300000012 0.59375 0.275000006 0.59375 0.275000006 0.59375 0.275000006 0.59375 0.300000012 0.59375 0.275000006 0.59375 0.275000006 0.59375 0.275000006 0.59375 0.275000006 0.59375 0.275000006 0.59375 0.275000006 0.59375 0.300000012 0.59375 0.275000006 0.59375 0.275000006 0.59375 0.275000006 0.59375 0.300000012 0.59375 0.300000012 0.59375 0.300000012 0.59375 0.300000012 0.59375 0.300000012 0.59375 0.300000012 0.59375 0.300000012 0.59375 0.300000012 0.59375 0.275000006 0.59375 0.275000006 0.59375 0.275000006 0.59375 0.275000006 0.59375 0.275000006 0.59375 0.275000006 0.59375 0.300000012 0.59375 0.275000006 0.59375 0.275000006 0.59375 0.275000006 0.59375 0.300000012 0.59375 0.300000012 0.59375 0.300000012 0.59375 0.300000012 0.59375 0.300000012 0.59375 0.300000012 0.59375 0.300000012 0.59375 0.300000012 0.59375 0.395000011 0.59375 0.425000012 0.59375 0.395000011 0.59375 0.425000012 0.59375 0.395000011 0.59375 0.425000012 0.59375 0.425000012 0.59375 0.395000011 0.59375 0.395000011 0.59375 0.395000011 0.59375 0.425000012 0.59375 0.425000012 0.59375 0.474999994 0.59375 0.395000011 0.59375 0.474999994 0.59375 0.395000011 0.59375 0.474999994 0.59375 0.395000011 0.59375 0.474999994 0.59375 0.425000012 0.59375 0.425000012 0.59375 0.425000012 0.59375 0.474999994 0.59375 0.474999994 0.59375 0.425000012 0.59375 0.425000012 0.59375 0.425000012 0.59375 0.425000012 0.59375 0.425000012 0.59375 0.425000012 0.59375 0.425000012 0.59375 0.425000012 0.59375 0.425000012 0.59375 0.425000012 0.59375 0.425000012 0.59375 0.425000012 0.59375 0.425000012 0.59375 0.425000012 0.59375 0.425000012 0.59375 0.474999994 0.59375 0.474999994 0.59375 0.474999994 0.59375 0.474999994 0.59375 0.474999994 0.59375 0.474999994 0.59375 0.474999994 0.59375 0.474999994 0.59375 0.474999994 0.59375 0.474999994 0.59375 0.474999994 0.59375 0.474999994 0.59375 0.474999994 0.59375 0.474999994 0.59375 0.474999994 0.59375 0.425000012 0.59375 0.474999994 0.59375 0.425000012 0.59375 0.474999994 0.59375 0.425000012 0.59375 0.474999994 0.59375 0.425000012 0.59375 0.474999994 0.59375 0.425000012 0.59375 0.474999994 0.59375 0.425000012 0.59375 0.474999994 0.59375 0.474999994 0.59375 0.395000011 0.59375 0.395000011 0.59375 0.395000011 0.59375 0.474999994 0.59375 0.474999994 0.59375 0.395000011 0.59375 0.425000012 0.59375 0.395000011 0.59375 0.425000012 0.59375 0.395000011 0.59375 0.425000012 0.59375 0.425000012 0.59375 0.395000011 0.59375 0.395000011 0.59375 0.395000011 0.59375 0.425000012 0.59375 0.425000012 0.59375 0.474999994 0.59375 0.395000011 0.59375 0.474999994 0.59375 0.395000011 0.59375 0.474999994 0.59375 0.395000011 0.59375 0.474999994 0.59375 0.425000012 0.59375 0.425000012 0.59375 0.425000012 0.59375 0.474999994 0.59375 0.474999994 0.59375 0.425000012 0.59375 0.425000012 0.59375 0.425000012 0.59375 0.425000012 0.59375 0.425000012 0.59375 0.425000012 0.59375 0.425000012 0.59375 0.425000012 0.59375 0.425000012 0.59375 0.425000012 0.59375 0.425000012 0.59375 0.425000012 0.59375 0.425000012 0.59375 0.425000012 0.59375 0.425000012 0.59375 0.474999994 0.59375 0.474999994 0.59375 0.474999994 0.59375 0.474999994 0.59375 0.474999994 0.59375 0.474999994 0.59375 0.474999994 0.59375 0.474999994 0.59375 0.474999994 0.59375 0.474999994 0.59375 0.474999994 0.59375 0.474999994 0.59375 0.474999994 0.59375 0.474999994 0.59375 0.474999994 0.59375 0.425000012 0.59375 0.474999994 0.59375 0.425000012 0.59375 0.474999994 0.59375 0.425000012 0.59375 0.474999994 0.59375 0.425000012 0.59375 0.474999994 0.59375 0.425000012 0.59375 0.474999994 0.59375 0.425000012 0.59375 0.474999994 0.59375 0.474999994 0.59375 0.395000011 0.59375 0.395000011 0.59375 0.395000011 0.59375 0.474999994 0.59375 0.474999994 0.59375 0.425000012 0.59375 0.425000012 0.59375 0.425000012 0.59375 0.425000012 0.59375 0.425000012 0.59375 0.425000012 0.59375 0.395000011 0.59375 0.425000012 0.59375 0.395000011 0.59375 0.425000012 0.59375 0.395000011 0.59375 0.425000012 0.59375 0.474999994 0.59375 0.395000011 0.59375 0.474999994 0.59375 0.395000011 0.59375 0.474999994 0.59375 0.395000011 0.59375 0.474999994 0.59375 0.474999994 0.59375 0.474999994 0.59375 0.474999994 0.59375 0.474999994 0.59375 0.474999994 0.59375 0.425000012 0.59375 0.474999994 0.59375 0.425000012 0.59375 0.474999994 0.59375 0.425000012 0.59375 0.474999994 0.59375 0.395000011 0.59375 0.425000012 0.59375 0.395000011 0.59375 0.425000012 0.59375 0.395000011 0.59375 0.425000012 0.59375 0.425000012 0.59375 0.395000011 0.59375 0.395000011 0.59375 0.395000011 0.59375 0.425000012 0.59375 0.425000012 0.59375 0.474999994 0.59375 0.395000011 0.59375 0.474999994 0.59375 0.395000011 0.59375 0.474999994 0.59375 0.395000011 0.59375 0.474999994 0.59375 0.425000012 0.59375 0.425000012 0.59375 0.425000012 0.59375 0.474999994 0.59375 0.474999994 0.59375 0.425000012 0.59375 0.425000012 0.59375 0.425000012 0.59375 0.425000012 0.59375 0.425000012 0.59375 0.425000012 0.59375 0.425000012 0.59375 0.425000012 0.59375 0.425000012 0.59375 0.425000012 0.59375 0.425000012 0.59375 0.425000012 0.59375 0.425000012 0.59375 0.425000012 0.59375 0.425000012 0.59375 0.474999994 0.59375 0.474999994 0.59375 0.474999994 0.59375 0.474999994 0.59375 0.474999994 0.59375 0.474999994 0.59375 0.474999994 0.59375 0.474999994 0.59375 0.474999994 0.59375 0.474999994 0.59375 0.474999994 0.59375 0.474999994 0.59375 0.474999994 0.59375 0.474999994 0.59375 0.474999994 0.59375 0.425000012 0.59375 0.474999994 0.59375 0.425000012 0.59375 0.474999994 0.59375 0.425000012 0.59375 0.474999994 0.59375 0.425000012 0.59375 0.474999994 0.59375 0.425000012 0.59375 0.474999994 0.59375 0.425000012 0.59375 0.474999994 0.59375 0.474999994 0.59375 0.395000011 0.59375 0.395000011 0.59375 0.395000011 0.59375 0.474999994 0.59375 0.474999994 0.59375 0.395000011 0.59375 0.425000012 0.59375 0.395000011 0.59375 0.425000012 0.59375 0.395000011 0.59375 0.425000012 0.59375 0.425000012 0.59375 0.395000011 0.59375 0.395000011 0.59375 0.395000011 0.59375 0.425000012 0.59375 0.425000012 0.59375 0.474999994 0.59375 0.395000011 0.59375 0.474999994 0.59375 0.395000011 0.59375 0.474999994 0.59375 0.395000011 0.59375 0.474999994 0.59375 0.425000012 0.59375 0.425000012 0.59375 0.425000012 0.59375 0.474999994 0.59375 0.474999994 0.59375 0.425000012 0.59375 0.425000012 0.59375 0.425000012 0.59375 0.425000012 0.59375 0.425000012 0.59375 0.425000012 0.59375 0.425000012 0.59375 0.425000012 0.59375 0.425000012 0.59375 0.425000012 0.59375 0.425000012 0.59375 0.425000012 0.59375 0.425000012 0.59375 0.425000012 0.59375 0.425000012 0.59375 0.474999994 0.59375 0.474999994 0.59375 0.474999994 0.59375 0.474999994 0.59375 0.474999994 0.59375 0.474999994 0.59375 0.474999994 0.59375 0.474999994 0.59375 0.474999994 0.59375 0.474999994 0.59375 0.474999994 0.59375 0.474999994 0.59375 0.474999994 0.59375 0.474999994 0.59375 0.474999994 0.59375 0.425000012 0.59375 0.474999994 0.59375 0.425000012 0.59375 0.474999994 0.59375 0.425000012 0.59375 0.474999994 0.59375 0.425000012 0.59375 0.474999994 0.59375 0.425000012 0.59375 0.474999994 0.59375 0.425000012 0.59375 0.474999994 0.59375 0.474999994 0.59375 0.395000011 0.59375 0.395000011 0.59375 0.395000011 0.59375 0.474999994 0.59375 0.474999994 0.59375 0.474999994 0.59375 0.474999994 0.59375 0.395000011 0.59375 0.395000011 0.59375 0.395000011 0.59375 0.474999994 0.59375 0.474999994 0.59375 0.425000012 0.59375 0.474999994 0.59375 0.425000012 0.59375 0.474999994 0.59375 0.425000012 0.59375 0.474999994 0.59375 0.425000012 0.59375 0.474999994 0.59375 0.425000012 0.59375 0.474999994 0.59375 0.425000012 0.59375 0.474999994 0.59375 0.474999994 0.59375 0.474999994 0.59375 0.474999994 0.59375 0.474999994 0.59375 0.474999994 0.59375 0.474999994 0.59375 0.474999994 0.59375 0.474999994 0.59375 0.474999994 0.59375 0.474999994 0.59375 0.474999994 0.59375 0.474999994 0.59375 0.474999994 0.59375 0.474999994 0.59375 0.425000012 0.59375 0.425000012 0.59375 0.425000012 0.59375 0.425000012 0.59375 0.425000012 0.59375 0.425000012 0.59375 0.425000012 0.59375 0.425000012 0.59375 0.425000012 0.59375 0.425000012 0.59375 0.425000012 0.59375 0.425000012 0.59375 0.425000012 0.59375 0.425000012 0.59375 0.425000012 0.59375 0.474999994 0.59375 0.474999994 0.59375 0.425000012 0.59375 0.425000012 0.59375 0.425000012 0.59375 0.474999994 0.59375 0.395000011 0.59375 0.474999994 0.59375 0.395000011 0.59375 0.474999994 0.59375 0.395000011 0.59375 0.474999994 0.59375 0.425000012 0.59375 0.425000012 0.59375 0.395000011 0.59375 0.395000011 0.59375 0.395000011 0.59375 0.425000012 0.59375 0.425000012 0.59375 0.395000011 0.59375 0.425000012 0.59375 0.395000011 0.59375 0.425000012 0.59375 0.395000011 0.59375 0.395000011 0.59375 0.425000012 0.59375 0.395000011 0.59375 0.425000012 0.59375 0.395000011 0.59375 0.425000012 0.59375 0.425000012 0.59375 0.395000011 0.59375 0.395000011 0.59375 0.395000011 0.59375 0.425000012 0.59375 0.425000012 0.59375 0.474999994 0.59375 0.395000011 0.59375 0.474999994 0.59375 0.395000011 0.59375 0.474999994 0.59375 0.395000011 0.59375 0.474999994 0.59375 0.425000012 0.59375 0.425000012 0.59375 0.425000012 0.59375 0.474999994 0.59375 0.474999994 0.59375 0.425000012 0.59375 0.425000012 0.59375 0.425000012 0.59375 0.425000012 0.59375 0.425000012 0.59375 0.425000012 0.59375 0.425000012 0.59375 0.425000012 0.59375 0.425000012 0.59375 0.425000012 0.59375 0.425000012 0.59375 0.425000012 0.59375 0.425000012 0.59375 0.425000012 0.59375 0.425000012 0.59375 0.474999994 0.59375 0.474999994 0.59375 0.474999994 0.59375 0.474999994 0.59375 0.474999994 0.59375 0.474999994 0.59375 0.474999994 0.59375 0.474999994 0.59375 0.474999994 0.59375 0.474999994 0.59375 0.474999994 0.59375 0.474999994 0.59375 0.474999994 0.59375 0.474999994 0.59375 0.474999994 0.59375 0.425000012 0.59375 0.474999994 0.59375 0.425000012 0.59375 0.474999994 0.59375 0.425000012 0.59375 0.474999994 0.59375 0.425000012 0.59375 0.474999994 0.59375 0.425000012 0.59375 0.474999994 0.59375 0.425000012 0.59375 0.474999994 0.59375 0.474999994 0.59375 0.395000011 0.59375 0.395000011 0.59375 0.395000011 0.59375 0.474999994 0.59375 0.474999994 0.59375 0.395000011 0.59375 0.425000012 0.59375 0.395000011 0.59375 0.425000012 0.59375 0.395000011 0.59375 0.425000012 0.59375 0.425000012 0.59375 0.395000011 0.59375 0.395000011 0.59375 0.395000011 0.59375 0.425000012 0.59375 0.425000012 0.59375 0.474999994 0.59375 0.395000011 0.59375 0.474999994 0.59375 0.395000011 0.59375 0.474999994 0.59375 0.395000011 0.59375 0.474999994 0.59375 0.425000012 0.59375 0.425000012 0.59375 0.425000012 0.59375 0.474999994 0.59375 0.474999994 0.59375 0.425000012 0.59375 0.425000012 0.59375 0.425000012 0.59375 0.425000012 0.59375 0.425000012 0.59375 0.425000012 0.59375 0.425000012 0.59375 0.425000012 0.59375 0.425000012 0.59375 0.425000012 0.59375 0.425000012 0.59375 0.425000012 0.59375 0.425000012 0.59375 0.425000012 0.59375 0.425000012 0.59375 0.474999994 0.59375 0.474999994 0.59375 0.474999994 0.59375 0.474999994 0.59375 0.474999994 0.59375 0.474999994 0.59375 0.474999994 0.59375 0.474999994 0.59375 0.474999994 0.59375 0.474999994 0.59375 0.474999994 0.59375 0.474999994 0.59375 0.474999994 0.59375 0.474999994 0.59375 0.474999994 0.59375 0.425000012 0.59375 0.474999994 0.59375 0.425000012 0.59375 0.474999994 0.59375 0.425000012 0.59375 0.474999994 0.59375 0.425000012 0.59375 0.474999994 0.59375 0.425000012 0.59375 0.474999994 0.59375 0.425000012 0.59375 0.474999994 0.59375 0.474999994 0.59375 0.395000011 0.59375 0.395000011 0.59375 0.395000011 0.59375 0.474999994 0.59375 0.474999994 0.59375 0.425000012 0.59375 0.425000012 0.59375 0.425000012 0.59375 0.425000012 0.59375 0.425000012 0.59375 0.425000012 0.59375 0.395000011 0.59375 0.425000012 0.59375 0.395000011 0.59375 0.425000012 0.59375 0.395000011 0.59375 0.425000012 0.59375 0.474999994 0.59375 0.395000011 0.59375 0.474999994 0.59375 0.395000011 0.59375 0.474999994 0.59375 0.395000011 0.59375 0.474999994 0.59375 0.474999994 0.59375 0.474999994 0.59375 0.474999994 0.59375 0.474999994 0.59375 0.474999994 0.59375 0.425000012 0.59375 0.474999994 0.59375 0.425000012 0.59375 0.474999994 0.59375 0.425000012 0.59375 0.474999994 0.59375 0.425000012 0.59375 0.425000012 0.59375 0.425000012 0.59375 0.425000012 0.59375 0.425000012 0.59375 0.425000012 0.59375 0.395000011 0.59375 0.425000012 0.59375 0.395000011 0.59375 0.425000012 0.59375 0.395000011 0.59375 0.425000012 0.59375 0.474999994 0.59375 0.395000011 0.59375 0.474999994 0.59375 0.395000011 0.59375 0.474999994 0.59375 0.395000011 0.59375 0.474999994 0.59375 0.474999994 0.59375 0.474999994 0.59375 0.474999994 0.59375 0.474999994 0.59375 0.474999994 0.59375 0.425000012 0.59375 0.474999994 0.59375 0.425000012 0.59375 0.474999994 0.59375 0.425000012 0.59375 0.474999994 0.59375 0.455000013 0.59375 0.435000002 0.59375 0.435000002 0.59375 0.435000002 0.59375 0.455000013 0.59375 0.455000013 0.59375 0.435000002 0.59375 0.455000013 0.59375 0.435000002 0.59375 0.455000013 0.59375 0.435000002 0.59375 0.455000013 0.59375 0.435000002 0.59375 0.395000011 0.59375 0.395000011 0.59375 0.395000011 0.59375 0.435000002 0.59375 0.435000002 0.59375 0.455000013 0.59375 0.435000002 0.59375 0.455000013 0.59375 0.435000002 0.59375 0.455000013 0.59375 0.435000002 0.59375 0.455000013 0.59375 0.435000002 0.59375 0.435000002 0.59375 0.435000002 0.59375 0.455000013 0.59375 0.455000013 0.59375 0.455000013 0.59375 0.435000002 0.59375 0.435000002 0.59375 0.435000002 0.59375 0.455000013 0.59375 0.455000013 0.59375 0.455000013 0.59375 0.435000002 0.59375 0.435000002 0.59375 0.435000002 0.59375 0.455000013 0.59375 0.455000013 0.59375 0.474999994 0.59375 0.455000013 0.59375 0.474999994 0.59375 0.455000013 0.59375 0.474999994 0.59375 0.455000013 0.59375 0.435000002 0.59375 0.395000011 0.59375 0.395000011 0.59375 0.395000011 0.59375 0.435000002 0.59375 0.435000002 0.59375 0.435000002 0.59375 0.395000011 0.59375 0.395000011 0.59375 0.395000011 0.59375 0.435000002 0.59375 0.435000002 0.59375 0.395000011 0.59375 0.435000002 0.59375 0.395000011 0.59375 0.435000002 0.59375 0.395000011 0.59375 0.435000002 0.59375 0.455000013 0.59375 0.435000002 0.59375 0.435000002 0.59375 0.435000002 0.59375 0.455000013 0.59375 0.455000013 0.59375 0.474999994 0.59375 0.455000013 0.59375 0.455000013 0.59375 0.455000013 0.59375 0.474999994 0.59375 0.474999994 0.59375 0.474999994 0.59375 0.455000013 0.59375 0.455000013 0.59375 0.455000013 0.59375 0.474999994 0.59375 0.474999994 0.59375 0.474999994 0.59375 0.455000013 0.59375 0.455000013 0.59375 0.455000013 0.59375 0.474999994 0.59375 0.474999994 0.59375 0.435000002 0.59375 0.455000013 0.59375 0.455000013 0.59375 0.455000013 0.59375 0.435000002 0.59375 0.435000002 0.59375 0.474999994 0.59375 0.455000013 0.59375 0.455000013 0.59375 0.455000013 0.59375 0.474999994 0.59375 0.474999994 0.59375 0.455000013 0.59375 0.474999994 0.59375 0.455000013 0.59375 0.474999994 0.59375 0.455000013 0.59375 0.474999994 0.59375 0.474999994 0.59375 0.474999994 0.59375 0.474999994 0.59375 0.474999994 0.59375 0.474999994 0.59375 0.474999994 0.59375 0.474999994 0.59375 0.474999994 0.59375 0.474999994 0.59375 0.474999994 0.59375 0.474999994 0.59375 0.474999994 0.59375 0.474999994 0.59375 0.474999994 0.59375 0.474999994 0.59375 0.474999994 0.59375 0.474999994 0.59375 0.474999994 0.59375 0.435000002 0.59375 0.395000011 0.59375 0.435000002 0.59375 0.395000011 0.59375 0.435000002 0.59375 0.395000011 0.59375 0.435000002 0.59375 0.395000011 0.59375 0.395000011 0.59375 0.395000011 0.59375 0.435000002 0.59375 0.435000002 0.59375 0.455000013 0.59375 0.474999994 0.59375 0.474999994 0.59375 0.474999994 0.59375 0.455000013 0.59375 0.455000013 0.59375 0.435000002 0.59375 0.395000011 0.59375 0.435000002 0.59375 0.395000011 0.59375 0.435000002 0.59375 0.395000011 0.59375 0.474999994 0.59375 0.455000013 0.59375 0.455000013 0.59375 0.455000013 0.59375 0.474999994 0.59375 0.474999994 0.59375 0.395000011 0.59375 0.435000002 0.59375 0.395000011 0.59375 0.435000002 0.59375 0.395000011 0.59375 0.435000002 0.59375 0.275000006 0.59375 0.275000006 0.59375 0.474999994 0.59375 0.474999994 0.59375 0.474999994 0.59375 0.275000006 0.59375 0.474999994 0.59375 0.275000006 0.59375 0.474999994 0.59375 0.275000006 0.59375 0.474999994 0.59375 0.275000006 0.59375 0.275000006 0.59375 0.275000006 0.59375 0.474999994 0.59375 0.474999994 0.59375 0.474999994 0.59375 0.275000006 0.59375 0.474999994 0.59375 0.275000006 0.59375 0.474999994 0.59375 0.275000006 0.59375 0.474999994 0.59375 0.275000006 0.59375 0.275000006 0.59375 0.275000006 0.59375 0.474999994 0.59375 0.474999994 0.59375 0.474999994 0.59375 0.275000006 0.59375 0.275000006 0.59375 0.275000006 0.59375 0.474999994 0.59375 0.474999994 0.59375 0.474999994 0.59375 0.275000006 0.59375 0.474999994 0.59375 0.275000006 0.59375 0.474999994 0.59375 0.275000006 0.59375 0.474999994 0.59375 0.275000006 0.59375 0.275000006 0.59375 0.275000006 0.59375 0.474999994 0.59375 0.474999994 0.59375 0.474999994 0.59375 0.275000006 0.59375 0.474999994 0.59375 0.275000006 0.59375 0.474999994 0.59375 0.275000006 0.59375 0.474999994 0.59375 0.275000006 0.59375 0.275000006 0.59375 0.474999994 0.59375 0.275000006 0.59375 0.474999994 0.59375 0.275000006 0.59375 0.474999994 0.59375 0.275000006 0.59375 0.474999994 0.59375 0.474999994 0.59375 0.474999994 0.59375 0.275000006 0.59375 0.275000006 0.59375 0.275000006 0.59375 0.275000006 0.59375 0.474999994 0.59375 0.474999994 0.59375 0.474999994 0.59375 0.275000006 0.59375 0.275000006 0.59375 0.275000006 0.59375 0.474999994 0.59375 0.474999994 0.59375 0.474999994 0.59375 0.275000006 0.59375 0.474999994 0.59375 0.275000006 0.59375 0.474999994 0.59375 0.275000006 0.59375 0.474999994 0.59375 0.275000006 0.59375 0.420655906 0.59375 0.4030765 0.59375 0.4030765 0.59375 0.4030765 0.59375 0.420655906 0.59375 0.420655906 0.59375 0.367917687 0.59375 0.275000006 0.59375 0.275000006 0.59375 0.275000006 0.59375 0.367917687 0.59375 0.367917687 0.59375 0.420655906 0.59375 0.4030765 0.59375 0.4030765 0.59375 0.4030765 0.59375 0.420655906 0.59375 0.420655906 0.59375 0.367917687 0.59375 0.275000006 0.59375 0.275000006 0.59375 0.275000006 0.59375 0.367917687 0.59375 0.367917687 0.59375 0.474999994 0.59375 0.455814689 0.59375 0.455814689 0.59375 0.455814689 0.59375 0.474999994 0.59375 0.474999994 0.59375 0.474999994 0.59375 0.455814689 0.59375 0.455814689 0.59375 0.455814689 0.59375 0.474999994 0.59375 0.474999994 0.59375 0.474999994 0.59375 0.455814689 0.59375 0.455814689 0.59375 0.455814689 0.59375 0.474999994 0.59375 0.474999994 0.59375 0.367917687 0.59375 0.275000006 0.59375 0.275000006 0.59375 0.275000006 0.59375 0.367917687 0.59375 0.367917687 0.59375 0.367917687 0.59375 0.275000006 0.59375 0.275000006 0.59375 0.275000006 0.59375 0.367917687 0.59375 0.367917687 0.59375 0.367917687 0.59375 0.275000006 0.59375 0.275000006 0.59375 0.275000006 0.59375 0.367917687 0.59375 0.367917687 0.59375 0.455814689 0.59375 0.474999994 0.59375 0.455814689 0.59375 0.474999994 0.59375 0.455814689 0.59375 0.474999994 0.59375 0.275000006 0.59375 0.367917687 0.59375 0.367917687 0.59375 0.367917687 0.59375 0.275000006 0.59375 0.275000006 0.59375 0.275000006 0.59375 0.367917687 0.59375 0.275000006 0.59375 0.367917687 0.59375 0.275000006 0.59375 0.367917687 0.59375 0.420655906 0.59375 0.4030765 0.59375 0.420655906 0.59375 0.4030765 0.59375 0.420655906 0.59375 0.4030765 0.59375 0.474999994 0.59375 0.455814689 0.59375 0.474999994 0.59375 0.455814689 0.59375 0.474999994 0.59375 0.455814689 0.59375 0.420655906 0.59375 0.4030765 0.59375 0.4030765 0.59375 0.4030765 0.59375 0.420655906 0.59375 0.420655906 0.59375 0.4030765 0.59375 0.420655906 0.59375 0.4030765 0.59375 0.420655906 0.59375 0.4030765 0.59375 0.420655906 0.59375 0.420655906 0.59375 0.4030765 0.59375 0.4030765 0.59375 0.4030765 0.59375 0.420655906 0.59375 0.420655906 0.59375 0.367917687 0.59375 0.275000006 0.59375 0.367917687 0.59375 0.275000006 0.59375 0.367917687 0.59375 0.275000006 0.59375 0.4030765 0.59375 0.420655906 0.59375 0.4030765 0.59375 0.420655906 0.59375 0.4030765 0.59375 0.420655906 0.59375 0.4030765 0.59375 0.420655906 0.59375 0.4030765 0.59375 0.420655906 0.59375 0.4030765 0.59375 0.420655906 0.59375 0.474999994 0.59375 0.455814689 0.59375 0.455814689 0.59375 0.455814689 0.59375 0.474999994 0.59375 0.474999994 0.59375 0.474999994 0.59375 0.455814689 0.59375 0.455814689 0.59375 0.455814689 0.59375 0.474999994 0.59375 0.474999994 0.59375 0.455814689 0.59375 0.474999994 0.59375 0.455814689 0.59375 0.474999994 0.59375 0.455814689 0.59375 0.474999994 0.59375 0.275000006 0.59375 0.474999994 0.59375 0.474999994 0.59375 0.474999994 0.59375 0.275000006 0.59375 0.275000006 0.59375 0.275000006 0.59375 0.474999994 0.59375 0.280157596 0.59375 0.474999994 0.59375 0.275000006 0.59375 0.474999994 0.59375 0.474999994 0.59375 0.280157596 0.59375 0.474999994 0.59375 0.280157596 0.59375 0.474999994 0.59375 0.275000006 0.59375 0.280157596 0.59375 0.474999994 0.59375 0.474999994 0.59375 0.474999994 0.59375 0.280157596 0.59375 0.280157596 0.59375 0.474999994 0.59375 0.474999994 0.59375 0.474999994 0.59375 0.474999994 0.59375 0.474999994 0.59375 0.474999994 0.59375 0.280157596 0.59375 0.474999994 0.59375 0.474999994 0.59375 0.474999994 0.59375 0.280157596 0.59375 0.280157596 0.59375 0.474999994 0.59375 0.474999994 0.59375 0.474999994 0.59375 0.474999994 0.59375 0.474999994 0.59375 0.474999994 0.59375 0.275000006 0.59375 0.474999994 0.59375 0.280157596 0.59375 0.474999994 0.59375 0.275000006 0.59375 0.474999994 0.59375 0.474999994 0.59375 0.280157596 0.59375 0.474999994 0.59375 0.280157596 0.59375 0.474999994 0.59375 0.275000006 0.59375 0.275000006 0.59375 0.474999994 0.59375 0.474999994 0.59375 0.474999994 0.59375 0.275000006 0.59375 0.275000006 0.59375 0.409999996 0.59375 0.409999996 0.59375 0.409999996 0.59375 0.409999996 0.59375 0.409999996 0.59375 0.409999996 0.59375 0.275000006 0.59375 0.275000006 0.59375 0.275000006 0.59375 0.275000006 0.59375 0.275000006 0.59375 0.275000006 0.59375 0.275000006 0.59375 0.275000006 0.59375 0.275000006 0.59375 0.340000004 0.59375 0.409999996 0.59375 0.340000004 0.59375 0.409999996 0.59375 0.340000004 0.59375 0.409999996 0.59375 0.409999996 0.59375 0.340000004 0.59375 0.409999996 0.59375 0.340000004 0.59375 0.409999996 0.59375 0.340000004 0.59375 0.300000012 0.59375 0.300000012 0.59375 0.300000012 0.59375 0.300000012 0.59375 0.300000012 0.59375 0.300000012 0.59375 0.300000012 0.59375 0.300000012 0.59375 0.300000012 0.59375 0.300000012 0.59375 0.300000012 0.59375 0.300000012 0.59375 0.300000012 0.59375 0.300000012 0.59375 0.300000012 0.59375 0.300000012 0.59375 0.275000006 0.59375 0.300000012 0.59375 0.275000006 0.59375 0.300000012 0.59375 0.275000006 0.59375 0.300000012 0.59375 0.275000006 0.59375 0.275000006 0.59375 0.275000006 0.59375 0.300000012 0.59375 0.300000012 0.59375 0.300000012 0.59375 0.275000006 0.59375 0.300000012 0.59375 0.275000006 0.59375 0.300000012 0.59375 0.275000006 0.59375 0.425000012 0.59375 0.340000004 0.59375 0.340000004 0.59375 0.340000004 0.59375 0.425000012 0.59375 0.409999996 0.59375 0.409999996 0.59375 0.425000012 0.59375 0.409999996 0.59375 0.425000012 0.59375 0.409999996 0.59375 0.425000012 0.59375 0.340000004 0.59375 0.409999996 0.59375 0.425000012 0.59375 0.409999996 0.59375 0.340000004 0.59375 0.340000004 0.59375 0.340000004 0.59375 0.425000012 0.59375 0.340000004 0.59375 0.425000012 0.59375 0.340000004 0.59375 0.425000012 0.59375 0.425000012 0.59375 0.425000012 0.59375 0.425000012 0.59375 0.425000012 0.59375 0.425000012 0.59375 0.425000012 0.59375 0.425000012 0.59375 0.340000004 0.59375 0.425000012 0.59375 0.340000004 0.59375 0.425000012 0.59375 0.340000004 0.59375 0.474999994 0.59375 0.474999994 0.59375 0.474999994 0.59375 0.474999994 0.59375 0.474999994 0.59375 0.474999994 0.59375 0.474999994 0.59375 0.474999994 0.59375 0.474999994 0.59375 0.474999994 0.59375 0.474999994 0.59375 0.474999994 0.59375 0.474999994 0.59375 0.474999994 0.59375 0.474999994 0.59375 0.474999994 0.59375 0.474999994 0.59375 0.474999994 0.59375 0.474999994 0.59375 0.474999994 0.59375 0.474999994 0.59375 0.474999994 0.59375 0.474999994 0.59375 0.474999994 0.59375 0.474999994 0.59375 0.275000006 0.59375 0.275000006 0.59375 0.275000006 0.59375 0.474999994 0.59375 0.474999994 0.59375 0.275000006 0.59375 0.275000006 0.59375 0.275000006 0.59375 0.275000006 0.59375 0.275000006 0.59375 0.275000006 0.59375 0.275000006 0.59375 0.275000006 0.59375 0.275000006 0.59375 0.275000006 0.59375 0.275000006 0.59375 0.275000006 0.59375 0.275000006 0.59375 0.474999994 0.59375 0.275000006 0.59375 0.474999994 0.59375 0.275000006 0.59375 0.474999994 0.59375 0.474999994 0.59375 0.275000006 0.59375 0.474999994 0.59375 0.474999994 0.59375 0.275000006 0.59375 0.474999994 0.59375 0.275000006 0.59375 0.474999994 0.59375 0.275000006 0.59375 0.275000006 0.59375 0.474999994 0.59375 0.474999994 0.59375 0.474999994 0.59375 0.275000006 0.59375 0.275000006 0.59375 0.275000006 0.59375 0.474999994 0.59375 0.474999994 0.59375 0.474999994 0.59375 0.275000006 0.59375 0.474999994 0.59375 0.275000006 0.59375 0.474999994 0.59375 0.275000006 0.59375 0.343571395 0.59375 0.343571395 0.59375 0.343571395 0.59375 0.343571395 0.59375 0.343571395 0.59375 0.343571395 0.59375 0.343571395 0.59375 0.343571395 0.59375 0.343571395 0.59375 0.343571395 0.59375 0.343571395 0.59375 0.343571395 0.59375 0.343571395 0.59375 0.286428601 0.59375 0.343571395 0.59375 0.286428601 0.59375 0.343571395 0.59375 0.286428601 0.59375 0.286428601 0.59375 0.343571395 0.59375 0.286428601 0.59375 0.343571395 0.59375 0.286428601 0.59375 0.343571395 0.59375 0.286428601 0.59375 0.286428601 0.59375 0.286428601 0.59375 0.286428601 0.59375 0.286428601 0.59375 0.286428601 0.59375 0.286428601 0.59375 0.286428601 0.59375 0.286428601 0.59375 0.286428601 0.59375 0.286428601 0.59375 0.286428601 0.59375 0.286428601 0.59375 0.354999989 0.59375 0.343571395 0.59375 0.343571395 0.59375 0.354999989 0.59375 0.343571395 0.59375 0.286428601 0.59375 0.275000006 0.59375 0.354999989 0.59375 0.275000006 0.59375 0.286428601 0.59375 0.275000006 0.59375 0.286428601 0.59375 0.275000006 0.59375 0.286428601 0.59375 0.286428601 0.59375 0.286428601 0.59375 0.286428601 0.59375 0.275000006 0.59375 0.286428601 0.59375 0.354999989 0.59375 0.286428601 0.59375 0.286428601 0.59375 0.286428601 0.59375 0.343571395 0.59375 0.286428601 0.59375 0.286428601 0.59375 0.354999989 0.59375 0.286428601 0.59375 0.343571395 0.59375 0.354999989 0.59375 0.343571395 0.59375 0.354999989 0.59375 0.286428601 0.59375 0.343571395 0.59375 0.343571395 0.59375 0.343571395 0.59375 0.354999989 0.59375 0.343571395 0.59375 0.343571395 0.59375 0.354999989 0.59375 0.343571395 0.59375 0.343571395 0.59375 0.354999989 0.59375 0.343571395 0.59375 0.343571395 0.59375 0.354999989 0.59375 0.343571395 0.59375 0.343571395 0.59375 0.343571395 0.59375 0.286428601 0.59375 0.354999989 0.59375 0.343571395 0.59375 0.354999989 0.59375 0.343571395 0.59375 0.286428601 0.59375 0.354999989 0.59375 0.286428601 0.59375 0.286428601 0.59375 0.343571395 0.59375 0.286428601 0.59375 0.286428601 0.59375 0.286428601 0.59375 0.354999989 0.59375 0.286428601 0.59375 0.275000006 0.59375 0.286428601 0.59375 0.286428601 0.59375 0.286428601 0.59375 0.286428601 0.59375 0.275000006 0.59375 0.286428601 0.59375 0.275000006 0.59375 0.286428601 0.59375 0.275000006 0.59375 0.354999989 0.59375 0.275000006 0.59375 0.286428601 0.59375 0.343571395 0.59375 0.354999989 0.59375 0.343571395 0.59375 0.343571395 0.59375 0.354999989 0.59375 0.286428601 0.59375 0.286428601 0.59375 0.286428601 0.59375 0.286428601 0.59375 0.286428601 0.59375 0.286428601 0.59375 0.286428601 0.59375 0.286428601 0.59375 0.286428601 0.59375 0.286428601 0.59375 0.286428601 0.59375 0.286428601 0.59375 0.286428601 0.59375 0.343571395 0.59375 0.286428601 0.59375 0.343571395 0.59375 0.286428601 0.59375 0.343571395 0.59375 0.286428601 0.59375 0.286428601 0.59375 0.343571395 0.59375 0.286428601 0.59375 0.343571395 0.59375 0.286428601 0.59375 0.343571395 0.59375 0.343571395 0.59375 0.343571395 0.59375 0.343571395 0.59375 0.343571395 0.59375 0.343571395 0.59375 0.343571395 0.59375 0.343571395 0.59375 0.343571395 0.59375 0.343571395 0.59375 0.343571395 0.59375 0.343571395 0.59375 0.343571395 0.59375 0.275000006 0.59375 0.474999994 0.59375 0.275000006 0.59375 0.474999994 0.59375 0.275000006 0.59375 0.474999994 0.59375 0.474999994 0.59375 0.474999994 0.59375 0.275000006 0.59375 0.275000006 0.59375 0.275000006 0.59375 0.474999994 0.59375 0.474999994 0.59375 0.474999994 0.59375 0.275000006 0.59375 0.275000006 0.59375 0.474999994 0.59375 0.275000006 0.59375 0.474999994 0.59375 0.275000006 0.59375 0.474999994 0.59375 0.474999994 0.59375 0.275000006 0.59375 0.474999994 0.59375 0.474999994 0.59375 0.275000006 0.59375 0.474999994 0.59375 0.275000006 0.59375 0.474999994 0.59375 0.275000006 0.59375 0.275000006 0.59375 0.275000006 0.59375 0.275000006 0.59375 0.275000006 0.59375 0.275000006 0.59375 0.275000006 0.59375 0.275000006 0.59375 0.275000006 0.59375 0.275000006 0.59375 0.275000006 0.59375 0.275000006 0.59375 0.275000006 0.59375 0.474999994 0.59375 0.474999994 0.59375 0.275000006 0.59375 0.275000006 0.59375 0.275000006 0.59375 0.474999994 0.59375 0.474999994 0.59375 0.474999994 0.59375 0.474999994 0.59375 0.474999994 0.59375 0.474999994 0.59375 0.474999994 0.59375 0.474999994 0.59375 0.474999994 0.59375 0.474999994 0.59375 0.474999994 0.59375 0.474999994 0.59375 0.474999994 0.59375 0.474999994 0.59375 0.474999994 0.59375 0.474999994 0.59375 0.474999994 0.59375 0.474999994 0.59375 0.474999994 0.59375 0.474999994 0.59375 0.474999994 0.59375 0.474999994 0.59375 0.474999994 0.59375 0.474999994 0.59375 0.474999994 0.59375 0.340000004 0.59375 0.425000012 0.59375 0.340000004 0.59375 0.425000012 0.59375 0.340000004 0.59375 0.425000012 0.59375 0.425000012 0.59375 0.425000012 0.59375 0.425000012 0.59375 0.425000012 0.59375 0.425000012 0.59375 0.425000012 0.59375 0.425000012 0.59375 0.340000004 0.59375 0.425000012 0.59375 0.340000004 0.59375 0.425000012 0.59375 0.340000004 0.59375 0.340000004 0.59375 0.340000004 0.59375 0.409999996 0.59375 0.425000012 0.59375 0.409999996 0.59375 0.340000004 0.59375 0.425000012 0.59375 0.409999996 0.59375 0.425000012 0.59375 0.409999996 0.59375 0.425000012 0.59375 0.409999996 0.59375 0.409999996 0.59375 0.425000012 0.59375 0.340000004 0.59375 0.340000004 0.59375 0.340000004 0.59375 0.425000012 0.59375 0.275000006 0.59375 0.300000012 0.59375 0.275000006 0.59375 0.300000012 0.59375 0.275000006 0.59375 0.300000012 0.59375 0.300000012 0.59375 0.300000012 0.59375 0.275000006 0.59375 0.275000006 0.59375 0.275000006 0.59375 0.300000012 0.59375 0.275000006 0.59375 0.300000012 0.59375 0.275000006 0.59375 0.300000012 0.59375 0.275000006 0.59375 0.300000012 0.59375 0.300000012 0.59375 0.300000012 0.59375 0.300000012 0.59375 0.300000012 0.59375 0.300000012 0.59375 0.300000012 0.59375 0.300000012 0.59375 0.300000012 0.59375 0.300000012 0.59375 0.300000012 0.59375 0.300000012 0.59375 0.300000012 0.59375 0.300000012 0.59375 0.300000012 0.59375 0.300000012 0.59375 0.340000004 0.59375 0.409999996 0.59375 0.340000004 0.59375 0.409999996 0.59375 0.340000004 0.59375 0.409999996 0.59375 0.409999996 0.59375 0.340000004 0.59375 0.409999996 0.59375 0.340000004 0.59375 0.409999996 0.59375 0.340000004 0.59375 0.275000006 0.59375 0.275000006 0.59375 0.275000006 0.59375 0.275000006 0.59375 0.275000006 0.59375 0.275000006 0.59375 0.275000006 0.59375 0.275000006 0.59375 0.275000006 0.59375 0.409999996 0.59375 0.409999996 0.59375 0.409999996 0.59375 0.409999996 0.59375 0.409999996 0.59375 0.409999996 0.59375 0.409999996 0.59375 0.409999996 0.59375 0.409999996 0.59375 0.409999996 0.59375 0.409999996 0.59375 0.409999996 0.59375 0.36500001 0.59375 0.36500001 0.59375 0.36500001 0.59375 0.36500001 0.59375 0.36500001 0.59375 0.36500001 0.59375 0.425000012 0.59375 0.425000012 0.59375 0.425000012 0.59375 0.425000012 0.59375 0.425000012 0.59375 0.425000012 0.59375 0.349999994 0.59375 0.349999994 0.59375 0.349999994 0.59375 0.349999994 0.59375 0.349999994 0.59375 0.349999994 0.59375 0.414999992 0.59375 0.425000012 0.59375 0.414999992 0.59375 0.425000012 0.59375 0.414999992 0.59375 0.425000012 0.59375 0.349999994 0.59375 0.360000014 0.59375 0.360000014 0.59375 0.360000014 0.59375 0.349999994 0.59375 0.349999994 0.59375 0.360000014 0.59375 0.349999994 0.59375 0.360000014 0.59375 0.349999994 0.59375 0.360000014 0.59375 0.349999994 0.59375 0.425000012 0.59375 0.414999992 0.59375 0.425000012 0.59375 0.414999992 0.59375 0.425000012 0.59375 0.414999992 0.59375 0.275000006 0.59375 0.300000012 0.59375 0.275000006 0.59375 0.300000012 0.59375 0.275000006 0.59375 0.300000012 0.59375 0.300000012 0.59375 0.275000006 0.59375 0.300000012 0.59375 0.275000006 0.59375 0.300000012 0.59375 0.275000006 0.59375 0.275000006 0.59375 0.275000006 0.59375 0.275000006 0.59375 0.275000006 0.59375 0.275000006 0.59375 0.275000006 0.59375 0.275000006 0.59375 0.275000006 0.59375 0.275000006 0.59375 0.300000012 0.59375 0.300000012 0.59375 0.300000012 0.59375 0.300000012 0.59375 0.300000012 0.59375 0.300000012 0.59375 0.300000012 0.59375 0.300000012 0.59375 0.300000012 0.59375 0.300000012 0.59375 0.300000012 0.59375 0.300000012 0.59375 0.300000012 0.59375 0.300000012 0.59375 0.300000012 0.59375 0.36500001 0.59375 0.409999996 0.59375 0.36500001 0.59375 0.409999996 0.59375 0.36500001 0.59375 0.409999996 0.59375 0.409999996 0.59375 0.36500001 0.59375 0.409999996 0.59375 0.36500001 0.59375 0.409999996 0.59375 0.36500001 0.59375 0.360000014 0.59375 0.414999992 0.59375 0.360000014 0.59375 0.414999992 0.59375 0.360000014 0.59375 0.414999992 0.59375 0.414999992 0.59375 0.360000014 0.59375 0.414999992 0.59375 0.360000014 0.59375 0.414999992 0.59375 0.360000014 0.59375 0.360000014 0.59375 0.349999994 0.59375 0.349999994 0.59375 0.349999994 0.59375 0.360000014 0.59375 0.360000014 0.59375 0.360000014 0.59375 0.360000014 0.59375 0.36500001 0.59375 0.36500001 0.59375 0.360000014 0.59375 0.414999992 0.59375 0.36500001 0.59375 0.360000014 0.59375 0.36500001 0.59375 0.36500001 0.59375 0.414999992 0.59375 0.409999996 0.59375 0.360000014 0.59375 0.36500001 0.59375 0.414999992 0.59375 0.409999996 0.59375 0.414999992 0.59375 0.409999996 0.59375 0.414999992 0.59375 0.36500001 0.59375 0.409999996 0.59375 0.414999992 0.59375 0.409999996 0.59375 0.414999992 0.59375 0.414999992 0.59375 0.414999992 0.59375 0.425000012 0.59375 0.414999992 0.59375 0.425000012 0.59375 0.425000012 0.59375 0.300000012 0.59375 0.275000006 0.59375 0.300000012 0.59375 0.275000006 0.59375 0.300000012 0.59375 0.275000006 0.59375 0.314999998 0.59375 0.343571395 0.59375 0.314999998 0.59375 0.343571395 0.59375 0.314999998 0.59375 0.343571395 0.59375 0.343571395 0.59375 0.343571395 0.59375 0.343571395 0.59375 0.343571395 0.59375 0.343571395 0.59375 0.343571395 0.59375 0.314999998 0.59375 0.314999998 0.59375 0.314999998 0.59375 0.314999998 0.59375 0.314999998 0.59375 0.314999998 0.59375 0.343571395 0.59375 0.314999998 0.59375 0.343571395 0.59375 0.314999998 0.59375 0.343571395 0.59375 0.314999998 0.59375 0.314999998 0.59375 0.354999989 0.59375 0.343571395 0.59375 0.343571395 0.59375 0.354999989 0.59375 0.343571395 0.59375 0.314999998 0.59375 0.303571403 0.59375 0.354999989 0.59375 0.354999989 0.59375 0.343571395 0.59375 0.354999989 0.59375 0.303571403 0.59375 0.314999998 0.59375 0.303571403 0.59375 0.354999989 0.59375 0.314999998 0.59375 0.343571395 0.59375 0.303571403 0.59375 0.314999998 0.59375 0.354999989 0.59375 0.314999998 0.59375 0.303571403 0.59375 0.314999998 0.59375 0.275000006 0.59375 0.409999996 0.59375 0.275000006 0.59375 0.409999996 0.59375 0.275000006 0.59375 0.409999996 0.59375 0.409999996 0.59375 0.275000006 0.59375 0.409999996 0.59375 0.275000006 0.59375 0.409999996 0.59375 0.275000006 0.59375 0.409999996 0.59375 0.409999996 0.59375 0.409999996 0.59375 0.409999996 0.59375 0.409999996 0.59375 0.409999996 0.59375 0.300000012 0.59375 0.414999992 0.59375 0.300000012 0.59375 0.414999992 0.59375 0.300000012 0.59375 0.414999992 0.59375 0.414999992 0.59375 0.300000012 0.59375 0.414999992 0.59375 0.300000012 0.59375 0.414999992 0.59375 0.300000012 0.59375 0.425000012 0.59375 0.425000012 0.59375 0.425000012 0.59375 0.425000012 0.59375 0.425000012 0.59375 0.425000012 0.59375 0.414999992 0.59375 0.425000012 0.59375 0.414999992 0.59375 0.425000012 0.59375 0.414999992 0.59375 0.425000012 0.59375 0.425000012 0.59375 0.414999992 0.59375 0.425000012 0.59375 0.414999992 0.59375 0.425000012 0.59375 0.414999992 0.59375 0.300000012 0.59375 0.275000006 0.59375 0.300000012 0.59375 0.275000006 0.59375 0.300000012 0.59375 0.275000006 0.59375 0.300000012 0.59375 0.275000006 0.59375 0.409999996 0.59375 0.300000012 0.59375 0.409999996 0.59375 0.414999992 0.59375 0.414999992 0.59375 0.409999996 0.59375 0.414999992 0.59375 0.409999996 0.59375 0.414999992 0.59375 0.409999996 0.59375 0.414999992 0.59375 0.414999992 0.59375 0.425000012 0.59375 0.414999992 0.59375 0.425000012 0.59375 0.425000012 0.59375 0.409999996 0.59375 0.300000012 0.59375 0.414999992 0.59375 0.275000006 0.59375 0.300000012 0.59375 0.409999996 0.59375 0.300000012 0.59375 0.275000006 0.59375 0.275000006 0.59375 0.300000012 0.59375 0.275000006 0.59375 0.300000012 0.59375 0.275000006 0.59375 0.275000006 0.59375 0.275000006 0.59375 0.275000006 0.59375 0.275000006 0.59375 0.275000006 0.59375 0.275000006 0.59375 0.275000006 0.59375 0.275000006 0.59375 0.275000006 0.59375 0.275000006 0.59375 0.275000006 0.59375 0.275000006 0.59375 0.275000006 0.59375 0.275000006 0.59375 0.275000006 0.59375 0.275000006 0.59375 0.275000006 0.59375 0.300000012 0.59375 0.300000012 0.59375 0.300000012 0.59375 0.300000012 0.59375 0.300000012 0.59375 0.300000012 0.59375 0.300000012 0.59375 0.300000012 0.59375 0.300000012 0.59375 0.300000012 0.59375 0.300000012 0.59375 0.300000012 0.59375 0.474999994 0.59375 0.474999994 0.59375 0.275000006 0.59375 0.275000006 0.59375 0.275000006 0.59375 0.474999994 0.59375 0.474999994 0.59375 0.474999994 0.59375 0.474999994 0.59375 0.474999994 0.59375 0.474999994 0.59375 0.474999994 0.59375 0.474999994 0.59375 0.275000006 0.59375 0.474999994 0.59375 0.275000006 0.59375 0.474999994 0.59375 0.275000006 0.59375 0.275000006 0.59375 0.474999994 0.59375 0.275000006 0.59375 0.474999994 0.59375 0.275000006 0.59375 0.474999994 0.59375 0.275000006 0.59375 0.275000006 0.59375 0.275000006 0.59375 0.275000006 0.59375 0.275000006 0.59375 0.275000006 0.59375 0.474999994 0.59375 0.474999994 0.59375 0.275000006 0.59375 0.275000006 0.59375 0.275000006 0.59375 0.474999994 0.59375 0.474999994 0.59375 0.474999994 0.59375 0.474999994 0.59375 0.474999994 0.59375 0.474999994 0.59375 0.474999994 0.59375 0.474999994 0.59375 0.275000006 0.59375 0.474999994 0.59375 0.275000006 0.59375 0.474999994 0.59375 0.275000006 0.59375 0.275000006 0.59375 0.474999994 0.59375 0.275000006 0.59375 0.474999994 0.59375 0.275000006 0.59375 0.474999994 0.59375 0.275000006 0.59375 0.275000006 0.59375 0.275000006 0.59375 0.275000006 0.59375 0.275000006 0.59375 0.275000006 0.59375 0.324999988 0.59375 0.425000012 0.59375 0.425000012 0.59375 0.425000012 0.59375 0.324999988 0.59375 0.324999988 0.59375 0.324999988 0.59375 0.425000012 0.59375 0.324999988 0.59375 0.425000012 0.59375 0.324999988 0.59375 0.425000012 0.59375 0.324999988 0.59375 0.425000012 0.59375 0.425000012 0.59375 0.425000012 0.59375 0.324999988 0.59375 0.324999988 0.59375 0.324999988 0.59375 0.425000012 0.59375 0.324999988 0.59375 0.425000012 0.59375 0.324999988 0.59375 0.425000012 0.59375 0.324999988 0.59375 0.425000012 0.59375 0.425000012 0.59375 0.425000012 0.59375 0.324999988 0.59375 0.324999988 0.59375 0.324999988 0.59375 0.425000012 0.59375 0.425000012 0.59375 0.425000012 0.59375 0.324999988 0.59375 0.324999988 0.59375 0.425000012 0.59375 0.324999988 0.59375 0.425000012 0.59375 0.324999988 0.59375 0.425000012 0.59375 0.324999988 0.59375 0.425000012 0.59375 0.324999988 0.59375 0.425000012 0.59375 0.324999988 0.59375 0.425000012 0.59375 0.324999988 0.59375 0.425000012 0.59375 0.425000012 0.59375 0.425000012 0.59375 0.425000012 0.59375 0.425000012 0.59375 0.425000012 0.59375 0.425000012 0.59375 0.425000012 0.59375 0.425000012 0.59375 0.425000012 0.59375 0.425000012 0.59375 0.425000012 0.59375 0.425000012 0.59375 0.425000012 0.59375 0.425000012 0.59375 0.425000012 0.59375 0.425000012 0.59375 0.425000012 0.59375 0.324999988 0.59375 0.324999988 0.59375 0.324999988 0.59375 0.324999988 0.59375 0.324999988 0.59375 0.324999988 0.59375 0.425000012 0.59375 0.425000012 0.59375 0.425000012 0.59375 0.425000012 0.59375 0.425000012 0.59375 0.425000012 0.59375 0.425000012 0.59375 0.324999988 0.59375 0.324999988 0.59375 0.324999988 0.59375 0.425000012 0.59375 0.397222191 0.59375 0.397222191 0.59375 0.425000012 0.59375 0.425000012 0.59375 0.425000012 0.59375 0.324999988 0.59375 0.425000012 0.59375 0.324999988 0.59375 0.425000012 0.59375 0.324999988 0.59375 0.397222191 0.59375 0.324999988 0.59375 0.324999988 0.59375 0.324999988 0.59375 0.397222191 0.59375 0.425000012 0.59375 0.425000012 0.59375 0.397222191 0.59375 0.425000012 0.59375 0.324999988 0.59375 0.397222191 0.59375 0.324999988 0.59375 0.397222191 0.59375 0.324999988 0.59375 0.397222191 0.59375 0.397222191 0.59375 0.425000012 0.59375 0.397222191 0.59375 0.425000012 0.59375 0.397222191 0.59375 0.425000012 0.59375 0.324999988 0.59375 0.425000012 0.59375 0.324999988 0.59375 0.425000012 0.59375 0.324999988 0.59375 0.425000012 0.59375 0.425000012 0.59375 0.324999988 0.59375 0.324999988 0.59375 0.324999988 0.59375 0.425000012 0.59375 0.425000012 0.59375 0.425000012 0.59375 0.324999988 0.59375 0.425000012 0.59375 0.324999988 0.59375 0.425000012 0.59375 0.324999988 0.59375 0.425000012 0.59375 0.324999988 0.59375 0.425000012 0.59375 0.324999988 0.59375 0.425000012 0.59375 0.324999988 0.59375 0.324999988 0.59375 0.425000012 0.59375 0.324999988 0.59375 0.425000012 0.59375 0.324999988 0.59375 0.425000012 0.59375 0.425000012 0.59375 0.324999988 0.59375 0.324999988 0.59375 0.324999988 0.59375 0.425000012 0.59375 0.425000012 0.59375 0.425000012 0.59375 0.324999988 0.59375 0.324999988 0.59375 0.324999988 0.59375 0.425000012 0.59375 0.425000012 0.59375 0.425000012 0.59375 0.324999988 0.59375 0.324999988 0.59375 0.324999988 0.59375 0.425000012 0.59375 0.425000012 0.59375 0.425000012 0.59375 0.425000012 0.59375 0.425000012 0.59375 0.425000012 0.59375 0.425000012 0.59375 0.425000012 0.59375 0.425000012 0.59375 0.425000012 0.59375 0.425000012 0.59375 0.425000012 0.59375 0.425000012 0.59375 0.425000012 0.59375 0.425000012 0.59375 0.425000012 0.59375 0.425000012 0.59375 0.425000012 0.59375 0.425000012 0.59375 0.425000012 0.59375 0.324999988 0.59375 0.324999988 0.59375 0.324999988 0.59375 0.324999988 0.59375 0.324999988 0.59375 0.324999988 0.59375 0.324999988 0.59375 0.324999988 0.59375 0.324999988 0.59375 0.324999988 0.59375 0.324999988 0.59375 0.324999988 0.59375 0.324999988 0.59375 0.324999988 0.59375 0.324999988 0.59375 0.324999988 0.59375 0.324999988 0.59375 0.324999988 0.59375 0.324999988 0.59375 0.425000012 0.59375 0.324999988 0.59375 0.425000012 0.59375 0.324999988 0.59375 0.425000012 0.59375 0.425000012 0.59375 0.324999988 0.59375 0.324999988 0.59375 0.324999988 0.59375 0.425000012 0.59375 0.425000012 0.59375 0.425000012 0.59375 0.324999988 0.59375 0.425000012 0.59375 0.324999988 0.59375 0.425000012 0.59375 0.324999988 0.59375 0.425000012 0.59375 0.324999988 0.59375 0.425000012 0.59375 0.324999988 0.59375 0.425000012 0.59375 0.324999988 0.59375 0.324999988 0.59375 0.425000012 0.59375 0.324999988 0.59375 0.425000012 0.59375 0.324999988 0.59375 0.425000012 0.59375 0.425000012 0.59375 0.324999988 0.59375 0.324999988 0.59375 0.324999988 0.59375 0.425000012 0.59375 0.425000012 0.59375 0.425000012 0.59375 0.324999988 0.59375 0.324999988 0.59375 0.324999988 0.59375 0.425000012 0.59375 0.425000012 0.59375 0.425000012 0.59375 0.324999988 0.59375 0.324999988 0.59375 0.324999988 0.59375 0.425000012 0.59375 0.425000012 0.59375 0.425000012 0.59375 0.425000012 0.59375 0.425000012 0.59375 0.425000012 0.59375 0.425000012 0.59375 0.425000012 0.59375 0.425000012 0.59375 0.425000012 0.59375 0.425000012 0.59375 0.425000012 0.59375 0.425000012 0.59375 0.425000012 0.59375 0.425000012 0.59375 0.425000012 0.59375 0.425000012 0.59375 0.425000012 0.59375 0.425000012 0.59375 0.425000012 0.59375 0.324999988 0.59375 0.324999988 0.59375 0.324999988 0.59375 0.324999988 0.59375 0.324999988 0.59375 0.324999988 0.59375 0.324999988 0.59375 0.324999988 0.59375 0.324999988 0.59375 0.324999988 0.59375 0.324999988 0.59375 0.324999988 0.59375 0.324999988 0.59375 0.324999988 0.59375 0.324999988 0.59375 0.324999988 0.59375 0.324999988 0.59375 0.324999988 0.59375 0.275000006 0.59375 0.409999996 0.59375 0.275000006 0.59375 0.409999996 0.59375 0.275000006 0.59375 0.409999996 0.59375 0.409999996 0.59375 0.275000006 0.59375 0.409999996 0.59375 0.275000006 0.59375 0.409999996 0.59375 0.275000006 0.59375 0.409999996 0.59375 0.409999996 0.59375 0.409999996 0.59375 0.409999996 0.59375 0.409999996 0.59375 0.409999996 0.59375 0.300000012 0.59375 0.300000012 0.59375 0.300000012 0.59375 0.300000012 0.59375 0.300000012 0.59375 0.300000012 0.59375 0.300000012 0.59375 0.414999992 0.59375 0.300000012 0.59375 0.414999992 0.59375 0.300000012 0.59375 0.414999992 0.59375 0.300000012 0.59375 0.275000006 0.59375 0.275000006 0.59375 0.275000006 0.59375 0.300000012 0.59375 0.300000012 0.59375 0.275000006 0.59375 0.300000012 0.59375 0.409999996 0.59375 0.409999996 0.59375 0.300000012 0.59375 0.414999992 0.59375 0.409999996 0.59375 0.414999992 0.59375 0.409999996 0.59375 0.414999992 0.59375 0.409999996 0.59375 0.414999992 0.59375 0.414999992 0.59375 0.414999992 0.59375 0.425000012 0.59375 0.414999992 0.59375 0.425000012 0.59375 0.425000012 0.59375 0.300000012 0.59375 0.409999996 0.59375 0.414999992 0.59375 0.409999996 0.59375 0.300000012 0.59375 0.275000006 0.59375 0.300000012 0.59375 0.275000006 0.59375 0.300000012 0.59375 0.275000006 0.59375 0.300000012 0.59375 0.275000006 0.59375 0.300000012 0.59375 0.300000012 0.59375 0.300000012 0.59375 0.300000012 0.59375 0.300000012 0.59375 0.300000012 0.59375 0.425000012 0.59375 0.425000012 0.59375 0.425000012 0.59375 0.425000012 0.59375 0.425000012 0.59375 0.425000012 0.59375 0.414999992 0.59375 0.300000012 0.59375 0.414999992 0.59375 0.300000012 0.59375 0.414999992 0.59375 0.300000012 0.59375 0.425000012 0.59375 0.414999992 0.59375 0.425000012 0.59375 0.414999992 0.59375 0.425000012 0.59375 0.414999992 0.59375 0.414999992 0.59375 0.425000012 0.59375 0.414999992 0.59375 0.425000012 0.59375 0.414999992 0.59375 0.425000012 0.59375 0.275000006 0.59375 0.275000006 0.59375 0.275000006 0.59375 0.275000006 0.59375 0.275000006 0.59375 0.275000006 0.59375 0.275000006 0.59375 0.275000006 0.59375 0.275000006 0.59375 0.275000006 0.59375 0.275000006 0.59375 0.275000006 0.59375 0.275000006 0.59375 0.275000006 0.59375 0.275000006 0.59375 0.275000006 0.59375 0.275000006 0.59375 0.275000006 0.59375 0.275000006 0.59375 0.275000006 0.59375 0.275000006 0.59375 0.275000006 0.59375 0.275000006 0.59375 0.275000006 0.59375 0.474999994 0.59375 0.275000006 0.59375 0.474999994 0.59375 0.275000006 0.59375 0.474999994 0.59375 0.275000006 0.59375 0.275000006 0.59375 0.474999994 0.59375 0.275000006 0.59375 0.474999994 0.59375 0.275000006 0.59375 0.474999994 0.59375 0.474999994 0.59375 0.474999994 0.59375 0.474999994 0.59375 0.474999994 0.59375 0.474999994 0.59375 0.474999994 0.59375 0.474999994 0.59375 0.275000006 0.59375 0.275000006 0.59375 0.275000006 0.59375 0.474999994 0.59375 0.474999994 0.59375 0.324999988 0.59375 0.425000012 0.59375 0.324999988 0.59375 0.425000012 0.59375 0.324999988 0.59375 0.425000012 0.59375 0.425000012 0.59375 0.324999988 0.59375 0.324999988 0.59375 0.324999988 0.59375 0.425000012 0.59375 0.425000012 0.59375 0.324999988 0.59375 0.425000012 0.59375 0.324999988 0.59375 0.425000012 0.59375 0.324999988 0.59375 0.425000012 0.59375 0.425000012 0.59375 0.425000012 0.59375 0.425000012 0.59375 0.425000012 0.59375 0.425000012 0.59375 0.425000012 0.59375 0.324999988 0.59375 0.324999988 0.59375 0.324999988 0.59375 0.324999988 0.59375 0.324999988 0.59375 0.324999988 0.59375 0.425000012 0.59375 0.324999988 0.59375 0.425000012 0.59375 0.324999988 0.59375 0.425000012 0.59375 0.324999988 0.96875 0.474999994 0.96875 0.474999994 0.96875 0.474999994 0.96875 0.474999994 0.96875 0.474999994 0.96875 0.474999994 0.96875 0.474999994 0.96875 0.300000012 0.96875 0.474999994 0.96875 0.300000012 0.96875 0.474999994 0.96875 0.300000012 0.96875 0.474999994 0.96875 0.474999994 0.96875 0.300000012 0.96875 0.300000012 0.96875 0.300000012 0.96875 0.474999994 0.96875 0.474999994 0.96875 0.300000012 0.96875 0.474999994 0.96875 0.300000012 0.96875 0.474999994 0.96875 0.300000012 0.96875 0.474999994 0.96875 0.474999994 0.96875 0.300000012 0.96875 0.300000012 0.96875 0.300000012 0.96875 0.474999994 0.96875 0.275000006 0.96875 0.275000006 0.96875 0.275000006 0.96875 0.275000006 0.96875 0.275000006 0.96875 0.275000006 0.96875 0.275000006 0.96875 0.275000006 0.96875 0.275000006 0.96875 0.275000006 0.96875 0.275000006 0.96875 0.275000006 0.96875 0.275000006 0.96875 0.275000006 0.96875 0.275000006 0.96875 0.275000006 0.96875 0.275000006 0.96875 0.275000006 0.96875 0.275000006 0.96875 0.275000006 0.96875 0.275000006 0.96875 0.275000006 0.96875 0.275000006 0.96875 0.275000006 0.96875 0.275000006 0.96875 0.275000006 0.96875 0.275000006 0.96875 0.275000006 0.96875 0.275000006 0.96875 0.275000006 0.96875 0.275000006 0.96875 0.275000006 0.96875 0.275000006 0.96875 0.275000006 0.96875 0.275000006 0.96875 0.275000006 0.96875 0.474999994 0.96875 0.300000012 0.96875 0.474999994 0.96875 0.300000012 0.96875 0.474999994 0.96875 0.300000012 0.96875 0.474999994 0.96875 0.474999994 0.96875 0.300000012 0.96875 0.300000012 0.96875 0.300000012 0.96875 0.474999994 0.96875 0.474999994 0.96875 0.300000012 0.96875 0.300000012 0.96875 0.300000012 0.96875 0.474999994 0.96875 0.474999994 0.96875 0.324999988 0.96875 0.425000012 0.96875 0.425000012 0.96875 0.425000012 0.96875 0.324999988 0.96875 0.425000012 0.96875 0.425000012 0.96875 0.324999988 0.96875 0.324999988 0.96875 0.324999988 0.96875 0.425000012 0.96875 0.324999988 0.96875 0.324999988 0.96875 0.425000012 0.96875 0.425000012 0.96875 0.425000012 0.96875 0.324999988 0.96875 0.324999988 0.96875 0.425000012 0.96875 0.324999988 0.96875 0.425000012 0.96875 0.324999988 0.96875 0.425000012 0.96875 0.324999988 0.96875 0.324999988 0.96875 0.425000012 0.96875 0.425000012 0.96875 0.425000012 0.96875 0.324999988 0.96875 0.324999988 0.96875 0.324999988 0.96875 0.425000012 0.96875 0.324999988 0.96875 0.425000012 0.96875 0.324999988 0.96875 0.425000012 0.96875 0.425000012 0.96875 0.324999988 0.96875 0.324999988 0.96875 0.324999988 0.96875 0.425000012 0.96875 0.324999988 0.96875 0.324999988 0.96875 0.425000012 0.96875 0.425000012 0.96875 0.425000012 0.96875 0.324999988 0.96875 0.425000012 0.96875 0.425000012 0.96875 0.324999988 0.96875 0.425000012 0.96875 0.324999988 0.96875 0.425000012 0.96875 0.425000012 0.96875 0.324999988 0.96875 0.425000012 0.96875 0.324999988 0.96875 0.425000012 0.96875 0.324999988 0.96875 0.324999988 0.96875 0.425000012 0.96875 0.324999988 0.96875 0.425000012 0.96875 0.324999988 0.96875 0.425000012 0.96875 0.324999988 0.96875 0.425000012 0.96875 0.324999988 0.96875 0.324999988 0.96875 0.324999988 0.96875 0.425000012 0.96875 0.425000012 0.96875 0.425000012 0.96875 0.324999988 0.96875 0.324999988 0.96875 0.324999988 0.96875 0.425000012 0.96875 0.425000012 0.96875 0.324999988 0.96875 0.425000012 0.96875 0.425000012 0.96875 0.425000012 0.96875 0.324999988 0.96875 0.324999988 0.96875 0.425000012 0.96875 0.324999988 0.96875 0.324999988 0.96875 0.324999988 0.96875 0.425000012 0.96875 0.324999988 0.96875 0.324999988 0.96875 0.425000012 0.96875 0.425000012 0.96875 0.425000012 0.96875 0.324999988 0.96875 0.425000012 0.96875 0.474999994 0.96875 0.300000012 0.96875 0.474999994 0.96875 0.300000012 0.96875 0.474999994 0.96875 0.300000012 0.96875 0.474999994 0.96875 0.360000014 0.96875 0.414999992 0.96875 0.474999994 0.96875 0.414999992 0.96875 0.425000012 0.96875 0.300000012 0.96875 0.360000014 0.96875 0.474999994 0.96875 0.360000014 0.96875 0.300000012 0.96875 0.349999994 0.96875 0.349999994 0.96875 0.300000012 0.96875 0.349999994 0.96875 0.300000012 0.96875 0.349999994 0.96875 0.300000012 0.96875 0.349999994 0.96875 0.300000012 0.96875 0.360000014 0.96875 0.474999994 0.96875 0.425000012 0.96875 0.474999994 0.96875 0.360000014 0.96875 0.300000012 0.96875 0.474999994 0.96875 0.425000012 0.96875 0.474999994 0.96875 0.425000012 0.96875 0.360000014 0.96875 0.474999994 0.96875 0.414999992 0.96875 0.414999992 0.96875 0.474999994 0.96875 0.425000012 0.96875 0.474999994 0.96875 0.300000012 0.96875 0.300000012 0.96875 0.300000012 0.96875 0.474999994 0.96875 0.414999992 0.96875 0.414999992 0.96875 0.474999994 0.96875 0.425000012 0.96875 0.425000012 0.96875 0.474999994 0.96875 0.425000012 0.96875 0.474999994 0.96875 0.425000012 0.96875 0.474999994 0.96875 0.474999994 0.96875 0.414999992 0.96875 0.425000012 0.96875 0.300000012 0.96875 0.414999992 0.96875 0.474999994 0.96875 0.414999992 0.96875 0.300000012 0.96875 0.300000012 0.71875 0.461434901 0.71875 0.321608692 0.71875 0.321608692 0.71875 0.321608692 0.71875 0.461434901 0.71875 0.368217409 0.71875 0.368217409 0.71875 0.321608692 0.71875 0.321608692 0.71875 0.321608692 0.71875 0.368217409 0.71875 0.461434901 0.71875 0.429782897 0.71875 0.381782591 0.71875 0.363695711 0.71875 0.381782591 0.71875 0.429782897 0.71875 0.396043509 0.71875 0.396043509 0.71875 0.429782897 0.71875 0.400565207 0.71875 0.400565207 0.71875 0.429782897 0.71875 0.429087102 0.71875 0.429087102 0.71875 0.429782897 0.71875 0.4336088 0.71875 0.4336088 0.71875 0.429782897 0.71875 0.447869688 0.71875 0.381782591 0.71875 0.429782897 0.71875 0.363695711 0.71875 0.429782897 0.71875 0.381782591 0.71875 0.396043509 0.71875 0.429782897 0.71875 0.396043509 0.71875 0.400565207 0.71875 0.429782897 0.71875 0.400565207 0.71875 0.429087102 0.71875 0.429782897 0.71875 0.429087102 0.71875 0.4336088 0.71875 0.429782897 0.71875 0.4336088 0.71875 0.447869688 0.71875 0.363695711 0.71875 0.381782591 0.71875 0.363695711 0.71875 0.381782591 0.71875 0.363695711 0.71875 0.381782591 0.71875 0.321608692 0.71875 0.461434901 0.71875 0.321608692 0.71875 0.461434901 0.71875 0.321608692 0.71875 0.461434901 0.71875 0.368217409 0.71875 0.321608692 0.71875 0.368217409 0.71875 0.321608692 0.71875 0.368217409 0.71875 0.321608692 0.71875 0.447869688 0.71875 0.429782897 0.71875 0.447869688 0.71875 0.429782897 0.71875 0.447869688 0.71875 0.429782897 0.71875 0.461434901 0.71875 0.377260894 0.71875 0.452391386 0.71875 0.461434901 0.71875 0.452391386 0.71875 0.456913203 0.71875 0.368217409 0.71875 0.377260894 0.71875 0.461434901 0.71875 0.377260894 0.71875 0.368217409 0.71875 0.372739106 0.71875 0.372739106 0.71875 0.368217409 0.71875 0.372739106 0.71875 0.368217409 0.71875 0.372739106 0.71875 0.368217409 0.71875 0.372739106 0.71875 0.368217409 0.71875 0.377260894 0.71875 0.461434901 0.71875 0.456913203 0.71875 0.461434901 0.71875 0.377260894 0.71875 0.368217409 0.71875 0.461434901 0.71875 0.456913203 0.71875 0.461434901 0.71875 0.456913203 0.71875 0.377260894 0.71875 0.461434901 0.71875 0.452391386 0.71875 0.452391386 0.71875 0.461434901 0.71875 0.456913203 0.71875 0.4336088 0.71875 0.452391386 0.71875 0.447869688 0.71875 0.447869688 0.71875 0.452391386 0.71875 0.447869688 0.71875 0.452391386 0.71875 0.447869688 0.71875 0.452391386 0.71875 0.452391386 0.71875 0.4336088 0.71875 0.447869688 0.71875 0.429087102 0.71875 0.4336088 0.71875 0.4336088 0.71875 0.452391386 0.71875 0.429087102 0.71875 0.4336088 0.71875 0.4336088 0.71875 0.429087102 0.71875 0.429087102 0.71875 0.429087102 0.71875 0.452391386 0.71875 0.4336088 0.71875 0.452391386 0.71875 0.400565207 0.71875 0.429087102 0.71875 0.400565207 0.71875 0.452391386 0.71875 0.429087102 0.71875 0.396043509 0.71875 0.400565207 0.71875 0.400565207 0.71875 0.452391386 0.71875 0.396043509 0.71875 0.400565207 0.71875 0.400565207 0.71875 0.396043509 0.71875 0.396043509 0.71875 0.396043509 0.71875 0.452391386 0.71875 0.400565207 0.71875 0.452391386 0.71875 0.381782591 0.71875 0.396043509 0.71875 0.381782591 0.71875 0.452391386 0.71875 0.377260894 0.71875 0.381782591 0.71875 0.452391386 0.71875 0.396043509 0.71875 0.377260894 0.71875 0.381782591 0.71875 0.381782591 0.71875 0.381782591 0.71875 0.377260894 0.71875 0.452391386 0.71875 0.377260894 0.71875 0.381782591 0.71875 0.377260894 0.71875 0.461434901 0.71875 0.321608692 0.71875 0.321608692 0.71875 0.321608692 0.71875 0.461434901 0.71875 0.368217409 0.71875 0.368217409 0.71875 0.321608692 0.71875 0.321608692 0.71875 0.321608692 0.71875 0.368217409 0.71875 0.461434901 0.71875 0.429782897 0.71875 0.381782591 0.71875 0.363695711 0.71875 0.381782591 0.71875 0.429782897 0.71875 0.396043509 0.71875 0.396043509 0.71875 0.429782897 0.71875 0.400565207 0.71875 0.400565207 0.71875 0.429782897 0.71875 0.429087102 0.71875 0.429087102 0.71875 0.429782897 0.71875 0.4336088 0.71875 0.4336088 0.71875 0.429782897 0.71875 0.447869688 0.71875 0.381782591 0.71875 0.429782897 0.71875 0.363695711 0.71875 0.429782897 0.71875 0.381782591 0.71875 0.396043509 0.71875 0.429782897 0.71875 0.396043509 0.71875 0.400565207 0.71875 0.429782897 0.71875 0.400565207 0.71875 0.429087102 0.71875 0.429782897 0.71875 0.429087102 0.71875 0.4336088 0.71875 0.429782897 0.71875 0.4336088 0.71875 0.447869688 0.71875 0.363695711 0.71875 0.381782591 0.71875 0.363695711 0.71875 0.381782591 0.71875 0.363695711 0.71875 0.381782591 0.71875 0.321608692 0.71875 0.461434901 0.71875 0.321608692 0.71875 0.461434901 0.71875 0.321608692 0.71875 0.461434901 0.71875 0.368217409 0.71875 0.321608692 0.71875 0.368217409 0.71875 0.321608692 0.71875 0.368217409 0.71875 0.321608692 0.71875 0.447869688 0.71875 0.429782897 0.71875 0.447869688 0.71875 0.429782897 0.71875 0.447869688 0.71875 0.429782897 0.71875 0.461434901 0.71875 0.377260894 0.71875 0.452391386 0.71875 0.461434901 0.71875 0.452391386 0.71875 0.456913203 0.71875 0.368217409 0.71875 0.377260894 0.71875 0.461434901 0.71875 0.377260894 0.71875 0.368217409 0.71875 0.372739106 0.71875 0.372739106 0.71875 0.368217409 0.71875 0.372739106 0.71875 0.368217409 0.71875 0.372739106 0.71875 0.368217409 0.71875 0.372739106 0.71875 0.368217409 0.71875 0.377260894 0.71875 0.461434901 0.71875 0.456913203 0.71875 0.461434901 0.71875 0.377260894 0.71875 0.368217409 0.71875 0.461434901 0.71875 0.456913203 0.71875 0.461434901 0.71875 0.456913203 0.71875 0.377260894 0.71875 0.461434901 0.71875 0.452391386 0.71875 0.452391386 0.71875 0.461434901 0.71875 0.456913203 0.71875 0.4336088 0.71875 0.452391386 0.71875 0.447869688 0.71875 0.447869688 0.71875 0.452391386 0.71875 0.447869688 0.71875 0.452391386 0.71875 0.447869688 0.71875 0.452391386 0.71875 0.452391386 0.71875 0.4336088 0.71875 0.447869688 0.71875 0.429087102 0.71875 0.4336088 0.71875 0.4336088 0.71875 0.452391386 0.71875 0.429087102 0.71875 0.4336088 0.71875 0.4336088 0.71875 0.429087102 0.71875 0.429087102 0.71875 0.429087102 0.71875 0.452391386 0.71875 0.4336088 0.71875 0.452391386 0.71875 0.400565207 0.71875 0.429087102 0.71875 0.400565207 0.71875 0.452391386 0.71875 0.429087102 0.71875 0.396043509 0.71875 0.400565207 0.71875 0.400565207 0.71875 0.452391386 0.71875 0.396043509 0.71875 0.400565207 0.71875 0.400565207 0.71875 0.396043509 0.71875 0.396043509 0.71875 0.396043509 0.71875 0.452391386 0.71875 0.400565207 0.71875 0.452391386 0.71875 0.381782591 0.71875 0.396043509 0.71875 0.381782591 0.71875 0.452391386 0.71875 0.377260894 0.71875 0.381782591 0.71875 0.452391386 0.71875 0.396043509 0.71875 0.377260894 0.71875 0.381782591 0.71875 0.381782591 0.71875 0.381782591 0.71875 0.377260894 0.71875 0.452391386 0.71875 0.377260894 0.71875 0.381782591 0.71875 0.377260894 0.71875 0.474999994 0.71875 0.300000012 0.71875 0.474999994 0.71875 0.300000012 0.71875 0.474999994 0.71875 0.300000012 0.71875 0.474999994 0.71875 0.474999994 0.71875 0.300000012 0.71875 0.300000012 0.71875 0.300000012 0.71875 0.474999994 0.71875 0.474999994 0.71875 0.300000012 0.71875 0.474999994 0.71875 0.300000012 0.71875 0.474999994 0.71875 0.300000012 0.71875 0.474999994 0.71875 0.474999994 0.71875 0.300000012 0.71875 0.300000012 0.71875 0.300000012 0.71875 0.474999994 0.71875 0.474999994 0.71875 0.300000012 0.71875 0.474999994 0.71875 0.300000012 0.71875 0.474999994 0.71875 0.300000012 0.71875 0.474999994 0.71875 0.474999994 0.71875 0.300000012 0.71875 0.300000012 0.71875 0.300000012 0.71875 0.474999994 0.71875 0.474999994 0.71875 0.300000012 0.71875 0.474999994 0.71875 0.300000012 0.71875 0.474999994 0.71875 0.300000012 0.71875 0.474999994 0.71875 0.474999994 0.71875 0.300000012 0.71875 0.300000012 0.71875 0.300000012 0.71875 0.474999994 0.71875 0.474999994 0.71875 0.300000012 0.71875 0.300000012 0.71875 0.300000012 0.71875 0.474999994 0.71875 0.474999994 0.71875 0.395000011 0.71875 0.395000011 0.71875 0.395000011 0.71875 0.395000011 0.71875 0.395000011 0.71875 0.395000011 0.71875 0.395000011 0.71875 0.395000011 0.71875 0.395000011 0.71875 0.395000011 0.71875 0.395000011 0.71875 0.395000011 0.71875 0.395000011 0.71875 0.395000011 0.71875 0.395000011 0.71875 0.395000011 0.71875 0.395000011 0.71875 0.395000011 0.71875 0.395000011 0.71875 0.395000011 0.71875 0.395000011 0.71875 0.395000011 0.71875 0.395000011 0.71875 0.395000011 0.71875 0.395000011 0.71875 0.395000011 0.71875 0.395000011 0.71875 0.395000011 0.71875 0.395000011 0.71875 0.395000011 0.71875 0.395000011 0.71875 0.395000011 0.71875 0.395000011 0.71875 0.395000011 0.71875 0.395000011 0.71875 0.395000011 0.71875 0.395000011 0.71875 0.395000011 0.71875 0.395000011 0.71875 0.395000011 0.71875 0.395000011 0.71875 0.395000011 0.71875 0.395000011 0.71875 0.395000011 0.71875 0.395000011 0.71875 0.395000011 0.71875 0.395000011 0.71875 0.395000011 0.71875 0.395000011 0.71875 0.395000011 0.71875 0.395000011 0.71875 0.395000011 0.71875 0.395000011 0.71875 0.395000011 0.71875 0.395000011 0.71875 0.395000011 0.71875 0.395000011 0.71875 0.395000011 0.71875 0.395000011 0.71875 0.395000011 0.71875 0.474999994 0.71875 0.275000006 0.71875 0.275000006 0.71875 0.275000006 0.71875 0.474999994 0.71875 0.474999994 0.71875 0.474999994 0.71875 0.275000006 0.71875 0.275000006 0.71875 0.275000006 0.71875 0.474999994 0.71875 0.474999994 0.71875 0.275000006 0.71875 0.275000006 0.71875 0.275000006 0.71875 0.275000006 0.71875 0.275000006 0.71875 0.275000006 0.71875 0.275000006 0.71875 0.275000006 0.71875 0.275000006 0.71875 0.275000006 0.71875 0.275000006 0.71875 0.275000006 0.71875 0.275000006 0.71875 0.275000006 0.71875 0.275000006 0.71875 0.275000006 0.71875 0.275000006 0.71875 0.275000006 0.71875 0.474999994 0.71875 0.275000006 0.71875 0.474999994 0.71875 0.275000006 0.71875 0.474999994 0.71875 0.275000006 0.71875 0.375 0.71875 0.375 0.71875 0.375 0.71875 0.375 0.71875 0.375 0.71875 0.375 0.71875 0.375 0.71875 0.375 0.71875 0.375 0.71875 0.375 0.71875 0.375 0.71875 0.375 0.71875 0.375 0.71875 0.375 0.71875 0.375 0.71875 0.375 0.71875 0.375 0.71875 0.375 0.71875 0.474999994 0.71875 0.275000006 0.71875 0.275000006 0.71875 0.275000006 0.71875 0.474999994 0.71875 0.474999994 0.71875 0.275000006 0.71875 0.474999994 0.71875 0.275000006 0.71875 0.474999994 0.71875 0.275000006 0.71875 0.474999994 0.71875 0.275000006 0.71875 0.474999994 0.71875 0.275000006 0.71875 0.474999994 0.71875 0.275000006 0.71875 0.474999994 0.71875 0.474999994 0.71875 0.275000006 0.71875 0.275000006 0.71875 0.275000006 0.71875 0.474999994 0.71875 0.474999994 0.71875 0.474999994 0.71875 0.275000006 0.71875 0.474999994 0.71875 0.275000006 0.71875 0.474999994 0.71875 0.275000006 0.71875 0.474999994 0.71875 0.375 0.71875 0.375 0.71875 0.375 0.71875 0.474999994 0.71875 0.474999994 0.71875 0.375 0.71875 0.474999994 0.71875 0.375 0.71875 0.474999994 0.71875 0.375 0.71875 0.474999994 0.71875 0.375 0.71875 0.474999994 0.71875 0.375 0.71875 0.474999994 0.71875 0.375 0.71875 0.474999994 0.71875 0.474999994 0.71875 0.375 0.71875 0.474999994 0.71875 0.375 0.71875 0.474999994 0.71875 0.375 0.71875 0.474999994 0.71875 0.375 0.71875 0.375 0.71875 0.375 0.71875 0.474999994 0.71875 0.474999994 0.71875 0.474999994 0.71875 0.375 0.71875 0.375 0.71875 0.375 0.71875 0.474999994 0.71875 0.474999994 0.71875 0.474999994 0.71875 0.375 0.71875 0.474999994 0.71875 0.375 0.71875 0.474999994 0.71875 0.375 0.71875 0.474999994 0.71875 0.375 0.71875 0.375 0.71875 0.375 0.71875 0.474999994 0.71875 0.474999994 0.71875 0.474999994 0.71875 0.474999994 0.71875 0.474999994 0.71875 0.474999994 0.71875 0.474999994 0.71875 0.474999994 0.71875 0.474999994 0.71875 0.474999994 0.71875 0.474999994 0.71875 0.474999994 0.71875 0.474999994 0.71875 0.474999994 0.71875 0.474999994 0.71875 0.474999994 0.71875 0.474999994 0.71875 0.474999994 0.71875 0.474999994 0.71875 0.474999994 0.71875 0.474999994 0.71875 0.474999994 0.71875 0.474999994 0.71875 0.474999994 0.71875 0.474999994 0.71875 0.474999994 0.71875 0.474999994 0.71875 0.474999994 0.71875 0.474999994 0.71875 0.474999994 0.71875 0.474999994 0.71875 0.474999994 0.71875 0.474999994 0.71875 0.474999994 0.71875 0.474999994 0.71875 0.474999994 0.71875 0.474999994 0.71875 0.474999994 0.71875 0.474999994 0.71875 0.474999994 0.71875 0.474999994 0.71875 0.474999994 0.71875 0.474999994 0.71875 0.474999994 0.71875 0.474999994 0.71875 0.474999994 0.71875 0.474999994 0.71875 0.474999994 0.71875 0.474999994 0.71875 0.474999994 0.71875 0.275000006 0.71875 0.474999994 0.71875 0.275000006 0.71875 0.474999994 0.71875 0.275000006 0.71875 0.474999994 0.71875 0.474999994 0.71875 0.275000006 0.71875 0.275000006 0.71875 0.275000006 0.71875 0.474999994 0.71875 0.474999994 0.71875 0.474999994 0.71875 0.474999994 0.71875 0.474999994 0.71875 0.474999994 0.71875 0.474999994 0.71875 0.474999994 0.71875 0.474999994 0.71875 0.474999994 0.71875 0.474999994 0.71875 0.474999994 0.71875 0.474999994 0.71875 0.474999994 0.71875 0.474999994 0.71875 0.474999994 0.71875 0.474999994 0.71875 0.474999994 0.71875 0.474999994 0.71875 0.474999994 0.71875 0.275000006 0.71875 0.474999994 0.71875 0.275000006 0.71875 0.474999994 0.71875 0.275000006 0.71875 0.474999994 0.71875 0.474999994 0.71875 0.275000006 0.71875 0.474999994 0.71875 0.275000006 0.71875 0.474999994 0.71875 0.275000006 0.71875 0.474999994 0.71875 0.275000006 0.71875 0.275000006 0.71875 0.275000006 0.71875 0.474999994 0.71875 0.474999994 0.71875 0.474999994 0.71875 0.275000006 0.71875 0.474999994 0.71875 0.275000006 0.71875 0.474999994 0.71875 0.275000006 0.71875 0.474999994 0.71875 0.275000006 0.71875 0.275000006 0.71875 0.275000006 0.71875 0.474999994 0.71875 0.474999994 0.71875 0.474999994 0.71875 0.275000006 0.71875 0.275000006 0.71875 0.275000006 0.71875 0.474999994 0.71875 0.474999994 0.71875 0.275000006 0.71875 0.275000006 0.71875 0.275000006 0.71875 0.275000006 0.71875 0.275000006 0.71875 0.275000006 0.71875 0.275000006 0.71875 0.275000006 0.71875 0.275000006 0.71875 0.275000006 0.71875 0.275000006 0.71875 0.275000006 0.71875 0.275000006 0.71875 0.275000006 0.71875 0.275000006 0.71875 0.275000006 0.71875 0.275000006 0.71875 0.275000006 0.71875 0.394319504 0.71875 0.371816605 0.71875 0.291136086 0.71875 0.371816605 0.71875 0.394319504 0.71875 0.474999994 0.71875 0.355680496 0.71875 0.275000006 0.71875 0.275000006 0.71875 0.275000006 0.71875 0.355680496 0.71875 0.355680496 0.71875 0.355680496 0.71875 0.291136086 0.71875 0.275000006 0.71875 0.291136086 0.71875 0.355680496 0.71875 0.371816605 0.71875 0.474999994 0.71875 0.291136086 0.71875 0.371816605 0.71875 0.291136086 0.71875 0.474999994 0.71875 0.394319504 0.71875 0.291136086 0.71875 0.355680496 0.71875 0.275000006 0.71875 0.355680496 0.71875 0.291136086 0.71875 0.371816605 0.71875 0.355680496 0.71875 0.474999994 0.71875 0.371816605 0.71875 0.474999994 0.71875 0.355680496 0.71875 0.474999994 0.71875 0.474999994 0.71875 0.355680496 0.71875 0.355680496 0.71875 0.474999994 0.71875 0.355680496 0.71875 0.371816605 0.71875 0.394319504 0.71875 0.291136086 0.71875 0.394319504 0.71875 0.291136086 0.71875 0.394319504 0.71875 0.275000006 0.71875 0.275000006 0.71875 0.394319504 0.71875 0.275000006 0.71875 0.275000006 0.71875 0.394319504 0.71875 0.291136086 0.71875 0.340000004 0.71875 0.340000004 0.71875 0.340000004 0.71875 0.340000004 0.71875 0.340000004 0.71875 0.340000004 0.71875 0.340000004 0.71875 0.300000012 0.71875 0.340000004 0.71875 0.300000012 0.71875 0.340000004 0.71875 0.300000012 0.71875 0.300000012 0.71875 0.340000004 0.71875 0.474999994 0.71875 0.474999994 0.71875 0.340000004 0.71875 0.425000012 0.71875 0.340000004 0.71875 0.300000012 0.71875 0.474999994 0.71875 0.474999994 0.71875 0.425000012 0.71875 0.474999994 0.71875 0.340000004 0.71875 0.474999994 0.71875 0.425000012 0.71875 0.425000012 0.71875 0.474999994 0.71875 0.425000012 0.71875 0.474999994 0.71875 0.300000012 0.71875 0.474999994 0.71875 0.300000012 0.71875 0.474999994 0.71875 0.300000012 0.71875 0.300000012 0.71875 0.474999994 0.71875 0.300000012 0.71875 0.474999994 0.71875 0.300000012 0.71875 0.474999994 0.71875 0.425000012 0.71875 0.474999994 0.71875 0.425000012 0.71875 0.425000012 0.71875 0.474999994 0.71875 0.340000004 0.71875 0.474999994 0.71875 0.425000012 0.71875 0.474999994 0.71875 0.474999994 0.71875 0.300000012 0.71875 0.340000004 0.71875 0.425000012 0.71875 0.340000004 0.71875 0.474999994 0.71875 0.474999994 0.71875 0.340000004 0.71875 0.300000012 0.71875 0.300000012 0.71875 0.340000004 0.71875 0.300000012 0.71875 0.340000004 0.71875 0.300000012 0.71875 0.340000004 0.71875 0.340000004 0.71875 0.340000004 0.71875 0.340000004 0.71875 0.340000004 0.71875 0.340000004 0.71875 0.340000004 0.71875 0.474999994 0.71875 0.300000012 0.71875 0.300000012 0.71875 0.300000012 0.71875 0.474999994 0.71875 0.414999992 0.71875 0.414999992 0.71875 0.474999994 0.71875 0.425000012 0.71875 0.425000012 0.71875 0.474999994 0.71875 0.425000012 0.71875 0.474999994 0.71875 0.425000012 0.71875 0.474999994 0.71875 0.474999994 0.71875 0.414999992 0.71875 0.425000012 0.71875 0.300000012 0.71875 0.414999992 0.71875 0.474999994 0.71875 0.414999992 0.71875 0.300000012 0.71875 0.300000012 0.71875 0.349074095 0.71875 0.2809259 0.71875 0.349074095 0.71875 0.2809259 0.71875 0.349074095 0.71875 0.2809259 0.71875 0.2809259 0.71875 0.2809259 0.71875 0.2809259 0.71875 0.2809259 0.71875 0.2809259 0.71875 0.2809259 0.71875 0.2809259 0.71875 0.349074095 0.71875 0.2809259 0.71875 0.349074095 0.71875 0.2809259 0.71875 0.349074095 0.71875 0.349074095 0.71875 0.2809259 0.71875 0.349074095 0.71875 0.2809259 0.71875 0.349074095 0.71875 0.2809259 0.71875 0.2809259 0.71875 0.349074095 0.71875 0.2809259 0.71875 0.349074095 0.71875 0.2809259 0.71875 0.349074095 0.71875 0.2809259 0.71875 0.349074095 0.71875 0.2809259 0.71875 0.349074095 0.71875 0.2809259 0.71875 0.349074095 0.71875 0.2809259 0.71875 0.2809259 0.71875 0.2809259 0.71875 0.2809259 0.71875 0.2809259 0.71875 0.2809259 0.71875 0.349074095 0.71875 0.349074095 0.71875 0.349074095 0.71875 0.349074095 0.71875 0.349074095 0.71875 0.349074095 0.71875 0.349074095 0.71875 0.349074095 0.71875 0.349074095 0.71875 0.349074095 0.71875 0.349074095 0.71875 0.349074095 0.71875 0.2809259 0.71875 0.354999989 0.71875 0.349074095 0.71875 0.349074095 0.71875 0.354999989 0.71875 0.349074095 0.71875 0.2809259 0.71875 0.275000006 0.71875 0.354999989 0.71875 0.275000006 0.71875 0.2809259 0.71875 0.275000006 0.71875 0.275000006 0.71875 0.2809259 0.71875 0.2809259 0.71875 0.275000006 0.71875 0.2809259 0.71875 0.2809259 0.71875 0.2809259 0.71875 0.354999989 0.71875 0.275000006 0.71875 0.2809259 0.71875 0.2809259 0.71875 0.2809259 0.71875 0.2809259 0.71875 0.2809259 0.71875 0.349074095 0.71875 0.354999989 0.71875 0.2809259 0.71875 0.349074095 0.71875 0.354999989 0.71875 0.349074095 0.71875 0.354999989 0.71875 0.2809259 0.71875 0.349074095 0.71875 0.349074095 0.71875 0.349074095 0.71875 0.354999989 0.71875 0.349074095 0.71875 0.349074095 0.71875 0.354999989 0.71875 0.349074095 0.71875 0.409999996 0.71875 0.275000006 0.71875 0.275000006 0.71875 0.275000006 0.71875 0.409999996 0.71875 0.409999996 </float_array>
          <technique_common>
            <accessor count="4614" offset="0" source="#building-f_1-tex0-array" stride="2">
              <param name="S" type="float" />
              <param name="T" type="float" />
            </accessor>
          </technique_common>
        </source>
        <source id="building-f_1-color0" name="building-f_1-color0">
          <float_array id="building-f_1-color0-array" count="13842"> 1 1 1 1 1 1 1 1 1 1 1 1 1 1 1 1 1 1 1 1 1 1 1 1 1 1 1 1 1 1 1 1 1 1 1 1 1 1 1 1 1 1 1 1 1 1 1 1 1 1 1 1 1 1 1 1 1 1 1 1 1 1 1 1 1 1 1 1 1 1 1 1 1 1 1 1 1 1 1 1 1 1 1 1 1 1 1 1 1 1 1 1 1 1 1 1 1 1 1 1 1 1 1 1 1 1 1 1 1 1 1 1 1 1 1 1 1 1 1 1 1 1 1 1 1 1 1 1 1 1 1 1 1 1 1 1 1 1 1 1 1 1 1 1 1 1 1 1 1 1 1 1 1 1 1 1 1 1 1 1 1 1 1 1 1 1 1 1 1 1 1 1 1 1 1 1 1 1 1 1 1 1 1 1 1 1 1 1 1 1 1 1 1 1 1 1 1 1 1 1 1 1 1 1 1 1 1 1 1 1 1 1 1 1 1 1 1 1 1 1 1 1 1 1 1 1 1 1 1 1 1 1 1 1 1 1 1 1 1 1 1 1 1 1 1 1 1 1 1 1 1 1 1 1 1 1 1 1 1 1 1 1 1 1 1 1 1 1 1 1 1 1 1 1 1 1 1 1 1 1 1 1 1 1 1 1 1 1 1 1 1 1 1 1 1 1 1 1 1 1 1 1 1 1 1 1 1 1 1 1 1 1 1 1 1 1 1 1 1 1 1 1 1 1 1 1 1 1 1 1 1 1 1 1 1 1 1 1 1 1 1 1 1 1 1 1 1 1 1 1 1 1 1 1 1 1 1 1 1 1 1 1 1 1 1 1 1 1 1 1 1 1 1 1 1 1 1 1 1 1 1 1 1 1 1 1 1 1 1 1 1 1 1 1 1 1 1 1 1 1 1 1 1 1 1 1 1 1 1 1 1 1 1 1 1 1 1 1 1 1 1 1 1 1 1 1 1 1 1 1 1 1 1 1 1 1 1 1 1 1 1 1 1 1 1 1 1 1 1 1 1 1 1 1 1 1 1 1 1 1 1 1 1 1 1 1 1 1 1 1 1 1 1 1 1 1 1 1 1 1 1 1 1 1 1 1 1 1 1 1 1 1 1 1 1 1 1 1 1 1 1 1 1 1 1 1 1 1 1 1 1 1 1 1 1 1 1 1 1 1 1 1 1 1 1 1 1 1 1 1 1 1 1 1 1 1 1 1 1 1 1 1 1 1 1 1 1 1 1 1 1 1 1 1 1 1 1 1 1 1 1 1 1 1 1 1 1 1 1 1 1 1 1 1 1 1 1 1 1 1 1 1 1 1 1 1 1 1 1 1 1 1 1 1 1 1 1 1 1 1 1 1 1 1 1 1 1 1 1 1 1 1 1 1 1 1 1 1 1 1 1 1 1 1 1 1 1 1 1 1 1 1 1 1 1 1 1 1 1 1 1 1 1 1 1 1 1 1 1 1 1 1 1 1 1 1 1 1 1 1 1 1 1 1 1 1 1 1 1 1 1 1 1 1 1 1 1 1 1 1 1 1 1 1 1 1 1 1 1 1 1 1 1 1 1 1 1 1 1 1 1 1 1 1 1 1 1 1 1 1 1 1 1 1 1 1 1 1 1 1 1 1 1 1 1 1 1 1 1 1 1 1 1 1 1 1 1 1 1 1 1 1 1 1 1 1 1 1 1 1 1 1 1 1 1 1 1 1 1 1 1 1 1 1 1 1 1 1 1 1 1 1 1 1 1 1 1 1 1 1 1 1 1 1 1 1 1 1 1 1 1 1 1 1 1 1 1 1 1 1 1 1 1 1 1 1 1 1 1 1 1 1 1 1 1 1 1 1 1 1 1 1 1 1 1 1 1 1 1 1 1 1 1 1 1 1 1 1 1 1 1 1 1 1 1 1 1 1 1 1 1 1 1 1 1 1 1 1 1 1 1 1 1 1 1 1 1 1 1 1 1 1 1 1 1 1 1 1 1 1 1 1 1 1 1 1 1 1 1 1 1 1 1 1 1 1 1 1 1 1 1 1 1 1 1 1 1 1 1 1 1 1 1 1 1 1 1 1 1 1 1 1 1 1 1 1 1 1 1 1 1 1 1 1 1 1 1 1 1 1 1 1 1 1 1 1 1 1 1 1 1 1 1 1 1 1 1 1 1 1 1 1 1 1 1 1 1 1 1 1 1 1 1 1 1 1 1 1 1 1 1 1 1 1 1 1 1 1 1 1 1 1 1 1 1 1 1 1 1 1 1 1 1 1 1 1 1 1 1 1 1 1 1 1 1 1 1 1 1 1 1 1 1 1 1 1 1 1 1 1 1 1 1 1 1 1 1 1 1 1 1 1 1 1 1 1 1 1 1 1 1 1 1 1 1 1 1 1 1 1 1 1 1 1 1 1 1 1 1 1 1 1 1 1 1 1 1 1 1 1 1 1 1 1 1 1 1 1 1 1 1 1 1 1 1 1 1 1 1 1 1 1 1 1 1 1 1 1 1 1 1 1 1 1 1 1 1 1 1 1 1 1 1 1 1 1 1 1 1 1 1 1 1 1 1 1 1 1 1 1 1 1 1 1 1 1 1 1 1 1 1 1 1 1 1 1 1 1 1 1 1 1 1 1 1 1 1 1 1 1 1 1 1 1 1 1 1 1 1 1 1 1 1 1 1 1 1 1 1 1 1 1 1 1 1 1 1 1 1 1 1 1 1 1 1 1 1 1 1 1 1 1 1 1 1 1 1 1 1 1 1 1 1 1 1 1 1 1 1 1 1 1 1 1 1 1 1 1 1 1 1 1 1 1 1 1 1 1 1 1 1 1 1 1 1 1 1 1 1 1 1 1 1 1 1 1 1 1 1 1 1 1 1 1 1 1 1 1 1 1 1 1 1 1 1 1 1 1 1 1 1 1 1 1 1 1 1 1 1 1 1 1 1 1 1 1 1 1 1 1 1 1 1 1 1 1 1 1 1 1 1 1 1 1 1 1 1 1 1 1 1 1 1 1 1 1 1 1 1 1 1 1 1 1 1 1 1 1 1 1 1 1 1 1 1 1 1 1 1 1 1 1 1 1 1 1 1 1 1 1 1 1 1 1 1 1 1 1 1 1 1 1 1 1 1 1 1 1 1 1 1 1 1 1 1 1 1 1 1 1 1 1 1 1 1 1 1 1 1 1 1 1 1 1 1 1 1 1 1 1 1 1 1 1 1 1 1 1 1 1 1 1 1 1 1 1 1 1 1 1 1 1 1 1 1 1 1 1 1 1 1 1 1 1 1 1 1 1 1 1 1 1 1 1 1 1 1 1 1 1 1 1 1 1 1 1 1 1 1 1 1 1 1 1 1 1 1 1 1 1 1 1 1 1 1 1 1 1 1 1 1 1 1 1 1 1 1 1 1 1 1 1 1 1 1 1 1 1 1 1 1 1 1 1 1 1 1 1 1 1 1 1 1 1 1 1 1 1 1 1 1 1 1 1 1 1 1 1 1 1 1 1 1 1 1 1 1 1 1 1 1 1 1 1 1 1 1 1 1 1 1 1 1 1 1 1 1 1 1 1 1 1 1 1 1 1 1 1 1 1 1 1 1 1 1 1 1 1 1 1 1 1 1 1 1 1 1 1 1 1 1 1 1 1 1 1 1 1 1 1 1 1 1 1 1 1 1 1 1 1 1 1 1 1 1 1 1 1 1 1 1 1 1 1 1 1 1 1 1 1 1 1 1 1 1 1 1 1 1 1 1 1 1 1 1 1 1 1 1 1 1 1 1 1 1 1 1 1 1 1 1 1 1 1 1 1 1 1 1 1 1 1 1 1 1 1 1 1 1 1 1 1 1 1 1 1 1 1 1 1 1 1 1 1 1 1 1 1 1 1 1 1 1 1 1 1 1 1 1 1 1 1 1 1 1 1 1 1 1 1 1 1 1 1 1 1 1 1 1 1 1 1 1 1 1 1 1 1 1 1 1 1 1 1 1 1 1 1 1 1 1 1 1 1 1 1 1 1 1 1 1 1 1 1 1 1 1 1 1 1 1 1 1 1 1 1 1 1 1 1 1 1 1 1 1 1 1 1 1 1 1 1 1 1 1 1 1 1 1 1 1 1 1 1 1 1 1 1 1 1 1 1 1 1 1 1 1 1 1 1 1 1 1 1 1 1 1 1 1 1 1 1 1 1 1 1 1 1 1 1 1 1 1 1 1 1 1 1 1 1 1 1 1 1 1 1 1 1 1 1 1 1 1 1 1 1 1 1 1 1 1 1 1 1 1 1 1 1 1 1 1 1 1 1 1 1 1 1 1 1 1 1 1 1 1 1 1 1 1 1 1 1 1 1 1 1 1 1 1 1 1 1 1 1 1 1 1 1 1 1 1 1 1 1 1 1 1 1 1 1 1 1 1 1 1 1 1 1 1 1 1 1 1 1 1 1 1 1 1 1 1 1 1 1 1 1 1 1 1 1 1 1 1 1 1 1 1 1 1 1 1 1 1 1 1 1 1 1 1 1 1 1 1 1 1 1 1 1 1 1 1 1 1 1 1 1 1 1 1 1 1 1 1 1 1 1 1 1 1 1 1 1 1 1 1 1 1 1 1 1 1 1 1 1 1 1 1 1 1 1 1 1 1 1 1 1 1 1 1 1 1 1 1 1 1 1 1 1 1 1 1 1 1 1 1 1 1 1 1 1 1 1 1 1 1 1 1 1 1 1 1 1 1 1 1 1 1 1 1 1 1 1 1 1 1 1 1 1 1 1 1 1 1 1 1 1 1 1 1 1 1 1 1 1 1 1 1 1 1 1 1 1 1 1 1 1 1 1 1 1 1 1 1 1 1 1 1 1 1 1 1 1 1 1 1 1 1 1 1 1 1 1 1 1 1 1 1 1 1 1 1 1 1 1 1 1 1 1 1 1 1 1 1 1 1 1 1 1 1 1 1 1 1 1 1 1 1 1 1 1 1 1 1 1 1 1 1 1 1 1 1 1 1 1 1 1 1 1 1 1 1 1 1 1 1 1 1 1 1 1 1 1 1 1 1 1 1 1 1 1 1 1 1 1 1 1 1 1 1 1 1 1 1 1 1 1 1 1 1 1 1 1 1 1 1 1 1 1 1 1 1 1 1 1 1 1 1 1 1 1 1 1 1 1 1 1 1 1 1 1 1 1 1 1 1 1 1 1 1 1 1 1 1 1 1 1 1 1 1 1 1 1 1 1 1 1 1 1 1 1 1 1 1 1 1 1 1 1 1 1 1 1 1 1 1 1 1 1 1 1 1 1 1 1 1 1 1 1 1 1 1 1 1 1 1 1 1 1 1 1 1 1 1 1 1 1 1 1 1 1 1 1 1 1 1 1 1 1 1 1 1 1 1 1 1 1 1 1 1 1 1 1 1 1 1 1 1 1 1 1 1 1 1 1 1 1 1 1 1 1 1 1 1 1 1 1 1 1 1 1 1 1 1 1 1 1 1 1 1 1 1 1 1 1 1 1 1 1 1 1 1 1 1 1 1 1 1 1 1 1 1 1 1 1 1 1 1 1 1 1 1 1 1 1 1 1 1 1 1 1 1 1 1 1 1 1 1 1 1 1 1 1 1 1 1 1 1 1 1 1 1 1 1 1 1 1 1 1 1 1 1 1 1 1 1 1 1 1 1 1 1 1 1 1 1 1 1 1 1 1 1 1 1 1 1 1 1 1 1 1 1 1 1 1 1 1 1 1 1 1 1 1 1 1 1 1 1 1 1 1 1 1 1 1 1 1 1 1 1 1 1 1 1 1 1 1 1 1 1 1 1 1 1 1 1 1 1 1 1 1 1 1 1 1 1 1 1 1 1 1 1 1 1 1 1 1 1 1 1 1 1 1 1 1 1 1 1 1 1 1 1 1 1 1 1 1 1 1 1 1 1 1 1 1 1 1 1 1 1 1 1 1 1 1 1 1 1 1 1 1 1 1 1 1 1 1 1 1 1 1 1 1 1 1 1 1 1 1 1 1 1 1 1 1 1 1 1 1 1 1 1 1 1 1 1 1 1 1 1 1 1 1 1 1 1 1 1 1 1 1 1 1 1 1 1 1 1 1 1 1 1 1 1 1 1 1 1 1 1 1 1 1 1 1 1 1 1 1 1 1 1 1 1 1 1 1 1 1 1 1 1 1 1 1 1 1 1 1 1 1 1 1 1 1 1 1 1 1 1 1 1 1 1 1 1 1 1 1 1 1 1 1 1 1 1 1 1 1 1 1 1 1 1 1 1 1 1 1 1 1 1 1 1 1 1 1 1 1 1 1 1 1 1 1 1 1 1 1 1 1 1 1 1 1 1 1 1 1 1 1 1 1 1 1 1 1 1 1 1 1 1 1 1 1 1 1 1 1 1 1 1 1 1 1 1 1 1 1 1 1 1 1 1 1 1 1 1 1 1 1 1 1 1 1 1 1 1 1 1 1 1 1 1 1 1 1 1 1 1 1 1 1 1 1 1 1 1 1 1 1 1 1 1 1 1 1 1 1 1 1 1 1 1 1 1 1 1 1 1 1 1 1 1 1 1 1 1 1 1 1 1 1 1 1 1 1 1 1 1 1 1 1 1 1 1 1 1 1 1 1 1 1 1 1 1 1 1 1 1 1 1 1 1 1 1 1 1 1 1 1 1 1 1 1 1 1 1 1 1 1 1 1 1 1 1 1 1 1 1 1 1 1 1 1 1 1 1 1 1 1 1 1 1 1 1 1 1 1 1 1 1 1 1 1 1 1 1 1 1 1 1 1 1 1 1 1 1 1 1 1 1 1 1 1 1 1 1 1 1 1 1 1 1 1 1 1 1 1 1 1 1 1 1 1 1 1 1 1 1 1 1 1 1 1 1 1 1 1 1 1 1 1 1 1 1 1 1 1 1 1 1 1 1 1 1 1 1 1 1 1 1 1 1 1 1 1 1 1 1 1 1 1 1 1 1 1 1 1 1 1 1 1 1 1 1 1 1 1 1 1 1 1 1 1 1 1 1 1 1 1 1 1 1 1 1 1 1 1 1 1 1 1 1 1 1 1 1 1 1 1 1 1 1 1 1 1 1 1 1 1 1 1 1 1 1 1 1 1 1 1 1 1 1 1 1 1 1 1 1 1 1 1 1 1 1 1 1 1 1 1 1 1 1 1 1 1 1 1 1 1 1 1 1 1 1 1 1 1 1 1 1 1 1 1 1 1 1 1 1 1 1 1 1 1 1 1 1 1 1 1 1 1 1 1 1 1 1 1 1 1 1 1 1 1 1 1 1 1 1 1 1 1 1 1 1 1 1 1 1 1 1 1 1 1 1 1 1 1 1 1 1 1 1 1 1 1 1 1 1 1 1 1 1 1 1 1 1 1 1 1 1 1 1 1 1 1 1 1 1 1 1 1 1 1 1 1 1 1 1 1 1 1 1 1 1 1 1 1 1 1 1 1 1 1 1 1 1 1 1 1 1 1 1 1 1 1 1 1 1 1 1 1 1 1 1 1 1 1 1 1 1 1 1 1 1 1 1 1 1 1 1 1 1 1 1 1 1 1 1 1 1 1 1 1 1 1 1 1 1 1 1 1 1 1 1 1 1 1 1 1 1 1 1 1 1 1 1 1 1 1 1 1 1 1 1 1 1 1 1 1 1 1 1 1 1 1 1 1 1 1 1 1 1 1 1 1 1 1 1 1 1 1 1 1 1 1 1 1 1 1 1 1 1 1 1 1 1 1 1 1 1 1 1 1 1 1 1 1 1 1 1 1 1 1 1 1 1 1 1 1 1 1 1 1 1 1 1 1 1 1 1 1 1 1 1 1 1 1 1 1 1 1 1 1 1 1 1 1 1 1 1 1 1 1 1 1 1 1 1 1 1 1 1 1 1 1 1 1 1 1 1 1 1 1 1 1 1 1 1 1 1 1 1 1 1 1 1 1 1 1 1 1 1 1 1 1 1 1 1 1 1 1 1 1 1 1 1 1 1 1 1 1 1 1 1 1 1 1 1 1 1 1 1 1 1 1 1 1 1 1 1 1 1 1 1 1 1 1 1 1 1 1 1 1 1 1 1 1 1 1 1 1 1 1 1 1 1 1 1 1 1 1 1 1 1 1 1 1 1 1 1 1 1 1 1 1 1 1 1 1 1 1 1 1 1 1 1 1 1 1 1 1 1 1 1 1 1 1 1 1 1 1 1 1 1 1 1 1 1 1 1 1 1 1 1 1 1 1 1 1 1 1 1 1 1 1 1 1 1 1 1 1 1 1 1 1 1 1 1 1 1 1 1 1 1 1 1 1 1 1 1 1 1 1 1 1 1 1 1 1 1 1 1 1 1 1 1 1 1 1 1 1 1 1 1 1 1 1 1 1 1 1 1 1 1 1 1 1 1 1 1 1 1 1 1 1 1 1 1 1 1 1 1 1 1 1 1 1 1 1 1 1 1 1 1 1 1 1 1 1 1 1 1 1 1 1 1 1 1 1 1 1 1 1 1 1 1 1 1 1 1 1 1 1 1 1 1 1 1 1 1 1 1 1 1 1 1 1 1 1 1 1 1 1 1 1 1 1 1 1 1 1 1 1 1 1 1 1 1 1 1 1 1 1 1 1 1 1 1 1 1 1 1 1 1 1 1 1 1 1 1 1 1 1 1 1 1 1 1 1 1 1 1 1 1 1 1 1 1 1 1 1 1 1 1 1 1 1 1 1 1 1 1 1 1 1 1 1 1 1 1 1 1 1 1 1 1 1 1 1 1 1 1 1 1 1 1 1 1 1 1 1 1 1 1 1 1 1 1 1 1 1 1 1 1 1 1 1 1 1 1 1 1 1 1 1 1 1 1 1 1 1 1 1 1 1 1 1 1 1 1 1 1 1 1 1 1 1 1 1 1 1 1 1 1 1 1 1 1 1 1 1 1 1 1 1 1 1 1 1 1 1 1 1 1 1 1 1 1 1 1 1 1 1 1 1 1 1 1 1 1 1 1 1 1 1 1 1 1 1 1 1 1 1 1 1 1 1 1 1 1 1 1 1 1 1 1 1 1 1 1 1 1 1 1 1 1 1 1 1 1 1 1 1 1 1 1 1 1 1 1 1 1 1 1 1 1 1 1 1 1 1 1 1 1 1 1 1 1 1 1 1 1 1 1 1 1 1 1 1 1 1 1 1 1 1 1 1 1 1 1 1 1 1 1 1 1 1 1 1 1 1 1 1 1 1 1 1 1 1 1 1 1 1 1 1 1 1 1 1 1 1 1 1 1 1 1 1 1 1 1 1 1 1 1 1 1 1 1 1 1 1 1 1 1 1 1 1 1 1 1 1 1 1 1 1 1 1 1 1 1 1 1 1 1 1 1 1 1 1 1 1 1 1 1 1 1 1 1 1 1 1 1 1 1 1 1 1 1 1 1 1 1 1 1 1 1 1 1 1 1 1 1 1 1 1 1 1 1 1 1 1 1 1 1 1 1 1 1 1 1 1 1 1 1 1 1 1 1 1 1 1 1 1 1 1 1 1 1 1 1 1 1 1 1 1 1 1 1 1 1 1 1 1 1 1 1 1 1 1 1 1 1 1 1 1 1 1 1 1 1 1 1 1 1 1 1 1 1 1 1 1 1 1 1 1 1 1 1 1 1 1 1 1 1 1 1 1 1 1 1 1 1 1 1 1 1 1 1 1 1 1 1 1 1 1 1 1 1 1 1 1 1 1 1 1 1 1 1 1 1 1 1 1 1 1 1 1 1 1 1 1 1 1 1 1 1 1 1 1 1 1 1 1 1 1 1 1 1 1 1 1 1 1 1 1 1 1 1 1 1 1 1 1 1 1 1 1 1 1 1 1 1 1 1 1 1 1 1 1 1 1 1 1 1 1 1 1 1 1 1 1 1 1 1 1 1 1 1 1 1 1 1 1 1 1 1 1 1 1 1 1 1 1 1 1 1 1 1 1 1 1 1 1 1 1 1 1 1 1 1 1 1 1 1 1 1 1 1 1 1 1 1 1 1 1 1 1 1 1 1 1 1 1 1 1 1 1 1 1 1 1 1 1 1 1 1 1 1 1 1 1 1 1 1 1 1 1 1 1 1 1 1 1 1 1 1 1 1 1 1 1 1 1 1 1 1 1 1 1 1 1 1 1 1 1 1 1 1 1 1 1 1 1 1 1 1 1 1 1 1 1 1 1 1 1 1 1 1 1 1 1 1 1 1 1 1 1 1 1 1 1 1 1 1 1 1 1 1 1 1 1 1 1 1 1 1 1 1 1 1 1 1 1 1 1 1 1 1 1 1 1 1 1 1 1 1 1 1 1 1 1 1 1 1 1 1 1 1 1 1 1 1 1 1 1 1 1 1 1 1 1 1 1 1 1 1 1 1 1 1 1 1 1 1 1 1 1 1 1 1 1 1 1 1 1 1 1 1 1 1 1 1 1 1 1 1 1 1 1 1 1 1 1 1 1 1 1 1 1 1 1 1 1 1 1 1 1 1 1 1 1 1 1 1 1 1 1 1 1 1 1 1 1 1 1 1 1 1 1 1 1 1 1 1 1 1 1 1 1 1 1 1 1 1 1 1 1 1 1 1 1 1 1 1 1 1 1 1 1 1 1 1 1 1 1 1 1 1 1 1 1 1 1 1 1 1 1 1 1 1 1 1 1 1 1 1 1 1 1 1 1 1 1 1 1 1 1 1 1 1 1 1 1 1 1 1 1 1 1 1 1 1 1 1 1 1 1 1 1 1 1 1 1 1 1 1 1 1 1 1 1 1 1 1 1 1 1 1 1 1 1 1 1 1 1 1 1 1 1 1 1 1 1 1 1 1 1 1 1 1 1 1 1 1 1 1 1 1 1 1 1 1 1 1 1 1 1 1 1 1 1 1 1 1 1 1 1 1 1 1 1 1 1 1 1 1 1 1 1 1 1 1 1 1 1 1 1 1 1 1 1 1 1 1 1 1 1 1 1 1 1 1 1 1 1 1 1 1 1 1 1 1 1 1 1 1 1 1 1 1 1 1 1 1 1 1 1 1 1 1 1 1 1 1 1 1 1 1 1 1 1 1 1 1 1 1 1 1 1 1 1 1 1 1 1 1 1 1 1 1 1 1 1 1 1 1 1 1 1 1 1 1 1 1 1 1 1 1 1 1 1 1 1 1 1 1 1 1 1 1 1 1 1 1 1 1 1 1 1 1 1 1 1 1 1 1 1 1 1 1 1 1 1 1 1 1 1 1 1 1 1 1 1 1 1 1 1 1 1 1 1 1 1 1 1 1 1 1 1 1 1 1 1 1 1 1 1 1 1 1 1 1 1 1 1 1 1 1 1 1 1 1 1 1 1 1 1 1 1 1 1 1 1 1 1 1 1 1 1 1 1 1 1 1 1 1 1 1 1 1 1 1 1 1 1 1 1 1 1 1 1 1 1 1 1 1 1 1 1 1 1 1 1 1 1 1 1 1 1 1 1 1 1 1 1 1 1 1 1 1 1 1 1 1 1 1 1 1 1 1 1 1 1 1 1 1 1 1 1 1 1 1 1 1 1 1 1 1 1 1 1 1 1 1 1 1 1 1 1 1 1 1 1 1 1 1 1 1 1 1 1 1 1 1 1 1 1 1 1 1 1 1 1 1 1 1 1 1 1 1 1 1 1 1 1 1 1 1 1 1 1 1 1 1 1 1 1 1 1 1 1 1 1 1 1 1 1 1 1 1 1 1 1 1 1 1 1 1 1 1 1 1 1 1 1 1 1 1 1 1 1 1 1 1 1 1 1 1 1 1 1 1 1 1 1 1 1 1 1 1 1 1 1 1 1 1 1 1 1 1 1 1 1 1 1 1 1 1 1 1 1 1 1 1 1 1 1 1 1 1 1 1 1 1 1 1 1 1 1 1 1 1 1 1 1 1 1 1 1 1 1 1 1 1 1 1 1 1 1 1 1 1 1 1 1 1 1 1 1 1 1 1 1 1 1 1 1 1 1 1 1 1 1 1 1 1 1 1 1 1 1 1 1 1 1 1 1 1 1 1 1 1 1 1 1 1 1 1 1 1 1 1 1 1 1 1 1 1 1 1 1 1 1 1 1 1 1 1 1 1 1 1 1 1 1 1 1 1 1 1 1 1 1 1 1 1 1 1 1 1 1 1 1 1 1 1 1 1 1 1 1 1 1 1 1 1 1 1 1 1 1 1 1 1 1 1 1 1 1 1 1 1 1 1 1 1 1 1 1 1 1 1 1 1 1 1 1 1 1 1 1 1 1 1 1 1 1 1 1 1 1 1 1 1 1 1 1 1 1 1 1 1 1 1 1 1 1 1 1 1 1 1 1 1 1 1 1 1 1 1 1 1 1 1 1 1 1 1 1 1 1 1 1 1 1 1 1 1 1 1 1 1 1 1 1 1 1 1 1 1 1 1 1 1 1 1 1 1 1 1 1 1 1 1 1 1 1 1 1 1 1 1 1 1 1 1 1 1 1 1 1 1 1 1 1 1 1 1 1 1 1 1 1 1 1 1 1 1 1 1 1 1 1 1 1 1 1 1 1 1 1 1 1 1 1 1 1 1 1 1 1 1 1 1 1 1 1 1 1 1 1 1 1 1 1 1 1 1 1 1 1 1 1 1 1 1 1 1 1 1 1 1 1 1 1 1 1 1 1 1 1 1 1 1 1 1 1 1 1 1 1 1 1 1 1 1 1 1 1 1 1 1 1 1 1 1 1 1 1 1 1 1 1 1 1 1 1 1 1 1 1 1 1 1 1 1 1 1 1 1 1 1 1 1 1 1 1 1 1 1 1 1 1 1 1 1 1 1 1 1 1 1 1 1 1 1 1 1 1 1 1 1 1 1 1 1 1 1 1 1 1 1 1 1 1 1 1 1 1 1 1 1 1 1 1 1 1 1 1 1 1 1 1 1 1 1 1 1 1 1 1 1 1 1 1 1 1 1 1 1 1 1 1 1 1 1 1 1 1 1 1 1 1 1 1 1 1 1 1 1 1 1 1 1 1 1 1 1 1 1 1 1 1 1 1 1 1 1 1 1 1 1 1 1 1 1 1 1 1 1 1 1 1 1 1 1 1 1 1 1 1 1 1 1 1 1 1 1 1 1 1 1 1 1 1 1 1 1 1 1 1 1 1 1 1 1 1 1 1 1 1 1 1 1 1 1 1 1 1 1 1 1 1 1 1 1 1 1 1 1 1 1 1 1 1 1 1 1 1 1 1 1 1 1 1 1 1 1 1 1 1 1 1 1 1 1 1 1 1 1 1 1 1 1 1 1 1 1 1 1 1 1 1 1 1 1 1 1 1 1 1 1 1 1 1 1 1 1 1 1 1 1 1 1 1 1 1 1 1 1 1 1 1 1 1 1 1 1 1 1 1 1 1 1 1 1 1 1 1 1 1 1 1 1 1 1 1 1 1 1 1 1 1 1 1 1 1 1 1 1 1 1 1 1 1 1 1 1 1 1 1 1 1 1 1 1 1 1 1 1 1 1 1 1 1 1 1 1 1 1 1 1 1 1 1 1 1 1 1 1 1 1 1 1 1 1 1 1 1 1 1 1 1 1 1 1 1 1 1 1 1 1 1 1 1 1 1 1 1 1 1 1 1 1 1 1 1 1 1 1 1 1 1 1 1 1 1 1 1 1 1 1 1 1 1 1 1 1 1 1 1 1 1 1 1 1 1 1 1 1 1 1 1 1 1 1 1 1 1 1 1 1 1 1 1 1 1 1 1 1 1 1 1 1 1 1 1 1 1 1 1 1 1 1 1 1 1 1 1 1 1 1 1 1 1 1 1 1 1 1 1 1 1 1 1 1 1 1 1 1 1 1 1 1 1 1 1 1 1 1 1 1 1 1 1 1 1 1 1 1 1 1 1 1 1 1 1 1 1 1 1 1 1 1 1 1 1 1 1 1 1 1 1 1 1 1 1 1 1 1 1 1 1 1 1 1 1 1 1 1 1 1 1 1 1 1 1 1 1 1 1 1 1 1 1 1 1 1 1 1 1 1 1 1 1 1 1 1 1 1 1 1 1 1 1 1 1 1 1 1 1 1 1 1 1 1 1 1 1 1 1 1 1 1 1 1 1 1 1 1 1 1 1 1 1 1 1 1 1 1 1 1 1 1 1 1 1 1 1 1 1 1 1 1 1 1 1 1 1 1 1 1 1 1 1 1 1 1 1 1 1 1 1 1 1 1 1 1 1 1 1 1 1 1 1 1 1 1 1 1 1 1 1 1 1 1 1 1 1 1 1 1 1 1 1 1 1 1 1 1 1 1 1 1 1 1 1 1 1 1 1 1 1 1 1 1 1 1 1 1 1 1 1 1 1 1 1 1 1 1 1 1 1 1 1 1 1 1 1 1 1 1 1 1 1 1 1 1 1 1 1 1 1 1 1 1 1 1 1 1 1 1 1 1 1 1 1 1 1 1 1 1 1 1 1 1 1 1 1 1 1 1 1 1 1 1 1 1 1 1 1 1 1 1 1 1 1 1 1 1 1 1 1 1 1 1 1 1 1 1 1 1 1 1 1 1 1 1 1 1 1 1 1 1 1 1 1 1 1 1 1 1 1 1 1 1 1 1 1 1 1 1 1 1 1 1 1 1 1 1 1 1 1 1 1 1 1 1 1 1 1 1 1 1 1 1 1 1 1 1 1 1 1 1 1 1 1 1 1 1 1 1 1 1 1 1 1 1 1 1 1 1 1 1 1 1 1 1 1 1 1 1 1 1 1 1 1 1 1 1 1 1 1 1 1 1 1 1 1 1 1 1 1 1 1 1 1 1 1 1 1 1 1 1 1 1 1 1 1 1 1 1 1 1 1 1 1 1 1 1 1 1 1 1 1 1 1 1 1 1 1 1 1 1 1 1 1 1 1 1 1 1 1 1 1 1 1 1 1 1 1 1 1 1 1 1 1 1 1 1 1 1 1 1 1 1 1 1 1 1 1 1 1 1 1 1 1 1 1 1 1 1 1 1 1 1 1 1 1 1 1 1 1 1 1 1 1 1 1 1 1 1 1 1 1 1 1 1 1 1 1 1 1 1 1 1 1 1 1 1 1 1 1 1 1 1 1 1 1 1 1 1 1 1 1 1 1 1 1 1 1 1 1 1 1 1 1 1 1 1 1 1 1 1 1 1 1 1 1 1 1 1 1 1 1 1 1 1 1 1 1 1 1 1 1 1 1 1 1 1 1 1 1 1 1 1 1 1 1 1 1 1 1 1 1 1 1 1 1 1 1 1 1 1 1 1 1 1 1 1 1 1 1 1 1 1 1 1 1 1 1 1 1 1 1 1 1 1 1 1 1 1 1 1 1 1 1 1 1 1 1 1 1 1 1 1 1 1 1 1 1 1 1 1 1 1 1 1 1 1 1 1 1 1 1 1 1 1 1 1 1 1 1 1 1 1 1 1 1 1 1 1 1 1 1 1 1 1 1 1 1 1 1 1 1 1 1 1 1 1 1 1 1 1 1 1 1 1 1 1 1 1 1 1 1 1 1 1 1 1 1 1 1 1 1 1 1 1 1 1 1 1 1 1 1 1 1 1 1 1 1 1 1 1 1 1 1 1 1 1 1 1 1 1 1 1 1 1 1 1 1 1 1 1 1 1 1 1 1 1 1 1 1 1 1 1 1 1 1 1 1 1 1 1 1 1 1 1 1 1 1 1 1 1 1 1 1 1 1 1 1 1 1 1 1 1 1 1 1 1 1 1 1 1 1 1 1 1 1 1 1 1 1 1 1 1 1 1 1 1 1 1 1 1 1 1 1 1 1 1 1 1 1 1 1 1 1 1 1 1 1 1 1 1 1 1 1 1 1 1 1 1 1 1 1 1 1 1 1 1 1 1 1 1 1 1 1 1 1 1 1 1 1 1 1 1 1 1 1 1 1 1 1 1 1 1 1 1 1 1 1 1 1 1 1 1 1 1 1 1 1 1 1 1 1 1 1 1 1 1 1 1 1 1 1 1 1 1 1 1 1 1 1 1 1 1 1 1 1 1 1 1 1 1 1 1 1 1 1 1 1 1 1 1 1 1 1 1 1 1 1 1 1 1 1 1 1 1 1 1 1 1 1 1 1 1 1 1 1 1 1 1 1 1 1 1 1 1 1 1 1 1 1 1 1 1 1 1 1 1 1 1 1 1 1 1 1 1 1 1 1 1 1 1 1 1 1 1 1 1 1 1 1 1 1 1 1 1 1 1 1 1 1 1 1 1 1 1 1 1 1 1 1 1 1 1 1 1 1 1 1 1 1 1 1 1 1 1 1 1 1 1 1 1 1 1 1 1 1 1 1 1 1 1 1 1 1 1 1 1 1 1 1 1 1 1 1 1 1 1 1 1 1 1 1 1 1 1 1 1 1 1 1 1 1 1 1 1 1 1 1 1 1 1 1 1 1 1 1 1 1 1 1 1 1 1 1 1 1 1 1 1 1 1 1 1 1 1 1 1 1 1 1 1 1 1 1 1 1 1 1 1 1 1 1 1 1 1 1 1 1 1 1 1 1 1 1 1 1 1 1 1 1 1 1 1 1 1 1 1 1 1 1 1 1 1 1 1 1 1 1 1 1 1 1 1 1 1 1 1 1 1 1 1 1 1 1 1 1 1 1 1 1 1 1 1 1 1 1 1 1 1 1 1 1 1 1 1 1 1 1 1 1 1 1 1 1 1 1 1 1 1 1 1 1 1 1 1 1 1 1 1 1 1 1 1 1 1 1 1 1 1 1 1 1 1 1 1 1 1 1 1 1 1 1 1 1 1 1 1 1 1 1 1 1 1 1 1 1 1 1 1 1 1 1 1 1 1 1 1 1 1 1 1 1 1 1 1 1 1 1 1 1 1 1 1 1 1 1 1 1 1 1 1 1 1 1 1 1 1 1 1 1 1 1 1 1 1 1 1 1 1 1 1 1 1 1 1 1 1 1 1 1 1 1 1 1 1 1 1 1 1 1 1 1 1 1 1 1 1 1 1 1 1 1 1 1 1 1 1 1 1 1 1 1 1 1 1 1 1 1 1 1 1 1 1 1 1 1 1 1 1 1 1 1 1 1 1 1 1 1 1 1 1 1 1 1 1 1 1 1 1 1 1 1 1 1 1 1 1 1 1 1 1 1 1 1 1 1 1 1 1 1 1 1 1 1 1 1 1 1 1 1 1 1 1 1 1 1 1 1 1 1 1 1 1 1 1 1 1 1 1 1 1 1 1 1 1 1 1 1 1 1 1 1 1 1 1 1 1 1 1 1 1 1 1 1 1 1 1 1 1 1 1 1 1 1 1 1 1 1 1 1 1 1 1 1 1 1 1 1 1 1 1 1 1 1 1 1 1 1 1 1 1 1 1 1 1 1 1 1 1 1 1 1 1 1 1 1 1 1 1 1 1 1 1 1 1 1 1 1 1 1 1 1 1 1 1 1 1 1 1 1 1 1 1 1 1 1 1 1 1 1 1 1 1 1 1 1 1 1 1 1 1 1 1 1 1 1 1 1 1 1 1 1 1 1 1 1 1 1 1 1 1 1 1 1 1 1 1 1 1 1 1 1 1 1 1 1 1 1 1 1 1 1 1 1 1 1 1 1 1 1 1 1 1 1 1 1 1 1 1 1 1 1 1 1 1 1 1 1 1 1 1 1 1 1 1 1 1 1 1 1 1 1 1 1 1 1 1 1 1 1 1 1 1 1 1 1 1 1 1 1 1 1 1 1 1 1 1 1 1 1 1 1 1 1 1 1 1 1 1 1 1 1 1 1 1 1 1 1 1 1 1 1 1 1 1 1 1 1 1 1 1 1 1 1 1 1 1 1 1 1 1 1 1 1 1 1 1 1 1 1 1 1 1 1 1 1 1 1 1 1 1 1 1 1 1 1 1 1 1 1 1 1 1 1 1 1 1 1 1 1 1 1 1 1 1 1 1 1 1 1 1 1 1 1 1 1 1 1 1 1 1 1 1 1 1 1 1 1 1 1 1 1 1 1 1 1 1 1 1 1 1 1 1 1 1 1 1 1 1 1 1 1 1 1 1 1 1 1 1 1 1 1 1 1 1 1 1 1 1 1 1 1 1 1 1 1 1 1 1 1 1 1 1 1 1 1 1 1 1 1 1 1 1 1 1 1 1 1 1 1 1 1 1 1 1 1 1 1 1 1 1 1 1 1 1 1 1 1 1 1 1 1 1 1 1 1 1 1 1 1 1 1 1 1 1 1 1 1 1 1 1 1 1 1 1 1 1 1 1 1 1 1 1 1 1 1 1 1 1 1 1 1 1 1 1 1 1 1 1 1 1 1 1 1 1 1 1 1 1 1 1 1 1 1 1 1 1 1 1 1 1 1 1 1 1 1 1 1 1 1 1 1 1 1 1 1 1 1 1 1 1 1 1 1 1 1 1 1 1 1 1 1 1 1 1 1 1 1 1 1 1 1 1 1 1 1 1 1 1 1 1 1 1 1 1 1 1 1 1 1 1 1 1 1 1 1 1 1 1 1 1 1 1 1 1 1 1 1 1 1 1 1 1 1 1 1 1 1 1 1 1 1 1 1 1 1 1 1 1 1 1 1 1 1 1 1 1 1 1 1 1 1 1 1 1 1 1 1 1 1 1 1 1 1 1 1 1 1 1 1 1 1 1 1 1 1 1 1 1 1 1 1 1 1 1 1 1 1 1 1 1 1 1 1 1 1 1 1 1 1 1 1 1 1 1 1 1 1 1 1 1 1 1 1 1 1 1 1 1 1 1 1 1 1 1 1 1 1 1 1 1 1 1 1 1 1 1 1 1 1 1 1 1 1 1 1 1 1 1 1 1 1 1 1 1 1 1 1 1 1 1 1 1 1 1 1 1 1 1 1 1 1 1 1 1 1 1 1 1 1 1 1 1 1 1 1 1 1 1 1 1 1 1 1 1 1 1 1 1 1 1 1 1 1 1 1 1 1 1 1 1 1 1 1 1 1 1 1 1 1 1 1 1 1 1 1 1 1 1 1 1 1 1 1 1 1 1 1 1 1 1 1 1 1 1 1 1 1 1 1 1 1 1 1 1 1 1 1 1 1 1 1 1 1 1 1 1 1 1 1 1 1 1 1 1 1 1 1 1 1 1 1 1 1 1 1 1 1 1 1 1 1 1 1 1 1 1 1 1 1 1 1 1 1 1 1 1 1 1 1 1 1 1 1 1 1 1 1 1 1 1 1 1 1 1 1 1 1 1 1 1 1 1 1 1 1 1 1 1 1 1 1 1 1 1 1 1 1 1 1 1 1 1 1 1 1 1 1 1 1 1 1 1 1 1 1 1 1 1 1 1 1 1 1 1 1 1 1 1 1 1 1 1 1 1 1 1 1 1 1 1 1 1 1 1 1 1 1 1 1 1 1 1 1 1 1 1 1 1 1 1 1 1 1 1 1 1 1 1 1 1 1 1 1 1 1 1 1 1 1 1 1 1 1 1 1 1 1 1 1 1 1 1 1 1 1 1 1 1 1 1 1 1 1 1 1 1 1 1 1 1 1 1 1 1 1 1 1 1 1 1 1 1 1 1 1 1 1 1 1 1 1 1 1 1 1 1 1 1 1 1 1 1 1 1 1 1 1 1 1 1 1 1 1 1 1 1 1 1 1 1 1 1 1 1 1 1 1 1 1 1 1 1 1 1 1 1 1 1 1 1 1 1 1 1 1 1 1 1 1 1 1 1 1 1 1 1 1 1 1 1 1 1 1 1 1 1 1 1 1 1 1 1 1 1 1 1 1 1 1 1 1 1 1 1 1 1 1 1 1 1 1 1 1 1 1 1 1 1 1 1 1 1 1 1 1 1 1 1 1 1 1 1 1 1 1 1 1 1 1 1 1 1 1 1 1 1 1 1 1 1 1 1 1 1 1 1 1 1 1 1 1 1 1 1 1 1 1 1 1 1 1 1 1 1 1 1 1 1 1 1 1 1 1 1 1 1 1 1 1 1 1 1 1 1 1 1 1 1 1 1 1 1 1 1 1 1 1 1 1 1 1 1 1 1 1 1 1 1 1 1 1 1 1 1 1 1 1 1 1 1 1 1 1 1 1 1 1 1 1 1 1 1 1 1 1 1 1 1 1 1 1 1 1 1 1 1 1 1 1 1 1 1 1 1 1 1 1 1 1 1 1 1 1 1 1 1 1 1 1 1 1 1 1 1 1 1 1 1 1 1 1 1 1 1 1 1 1 1 1 1 1 1 1 1 1 1 1 1 1 1 1 1 1 1 1 1 1 1 1 1 1 1 1 1 1 1 1 1 1 1 1 1 1 1 1 1 1 1 1 1 1 1 1 1 1 1 1 1 1 1 1 1 1 1 1 1 1 1 1 1 1 1 1 1 1 1 1 1 1 1 1 1 1 1 1 1 1 1 1 1 1 1 1 1 1 1 1 1 1 1 1 1 1 1 1 1 1 1 1 1 1 1 1 1 1 1 1 1 1 1 1 1 1 1 1 1 1 1 1 1 1 1 1 1 1 1 1 1 1 1 1 1 1 1 1 1 1 1 1 1 1 1 1 1 1 1 1 1 1 1 1 1 1 1 1 1 1 1 1 1 1 1 1 1 1 1 1 1 1 1 1 1 1 1 1 1 1 1 1 1 1 1 1 1 1 1 1 1 1 1 1 1 1 1 1 1 1 1 1 1 1 1 1 1 1 1 1 1 1 1 1 1 1 1 1 1 1 1 1 1 1 1 1 1 1 1 1 1 1 1 1 1 1 1 1 1 1 1 1 1 1 1 1 1 1 1 1 1 1 1 1 1 1 1 1 1 1 1 1 1 1 1 1 1 1 1 1 1 1 1 1 1 1 1 1 1 1 1 1 1 1 1 1 1 1 1 1 1 1 1 1 1 1 1 1 1 1 1 1 1 1 1 1 1 1 1 1 1 1 1 1 1 1 1 1 1 1 1 1 1 1 1 1 1 1 1 1 1 1 1 1 1 1 1 1 1 1 1 1 1 1 1 1 1 1 1 1 1 1 1 1 1 1 1 1 1 1 1 1 1 1 1 1 1 1 1 1 1 1 1 1 1 1 1 1 1 1 1 1 1 1 1 1 1 1 1 1 1 1 1 1 1 1 1 1 1 1 1 1 1 1 1 1 1 1 1 1 1 1 1 1 1 1 1 1 1 1 1 1 1 1 1 1 1 1 1 1 1 1 1 1 1 1 1 1 1 1 1 1 1 1 1 1 1 1 1 1 1 1 1 1 1 1 1 1 1 1 1 1 1 1 1 1 1 1 1 1 1 1 1 1 1 1 1 1 1 1 1 1 1 1 1 1 1 1 1 1 1 1 1 1 1 1 1 1 1 1 1 1 1 1 1 1 1 1 1 1 1 1 1 1 1 1 1 1 1 1 1 1 1 1 1 1 1 1 1 1 1 1 1 1 1 1 1 1 1 1 1 1 1 1 1 1 1 1 1 1 1 1 1 1 1 1 1 1 1 1 1 1 1 1 1 1 1 1 1 1 1 1 1 1 1 1 1 1 1 1 1 1 1 1 1 1 1 1 1 1 1 1 1 1 1 1 1 1 1 1 1 1 1 1 1 1 1 1 1 1 1 1 1 1 1 1 1 1 1 1 1 1 1 1 1 1 1 1 1 1 1 1 1 1 1 1 1 1 1 1 1 1 1 1 1 1 1 1 1 1 1 1 1 1 1 1 1 1 1 1 1 1 1 1 1 1 1 1 1 1 1 1 1 1 1 1 1 1 1 1 1 1 1 1 1 1 1 1 1 1 1 1 1 1 1 1 1 1 1 1 1 1 1 1 1 1 1 1 1 1 1 1 1 1 1 1 1 1 1 1 1 1 1 1 1 1 1 1 1 1 1 1 1 1 1 1 1 1 1 1 1 1 1 1 1 1 1 1 1 1 1 1 1 1 1 1 1 1 1 1 1 1 1 1 1 1 1 1 1 1 1 1 1 1 1 1 1 1 1 1 1 1 1 1 1 1 1 1 1 1 1 1 1 1 1 1 1 1 1 1 1 1 1 1 1 1 1 1 1 1 1 1 1 1 1 1 1 1 1 1 1 1 1 1 1 1 1 1 1 1 1 1 1 1 1 1 1 1 1 1 1 1 1 1 1 1 1 1 1 1 1 1 1 1 1 1 1 1 1 1 1 1 1 1 1 1 1 1 1 1 1 1 1 1 1 1 1 1 1 1 1 1 1 1 1 1 1 1 1 1 1 1 1 1 1 1 1 1 1 1 1 1 1 1 1 1 1 1 1 1 1 1 1 1 1 1 1 1 1 1 1 1 1 1 1 1 1 1 1 1 1 1 1 1 1 1 1 1 1 1 1 1 1 1 1 1 1 1 1 1 1 1 1 1 1 1 1 1 1 1 1 1 1 1 1 1 1 1 1 1 1 1 1 1 1 1 1 1 1 1 1 1 1 1 1 1 1 1 1 1 1 1 1 1 1 1 1 1 1 1 1 1 1 1 1 1 1 1 1 1 1 1 1 1 1 1 1 1 1 1 1 1 1 1 1 1 1 1 1 1 1 1 1 1 1 1 1 1 1 1 1 1 1 1 1 1 1 1 1 1 1 1 1 1 1 1 1 1 1 1 1 1 1 1 1 1 1 1 1 1 1 1 1 1 1 1 1 1 1 1 1 1 1 1 1 1 1 1 1 1 1 1 1 1 1 1 1 1 1 1 1 1 1 1 1 1 1 1 1 1 1 1 1 1 1 1 1 1 1 1 1 1 1 1 1 1 1 1 1 1 1 1 1 1 1 1 1 1 1 1 1 1 1 1 1 1 1 1 1 1 1 1 1 1 1 1 1 1 1 1 1 1 1 1 1 1 1 1 1 1 1 1 1 1 1 1 1 1 1 1 1 1 1 1 1 1 1 1 1 1 1 1 1 1 1 1 1 1 1 1 1 1 1 1 1 1 1 1 1 1 1 1 1 1 1 1 1 1 1 1 1 1 1 1 1 1 1 1 1 1 1 1 1 1 1 1 1 1 1 1 1 1 1 1 1 1 1 1 1 1 1 1 1 1 1 1 1 1 1 1 1 1 1 1 1 1 1 1 1 1 1 1 1 1 1 1 1 1 1 1 1 1 1 1 1 1 1 1 1 1 1 1 1 1 1 1 1 1 1 1 1 1 1 1 1 1 1 1 1 1 1 1 1 1 1 1 1 1 1 1 1 1 1 1 1 1 1 1 1 1 1 1 1 1 1 1 1 1 1 1 1 1 1 1 1 1 1 1 1 1 1 1 1 1 1 1 1 1 1 1 1 1 1 1 1 1 1 1 1 1 1 1 1 1 1 1 1 1 1 1 1 1 1 1 1 1 1 1 1 1 1 1 1 1 1 1 1 1 1 1 1 1 1 1 1 1 1 1 1 1 1 1 1 1 1 1 1 1 1 1 1 1 1 1 1 1 1 1 1 1 1 1 1 1 1 1 1 1 1 1 1 1 1 1 1 1 1 1 1 1 1 1 1 1 1 1 1 1 1 1 1 1 1 1 1 1 1 1 1 1 1 1 1 1 1 1 1 1 1 1 1 1 1 1 1 1 1 1 1 1 1 1 1 1 1 1 1 1 1 1 1 1 1 1 1 1 1 1 1 1 1 1 1 1 1 1 1 1 1 1 1 1 1 1 1 1 1 1 1 1 1 1 1 1 1 1 1 1 1 1 1 1 1 1 1 1 1 1 1 1 1 1 1 1 1 1 1 1 1 1 1 1 1 1 1 1 1 1 1 1 1 1 1 1 1 1 1 1 1 1 1 1 1 1 1 1 1 1 1 1 1 1 1 1 1 1 1 1 1 1 1 1 1 1 1 1 1 1 1 1 1 1 1 1 1 1 1 1 1 1 1 1 1 1 1 1 1 1 1 1 1 1 1 1 1 1 1 1 1 1 1 1 1 1 1 1 1 1 1 1 1 1 1 1 1 1 1 1 1 1 1 1 1 1 1 1 1 1 1 1 1 1 1 1 1 1 1 1 1 1 1 1 1 1 1 1 1 1 1 1 1 1 1 1 1 1 1 1 1 1 1 1 1 1 1 1 1 1 1 1 1 1 1 1 1 1 1 1 1 1 1 1 1 1 1 1 1 1 1 1 1 1 1 1 1 1 1 1 1 1 1 1 1 1 1 1 1 1 1 1 1 1 1 1 1 1 1 1 1 1 1 1 1 1 1 1 1 1 1 1 1 1 1 1 1 1 1 1 1 1 1 1 1 1 1 1 1 1 1 1 1 1 1 1 1 1 1 1 1 1 1 1 1 1 1 1 1 1 1 1 1 1 1 1 1 1 1 1 1 1 1 1 1 1 1 1 1 1 1 1 1 1 1 1 1 1 1 1 1 1 1 1 1 1 1 1 1 1 1 1 1 1 1 1 1 1 1 1 1 1 1 1 1 1 1 1 1 1 1 1 1 1 1 1 1 1 1 1 1 1 1 1 1 1 1 1 1 1 1 1 1 1 1 1 1 1 1 1 1 1 1 1 1 1 1 1 1 1 1 1 1 1 1 1 1 1 1 1 1 1 1 1 1 1 1 1 1 1 1 1 1 1 1 1 1 1 1 1 1 1 1 1 1 1 1 1 1 1 1 1 1 1 1 1 1 1 1 1 1 1 1 1 1 1 1 1 1 1 1 1 1 1 1 1 1 1 1 1 1 1 1 1 1 1 1 1 1 1 1 1 1 1 1 1 1 1 1 1 1 1 1 1 1 1 1 1 1 1 1 1 1 1 1 1 1 1 1 1 1 1 1 1 1 1 1 1 1 1 1 1 1 1 1 1 1 1 1 1 1 1 1 1 1 1 1 1 1 1 1 1 1 1 1 1 1 1 1 1 1 1 1 1 1 1 1 1 1 1 1 1 1 1 1 1 1 1 1 1 1 1 1 1 1 1 1 1 1 1 1 1 1 1 1 1 1 1 1 1 1 1 1 1 1 1 1 1 1 1 1 1 1 1 1 1 1 1 1 1 1 1 1 1 1 1 1 1 1 1 1 1 1 1 1 1 1 1 1 1 1 1 1 1 1 1 1 1 1 1 1 1 1 1 1 1 1 1 1 1 1 1 1 1 1 1 1 1 1 1 1 1 1 1 1 1 1 1 1 1 1 1 1 1 1 1 1 1 1 1 1 1 1 1 1 1 1 1 1 1 1 1 1 1 1 1 1 1 1 1 1 1 1 1 1 1 1 1 1 1 1 1 1 1 1 1 1 1 1 1 1 1 1 1 1 1 1 1 1 1 1 1 1 1 1 1 1 1 1 1 1 1 1 1 1 1 1 1 1 1 1 1 1 1 1 1 1 1 1 1 1 1 1 1 1 1 1 1 1 1 1 1 1 1 1 1 1 1 1 1 1 1 1 1 1 1 1 1 1 1 1 1 1 1 1 1 1 1 1 1 1 1 1 1 1 1 1 1 1 1 1 1 1 1 1 1 1 1 1 1 1 1 1 1 1 1 1 1 1 1 1 1 1 1 1 1 1 1 1 1 1 1 1 1 1 1 1 1 1 1 1 1 1 1 1 1 1 1 1 1 1 1 1 1 1 1 1 1 1 1 1 1 1 1 1 1 1 1 1 1 1 1 1 1 1 1 1 1 1 1 1 1 1 1 1 1 1 1 1 1 1 1 1 1 1 1 1 1 1 1 1 1 1 1 1 1 1 1 1 1 1 1 1 1 1 1 1 1 1 1 1 1 1 1 1 1 1 1 1 1 1 1 1 1 1 1 1 1 1 1 1 1 1 1 1 1 1 1 1 1 1 1 1 1 1 1 1 1 1 1 1 1 1 1 1 1 1 1 1 1 1 1 1 1 1 1 1 1 1 1 1 1 1 1 1 1 1 1 1 1 1 1 1 1 1 1 1 1 1 1 1 1 1 1 1 1 1 1 1 1 1 1 1 1 1 1 1 1 1 1 1 1 1 1 1 1 1 1 1 1 1 1 1 1 1 1 1 1 1 1 1 1 1 1 1 1 1 1 1 1 1 1 1 1 1 1 1 1 1 1 1 1 1 1 1 1 1 1 1 1 1 1 1 1 1 1 1 1 1 1 1 1 1 1 1 1 1 1 1 1 1 1 1 1 1 1 1 1 1 1 1 1 1 1 1 1 1 1 1 1 1 1 1 1 1 1 1 1 1 1 1 1 1 1 1 1 1 1 1 1 1 1 1 1 1 1 1 1 1 1 1 1 1 1 1 1 1 1 1 1 1 1 1 1 1 1 1 1 1 1 1 1 1 1 1 1 1 1 1 1 1 1 1 1 1 1 1 1 1 1 1 1 1 1 1 1 1 1 1 1 1 1 1 1 1 1 1 1 1 1 1 1 1 1 1 1 1 1 1 1 1 1 1 1 1 1 1 1 1 1 1 1 1 1 1 1 1 1 1 1 1 1 1 1 1 1 1 1 1 1 1 1 1 1 1 1 1 1 1 1 1 1 1 1 1 1 1 1 1 1 1 1 1 1 1 1 1 1 1 1 1 1 1 1 1 1 1 1 1 1 1 1 1 1 1 1 1 1 1 1 1 1 1 1 1 1 1 1 1 1 1 1 1 1 1 1 1 1 1 1 1 1 1 1 1 1 1 1 1 1 1 1 1 1 1 1 1 1 1 1 1 1 1 1 1 1 1 1 1 1 1 1 1 1 1 1 1 1 1 1 1 1 1 1 1 1 1 1 1 1 1 1 1 1 1 1 1 1 1 1 1 1 1 1 1 1 1 1 1 1 1 1 1 1 1 1 1 1 1 1 1 1 1 1 1 1 1 1 1 1 1 1 1 1 1 1 1 1 1 1 1 1 1 1 1 1 1 1 1 1 1 1 1 1 1 1 1 1 1 1 1 1 1 1 1 1 1 1 1 1 1 1 1 1 1 1 1 1 1 1 1 1 1 1 1 1 1 1 1 1 1 1 1 1 1 1 1 1 1 1 1 1 1 1 1 1 1 1 1 1 1 1 1 1 1 1 1 1 1 1 1 1 1 1 1 1 1 1 1 1 1 1 1 1 1 1 1 1 1 1 1 1 1 1 1 1 1 1 1 1 1 1 1 1 1 1 1 1 1 1 1 1 1 1 1 1 1 1 1 1 1 1 1 1 1 1 1 1 1 1 1 1 1 1 1 1 1 1 1 1 1 1 1 1 1 1 1 1 1 1 1 1 1 1 1 1 1 1 1 1 1 1 1 1 1 1 1 1 1 1 1 1 1 1 1 1 1 1 1 1 1 1 1 1 1 1 1 1 1 1 1 1 1 1 1 1 1 1 1 1 1 1 1 1 1 1 1 1 1 1 1 1 1 1 1 1 1 1 1 1 1 1 1 1 1 1 1 1 1 1 1 1 1 1 1 1 1 1 1 1 1 1 1 1 1 1 1 1 1 1 1 1 1 1 1 1 1 1 1 1 1 1 1 1 1 1 1 1 1 1 1 1 1 1 1 1 1 1 1 1 1 1 1 1 1 1 1 1 1 1 1 1 1 1 1 1 1 1 1 1 1 1 1 1 1 1 1 1 1 1 1 1 1 1 1 1 1 1 1 1 1 1 1 1 1 1 1 1 1 1 1 1 1 1 1 1 1 1 1 1 1 1 1 1 1 1 1 1 1 1 1 1 1 1 1 1 1 1 1 1 1 1 1 1 1 1 1 1 1 1 1 1 1 1 1 1 1 1 1 1 1 1 1 1 1 1 1 1 1 1 1 1 1 1 1 1 1 1 1 1 1 1 1 1 1 1 1 1 1 1 1 1 1 1 1 1 1 1 1 1 1 1 1 1 1 1 1 1 1 1 1 1 1 1 1 1 1 1 1 1 1 1 1 1 1 1 1 1 1 1 1 1 1 1 1 1 1 1 1 1 1 1 1 1 1 1 1 1 1 1 1 1 1 1 1 1 1 1 1 1 1 1 1 1 1 1 1 1 1 1 1 1 1 1 1 1 1 1 1 1 1 1 1 1 1 1 1 1 1 1 1 1 1 1 1 1 1 1 1 1 1 1 1 1 1 1 1 1 1 1 1 1 1 1 1 1 1 1 1 1 1 1 1 1 1 1 1 1 1 1 1 1 1 1 1 1 1 1 1 1 1 1 1 1 1 1 1 1 1 1 1 1 1 1 1 1 1 1 1 1 1 1 1 1 1 1 1 1 1 1 1 1 1 1 1 1 1 1 1 1 1 1 1 1 1 1 1 1 1 1 1 1 1 1 1 1 1 1 1 1 1 1 1 1 1 1 1 1 1 1 1 1 1 1 1 1 1 1 1 1 1 1 1 1 1 1 1 1 1 1 1 1 1 1 1 1 1 1 1 1 1 1 1 1 1 1 1 1 1 1 1 1 1 1 1 1 1 1 1 1 1 1 1 1 1 1 1 1 1 1 1 1 1 1 1 1 1 1 1 1 1 1 1 1 1 1 1 1 1 1 1 1 1 1 1 1 1 1 1 1 1 1 1 1 1 1 1 1 1 1 1 1 1 1 1 1 1 1 1 1 1 1 1 1 1 1 1 1 1 1 1 1 1 1 1 1 1 1 1 1 1 1 1 1 1 1 1 1 1 1 1 1 1 1 1 1 1 1 1 1 1 1 1 1 1 1 1 1 1 1 1 1 1 1 1 1 1 1 1 1 1 1 1 1 1 1 1 1 1 1 1 1 1 1 1 1 1 1 1 1 1 1 1 1 1 1 1 1 1 1 1 1 1 1 1 1 1 1 1 1 1 1 1 1 1 1 1 1 1 1 1 1 1 1 1 1 1 1 1 1 1 1 1 1 1 1 1 1 1 1 1 1 1 1 1 1 1 1 1 1 1 1 1 1 1 1 1 1 1 1 1 1 1 1 1 1 1 1 1 1 1 1 1 1 1 1 1 1 1 1 1 1 1 1 1 1 1 1 1 1 1 1 1 1 1 1 1 1 1 1 1 1 1 1 1 1 1 1 1 1 1 1 1 1 1 1 1 1 1 1 1 1 1 1 1 1 1 1 1 1 1 1 1 1 1 1 1 1 1 1 1 1 1 1 1 1 1 1 1 1 1 1 1 1 1 1 1 1 1 1 1 1 1 1 1 1 1 1 1 1 1 1 1 1 1 1 1 1 1 1 1 1 1 1 1 1 1 1 1 1 1 1 1 1 1 1 1 1 1 1 1 1 1 1 1 1 1 1 1 1 1 1 1 1 1 1 1 1 1 1 1 1 1 1 1 1 1 1 1 1 1 1 1 1 1 1 1 1 1 1 1 1 1 1 1 1 1 1 1 1 1 1 1 1 1 1 1 1 1 1 1 1 1 1 1 1 1 1 1 1 1 1 1 1 1 1 1 1 1 1 1 1 1 1 1 1 1 1 1 1 1 1 1 1 1 1 1 1 1 1 1 1 1 1 1 1 1 1 1 1 1 1 1 1 1 1 1 1 1 1 1 1 1 1 1 1 1 1 1 1 1 1 1 1 1 1 1 1 1 1 1 1 1 1 1 1 1 1 1 1 1 1 1 1 1 1 1 1 1 1 1 1 1 1 1 1 1 1 1 1 1 1 1 1 1 1 1 1 1 1 1 1 1 1 1 1 1 1 1 1 1 1 1 1 1 1 1 1 1 1 1 1 1 1 1 1 1 1 1 1 1 1 1 1 1 1 1 1 1 1 1 1 1 1 1 1 1 1 1 1 1 1 1 1 1 1 1 1 1 1 1 1 1 1 1 1 1 1 1 1 1 1 1 1 1 1 1 1 1 1 1 1 1 1 1 1 1 1 1 1 1 1 1 1 1 1 1 1 1 1 1 1 1 1 1 1 1 1 1 1 1 1 1 1 1 1 1 1 1 1 1 1 1 1 1 1 1 1 1 1 1 1 1 1 1 1 1 1 1 1 1 1 1 1 1 1 1 1 1 1 1 1 1 1 1 1 1 1 1 1 1 1 1 1 1 1 1 1 1 1 1 1 1 1 1 1 1 1 1 1 1 1 1 1 1 1 1 1 1 1 1 1 1 1 1 1 1 1 1 1 1 1 1 1 1 1 1 1 1 1 1 1 1 1 1 1 1 1 1 1 1 1 1 1 1 1 1 1 1 1 1 1 1 1 1 1 1 1 1 1 1 1 1 1 1 1 1 1 1 1 1 1 1 1 1 1 1 1 1 1 1 1 1 1 1 1 1 1 1 1 1 1 1 1 1 1 1 1 1 1 1 1 1 1 1 1 1 1 1 1 1 1 1 1 1 1 1 1 1 1 1 1 1 1 1 1 1 1 1 1 1 1 1 1 1 1 1 1 1 1 1 1 1 1 1 1 1 1 1 1 1 1 1 1 1 1 1 1 1 1 1 1 1 1 1 1 1 1 1 1 1 1 1 1 1 1 1 1 1 1 1 1 1 1 1 1 1 1 1 1 1 1 1 1 1 1 1 1 1 1 1 1 1 1 1 1 1 1 1 1 1 1 1 1 1 1 1 1 1 1 1 1 1 1 1 1 1 1 1 1 1 1 1 1 1 1 1 1 1 1 1 1 1 1 1 1 1 1 1 1 1 1 1 1 1 1 1 1 1 1 1 1 1 1 1 1 1 1 1 1 1 1 1 1 1 1 1 1 1 1 1 1 1 1 1 1 1 1 1 1 1 1 1 1 1 1 1 1 1 1 1 1 1 1 1 1 1 1 1 1 1 1 1 1 1 1 1 1 1 1 1 1 1 1 1 1 1 1 1 1 1 1 1 1 1 1 1 1 1 1 1 1 1 1 1 1 1 1 1 1 1 1 1 1 1 1 1 1 1 1 1 1 1 1 1 1 1 1 1 1 1 1 1 1 1 1 1 1 1 1 1 1 1 1 1 1 1 1 1 1 1 1 1 1 1 1 1 1 1 1 1 1 1 1 1 1 1 1 1 1 1 1 1 1 1 1 1 1 1 1 1 1 1 1 1 1 1 1 1 1 1 1 1 1 1 1 1 1 1 1 1 1 1 1 1 1 1 1 1 1 1 1 1 1 1 1 1 1 1 1 1 1 1 1 1 1 1 1 1 1 1 1 1 1 1 1 1 1 1 1 1 1 1 1 1 1 1 1 1 1 1 1 1 1 1 1 1 1 1 1 1 1 1 1 1 1 1 1 1 1 1 1 1 1 1 1 1 1 1 1 1 1 1 1 1 1 1 1 1 1 1 1 1 1 1 1 1 1 1 1 1 1 1 1 1 1 1 1 1 1 1 1 </float_array>
          <technique_common>
            <accessor count="4614" offset="0" source="#building-f_1-color0-array" stride="3">
              <param name="R" type="float" />
              <param name="G" type="float" />
              <param name="B" type="float" />
            </accessor>
          </technique_common>
        </source>
        <vertices id="building-f_1-vertices">
          <input semantic="POSITION" source="#building-f_1-positions" />
        </vertices>
        <polylist count="1538" material="defaultMaterial">
          <input offset="0" semantic="VERTEX" source="#building-f_1-vertices" />
          <input offset="0" semantic="NORMAL" source="#building-f_1-normals" />
          <input offset="0" semantic="TEXCOORD" source="#building-f_1-tex0" set="0" />
          <input offset="0" semantic="COLOR" source="#building-f_1-color0" set="0" />
          <vcount>3 3 3 3 3 3 3 3 3 3 3 3 3 3 3 3 3 3 3 3 3 3 3 3 3 3 3 3 3 3 3 3 3 3 3 3 3 3 3 3 3 3 3 3 3 3 3 3 3 3 3 3 3 3 3 3 3 3 3 3 3 3 3 3 3 3 3 3 3 3 3 3 3 3 3 3 3 3 3 3 3 3 3 3 3 3 3 3 3 3 3 3 3 3 3 3 3 3 3 3 3 3 3 3 3 3 3 3 3 3 3 3 3 3 3 3 3 3 3 3 3 3 3 3 3 3 3 3 3 3 3 3 3 3 3 3 3 3 3 3 3 3 3 3 3 3 3 3 3 3 3 3 3 3 3 3 3 3 3 3 3 3 3 3 3 3 3 3 3 3 3 3 3 3 3 3 3 3 3 3 3 3 3 3 3 3 3 3 3 3 3 3 3 3 3 3 3 3 3 3 3 3 3 3 3 3 3 3 3 3 3 3 3 3 3 3 3 3 3 3 3 3 3 3 3 3 3 3 3 3 3 3 3 3 3 3 3 3 3 3 3 3 3 3 3 3 3 3 3 3 3 3 3 3 3 3 3 3 3 3 3 3 3 3 3 3 3 3 3 3 3 3 3 3 3 3 3 3 3 3 3 3 3 3 3 3 3 3 3 3 3 3 3 3 3 3 3 3 3 3 3 3 3 3 3 3 3 3 3 3 3 3 3 3 3 3 3 3 3 3 3 3 3 3 3 3 3 3 3 3 3 3 3 3 3 3 3 3 3 3 3 3 3 3 3 3 3 3 3 3 3 3 3 3 3 3 3 3 3 3 3 3 3 3 3 3 3 3 3 3 3 3 3 3 3 3 3 3 3 3 3 3 3 3 3 3 3 3 3 3 3 3 3 3 3 3 3 3 3 3 3 3 3 3 3 3 3 3 3 3 3 3 3 3 3 3 3 3 3 3 3 3 3 3 3 3 3 3 3 3 3 3 3 3 3 3 3 3 3 3 3 3 3 3 3 3 3 3 3 3 3 3 3 3 3 3 3 3 3 3 3 3 3 3 3 3 3 3 3 3 3 3 3 3 3 3 3 3 3 3 3 3 3 3 3 3 3 3 3 3 3 3 3 3 3 3 3 3 3 3 3 3 3 3 3 3 3 3 3 3 3 3 3 3 3 3 3 3 3 3 3 3 3 3 3 3 3 3 3 3 3 3 3 3 3 3 3 3 3 3 3 3 3 3 3 3 3 3 3 3 3 3 3 3 3 3 3 3 3 3 3 3 3 3 3 3 3 3 3 3 3 3 3 3 3 3 3 3 3 3 3 3 3 3 3 3 3 3 3 3 3 3 3 3 3 3 3 3 3 3 3 3 3 3 3 3 3 3 3 3 3 3 3 3 3 3 3 3 3 3 3 3 3 3 3 3 3 3 3 3 3 3 3 3 3 3 3 3 3 3 3 3 3 3 3 3 3 3 3 3 3 3 3 3 3 3 3 3 3 3 3 3 3 3 3 3 3 3 3 3 3 3 3 3 3 3 3 3 3 3 3 3 3 3 3 3 3 3 3 3 3 3 3 3 3 3 3 3 3 3 3 3 3 3 3 3 3 3 3 3 3 3 3 3 3 3 3 3 3 3 3 3 3 3 3 3 3 3 3 3 3 3 3 3 3 3 3 3 3 3 3 3 3 3 3 3 3 3 3 3 3 3 3 3 3 3 3 3 3 3 3 3 3 3 3 3 3 3 3 3 3 3 3 3 3 3 3 3 3 3 3 3 3 3 3 3 3 3 3 3 3 3 3 3 3 3 3 3 3 3 3 3 3 3 3 3 3 3 3 3 3 3 3 3 3 3 3 3 3 3 3 3 3 3 3 3 3 3 3 3 3 3 3 3 3 3 3 3 3 3 3 3 3 3 3 3 3 3 3 3 3 3 3 3 3 3 3 3 3 3 3 3 3 3 3 3 3 3 3 3 3 3 3 3 3 3 3 3 3 3 3 3 3 3 3 3 3 3 3 3 3 3 3 3 3 3 3 3 3 3 3 3 3 3 3 3 3 3 3 3 3 3 3 3 3 3 3 3 3 3 3 3 3 3 3 3 3 3 3 3 3 3 3 3 3 3 3 3 3 3 3 3 3 3 3 3 3 3 3 3 3 3 3 3 3 3 3 3 3 3 3 3 3 3 3 3 3 3 3 3 3 3 3 3 3 3 3 3 3 3 3 3 3 3 3 3 3 3 3 3 3 3 3 3 3 3 3 3 3 3 3 3 3 3 3 3 3 3 3 3 3 3 3 3 3 3 3 3 3 3 3 3 3 3 3 3 3 3 3 3 3 3 3 3 3 3 3 3 3 3 3 3 3 3 3 3 3 3 3 3 3 3 3 3 3 3 3 3 3 3 3 3 3 3 3 3 3 3 3 3 3 3 3 3 3 3 3 3 3 3 3 3 3 3 3 3 3 3 3 3 3 3 3 3 3 3 3 3 3 3 3 3 3 3 3 3 3 3 3 3 3 3 3 3 3 3 3 3 3 3 3 3 3 3 3 3 3 3 3 3 3 3 3 3 3 3 3 3 3 3 3 3 3 3 3 3 3 3 3 3 3 3 3 3 3 3 3 3 3 3 3 3 3 3 3 3 3 3 3 3 3 3 3 3 3 3 3 3 3 3 3 3 3 3 3 3 3 3 3 3 3 3 3 3 3 3 3 3 3 3 3 3 3 3 3 3 3 3 3 3 3 3 3 3 3 3 3 3 3 3 3 3 3 3 3 3 3 3 3 3 3 3 3 3 3 3 3 3 3 3 3 3 3 3 3 3 3 3 3 3 3 3 3 3 3 3 3 3 3 3 3 3 3 3 3 3 3 3 3 3 3 3 3 3 3 3 3 3 3 3 3 3 3 3 3 3 3 3 3 3 3 3 3 3 3 3 3 3 3 3 3 3 3 3 3 3 3 3 3 3 3 3 3 3 3 3 3 3 3 3 3 3 3 3 3 3 3 3 3 3 3 3 3 3 3 3 3 3 3 3 3 3 3 3 3 3 3 3 3 3 3 3 3 3 3 3 3 3 3 3 3 3 3 3 3 3 3 3 3 3 3 3 3 3 3 3 3 3 3 3 3 3 3 3 3 3 3 3 3 3 3 3 3 3 3 3 3 3 3 3 3 3 3 3 3 3 3 3 3 3 3 3 3 3 3 3 3 3 3 3 3 3 3 3 3 3 3 3 3 3 3 3 3 3 3 3 3 3 3 3 3 3 3 3 3 3 3 3 3 3 3 3 3 3 3 3 3 3 3 3 3 3 3 3 3 3 3 3 3 3 3 3 3 3 3 3 3 3 3 3 3 3 3 3 3 3 3 3 3 3 3 3 3 3 3 3 3 3 3 3 3 3 3 3 3 3 3 3 3 3 3 3 3 3 3 3 3 3 3 3 3 3 3 3 3 3 3 3 3 3 3 3 3 3 3 3 3 3 </vcount>
          <p>0 1 2 3 4 5 6 7 8 9 10 11 12 13 14 15 16 17 18 19 20 21 22 23 24 25 26 27 28 29 30 31 32 33 34 35 36 37 38 39 40 41 42 43 44 45 46 47 48 49 50 51 52 53 54 55 56 57 58 59 60 61 62 63 64 65 66 67 68 69 70 71 72 73 74 75 76 77 78 79 80 81 82 83 84 85 86 87 88 89 90 91 92 93 94 95 96 97 98 99 100 101 102 103 104 105 106 107 108 109 110 111 112 113 114 115 116 117 118 119 120 121 122 123 124 125 126 127 128 129 130 131 132 133 134 135 136 137 138 139 140 141 142 143 144 145 146 147 148 149 150 151 152 153 154 155 156 157 158 159 160 161 162 163 164 165 166 167 168 169 170 171 172 173 174 175 176 177 178 179 180 181 182 183 184 185 186 187 188 189 190 191 192 193 194 195 196 197 198 199 200 201 202 203 204 205 206 207 208 209 210 211 212 213 214 215 216 217 218 219 220 221 222 223 224 225 226 227 228 229 230 231 232 233 234 235 236 237 238 239 240 241 242 243 244 245 246 247 248 249 250 251 252 253 254 255 256 257 258 259 260 261 262 263 264 265 266 267 268 269 270 271 272 273 274 275 276 277 278 279 280 281 282 283 284 285 286 287 288 289 290 291 292 293 294 295 296 297 298 299 300 301 302 303 304 305 306 307 308 309 310 311 312 313 314 315 316 317 318 319 320 321 322 323 324 325 326 327 328 329 330 331 332 333 334 335 336 337 338 339 340 341 342 343 344 345 346 347 348 349 350 351 352 353 354 355 356 357 358 359 360 361 362 363 364 365 366 367 368 369 370 371 372 373 374 375 376 377 378 379 380 381 382 383 384 385 386 387 388 389 390 391 392 393 394 395 396 397 398 399 400 401 402 403 404 405 406 407 408 409 410 411 412 413 414 415 416 417 418 419 420 421 422 423 424 425 426 427 428 429 430 431 432 433 434 435 436 437 438 439 440 441 442 443 444 445 446 447 448 449 450 451 452 453 454 455 456 457 458 459 460 461 462 463 464 465 466 467 468 469 470 471 472 473 474 475 476 477 478 479 480 481 482 483 484 485 486 487 488 489 490 491 492 493 494 495 496 497 498 499 500 501 502 503 504 505 506 507 508 509 510 511 512 513 514 515 516 517 518 519 520 521 522 523 524 525 526 527 528 529 530 531 532 533 534 535 536 537 538 539 540 541 542 543 544 545 546 547 548 549 550 551 552 553 554 555 556 557 558 559 560 561 562 563 564 565 566 567 568 569 570 571 572 573 574 575 576 577 578 579 580 581 582 583 584 585 586 587 588 589 590 591 592 593 594 595 596 597 598 599 600 601 602 603 604 605 606 607 608 609 610 611 612 613 614 615 616 617 618 619 620 621 622 623 624 625 626 627 628 629 630 631 632 633 634 635 636 637 638 639 640 641 642 643 644 645 646 647 648 649 650 651 652 653 654 655 656 657 658 659 660 661 662 663 664 665 666 667 668 669 670 671 672 673 674 675 676 677 678 679 680 681 682 683 684 685 686 687 688 689 690 691 692 693 694 695 696 697 698 699 700 701 702 703 704 705 706 707 708 709 710 711 712 713 714 715 716 717 718 719 720 721 722 723 724 725 726 727 728 729 730 731 732 733 734 735 736 737 738 739 740 741 742 743 744 745 746 747 748 749 750 751 752 753 754 755 756 757 758 759 760 761 762 763 764 765 766 767 768 769 770 771 772 773 774 775 776 777 778 779 780 781 782 783 784 785 786 787 788 789 790 791 792 793 794 795 796 797 798 799 800 801 802 803 804 805 806 807 808 809 810 811 812 813 814 815 816 817 818 819 820 821 822 823 824 825 826 827 828 829 830 831 832 833 834 835 836 837 838 839 840 841 842 843 844 845 846 847 848 849 850 851 852 853 854 855 856 857 858 859 860 861 862 863 864 865 866 867 868 869 870 871 872 873 874 875 876 877 878 879 880 881 882 883 884 885 886 887 888 889 890 891 892 893 894 895 896 897 898 899 900 901 902 903 904 905 906 907 908 909 910 911 912 913 914 915 916 917 918 919 920 921 922 923 924 925 926 927 928 929 930 931 932 933 934 935 936 937 938 939 940 941 942 943 944 945 946 947 948 949 950 951 952 953 954 955 956 957 958 959 960 961 962 963 964 965 966 967 968 969 970 971 972 973 974 975 976 977 978 979 980 981 982 983 984 985 986 987 988 989 990 991 992 993 994 995 996 997 998 999 1000 1001 1002 1003 1004 1005 1006 1007 1008 1009 1010 1011 1012 1013 1014 1015 1016 1017 1018 1019 1020 1021 1022 1023 1024 1025 1026 1027 1028 1029 1030 1031 1032 1033 1034 1035 1036 1037 1038 1039 1040 1041 1042 1043 1044 1045 1046 1047 1048 1049 1050 1051 1052 1053 1054 1055 1056 1057 1058 1059 1060 1061 1062 1063 1064 1065 1066 1067 1068 1069 1070 1071 1072 1073 1074 1075 1076 1077 1078 1079 1080 1081 1082 1083 1084 1085 1086 1087 1088 1089 1090 1091 1092 1093 1094 1095 1096 1097 1098 1099 1100 1101 1102 1103 1104 1105 1106 1107 1108 1109 1110 1111 1112 1113 1114 1115 1116 1117 1118 1119 1120 1121 1122 1123 1124 1125 1126 1127 1128 1129 1130 1131 1132 1133 1134 1135 1136 1137 1138 1139 1140 1141 1142 1143 1144 1145 1146 1147 1148 1149 1150 1151 1152 1153 1154 1155 1156 1157 1158 1159 1160 1161 1162 1163 1164 1165 1166 1167 1168 1169 1170 1171 1172 1173 1174 1175 1176 1177 1178 1179 1180 1181 1182 1183 1184 1185 1186 1187 1188 1189 1190 1191 1192 1193 1194 1195 1196 1197 1198 1199 1200 1201 1202 1203 1204 1205 1206 1207 1208 1209 1210 1211 1212 1213 1214 1215 1216 1217 1218 1219 1220 1221 1222 1223 1224 1225 1226 1227 1228 1229 1230 1231 1232 1233 1234 1235 1236 1237 1238 1239 1240 1241 1242 1243 1244 1245 1246 1247 1248 1249 1250 1251 1252 1253 1254 1255 1256 1257 1258 1259 1260 1261 1262 1263 1264 1265 1266 1267 1268 1269 1270 1271 1272 1273 1274 1275 1276 1277 1278 1279 1280 1281 1282 1283 1284 1285 1286 1287 1288 1289 1290 1291 1292 1293 1294 1295 1296 1297 1298 1299 1300 1301 1302 1303 1304 1305 1306 1307 1308 1309 1310 1311 1312 1313 1314 1315 1316 1317 1318 1319 1320 1321 1322 1323 1324 1325 1326 1327 1328 1329 1330 1331 1332 1333 1334 1335 1336 1337 1338 1339 1340 1341 1342 1343 1344 1345 1346 1347 1348 1349 1350 1351 1352 1353 1354 1355 1356 1357 1358 1359 1360 1361 1362 1363 1364 1365 1366 1367 1368 1369 1370 1371 1372 1373 1374 1375 1376 1377 1378 1379 1380 1381 1382 1383 1384 1385 1386 1387 1388 1389 1390 1391 1392 1393 1394 1395 1396 1397 1398 1399 1400 1401 1402 1403 1404 1405 1406 1407 1408 1409 1410 1411 1412 1413 1414 1415 1416 1417 1418 1419 1420 1421 1422 1423 1424 1425 1426 1427 1428 1429 1430 1431 1432 1433 1434 1435 1436 1437 1438 1439 1440 1441 1442 1443 1444 1445 1446 1447 1448 1449 1450 1451 1452 1453 1454 1455 1456 1457 1458 1459 1460 1461 1462 1463 1464 1465 1466 1467 1468 1469 1470 1471 1472 1473 1474 1475 1476 1477 1478 1479 1480 1481 1482 1483 1484 1485 1486 1487 1488 1489 1490 1491 1492 1493 1494 1495 1496 1497 1498 1499 1500 1501 1502 1503 1504 1505 1506 1507 1508 1509 1510 1511 1512 1513 1514 1515 1516 1517 1518 1519 1520 1521 1522 1523 1524 1525 1526 1527 1528 1529 1530 1531 1532 1533 1534 1535 1536 1537 1538 1539 1540 1541 1542 1543 1544 1545 1546 1547 1548 1549 1550 1551 1552 1553 1554 1555 1556 1557 1558 1559 1560 1561 1562 1563 1564 1565 1566 1567 1568 1569 1570 1571 1572 1573 1574 1575 1576 1577 1578 1579 1580 1581 1582 1583 1584 1585 1586 1587 1588 1589 1590 1591 1592 1593 1594 1595 1596 1597 1598 1599 1600 1601 1602 1603 1604 1605 1606 1607 1608 1609 1610 1611 1612 1613 1614 1615 1616 1617 1618 1619 1620 1621 1622 1623 1624 1625 1626 1627 1628 1629 1630 1631 1632 1633 1634 1635 1636 1637 1638 1639 1640 1641 1642 1643 1644 1645 1646 1647 1648 1649 1650 1651 1652 1653 1654 1655 1656 1657 1658 1659 1660 1661 1662 1663 1664 1665 1666 1667 1668 1669 1670 1671 1672 1673 1674 1675 1676 1677 1678 1679 1680 1681 1682 1683 1684 1685 1686 1687 1688 1689 1690 1691 1692 1693 1694 1695 1696 1697 1698 1699 1700 1701 1702 1703 1704 1705 1706 1707 1708 1709 1710 1711 1712 1713 1714 1715 1716 1717 1718 1719 1720 1721 1722 1723 1724 1725 1726 1727 1728 1729 1730 1731 1732 1733 1734 1735 1736 1737 1738 1739 1740 1741 1742 1743 1744 1745 1746 1747 1748 1749 1750 1751 1752 1753 1754 1755 1756 1757 1758 1759 1760 1761 1762 1763 1764 1765 1766 1767 1768 1769 1770 1771 1772 1773 1774 1775 1776 1777 1778 1779 1780 1781 1782 1783 1784 1785 1786 1787 1788 1789 1790 1791 1792 1793 1794 1795 1796 1797 1798 1799 1800 1801 1802 1803 1804 1805 1806 1807 1808 1809 1810 1811 1812 1813 1814 1815 1816 1817 1818 1819 1820 1821 1822 1823 1824 1825 1826 1827 1828 1829 1830 1831 1832 1833 1834 1835 1836 1837 1838 1839 1840 1841 1842 1843 1844 1845 1846 1847 1848 1849 1850 1851 1852 1853 1854 1855 1856 1857 1858 1859 1860 1861 1862 1863 1864 1865 1866 1867 1868 1869 1870 1871 1872 1873 1874 1875 1876 1877 1878 1879 1880 1881 1882 1883 1884 1885 1886 1887 1888 1889 1890 1891 1892 1893 1894 1895 1896 1897 1898 1899 1900 1901 1902 1903 1904 1905 1906 1907 1908 1909 1910 1911 1912 1913 1914 1915 1916 1917 1918 1919 1920 1921 1922 1923 1924 1925 1926 1927 1928 1929 1930 1931 1932 1933 1934 1935 1936 1937 1938 1939 1940 1941 1942 1943 1944 1945 1946 1947 1948 1949 1950 1951 1952 1953 1954 1955 1956 1957 1958 1959 1960 1961 1962 1963 1964 1965 1966 1967 1968 1969 1970 1971 1972 1973 1974 1975 1976 1977 1978 1979 1980 1981 1982 1983 1984 1985 1986 1987 1988 1989 1990 1991 1992 1993 1994 1995 1996 1997 1998 1999 2000 2001 2002 2003 2004 2005 2006 2007 2008 2009 2010 2011 2012 2013 2014 2015 2016 2017 2018 2019 2020 2021 2022 2023 2024 2025 2026 2027 2028 2029 2030 2031 2032 2033 2034 2035 2036 2037 2038 2039 2040 2041 2042 2043 2044 2045 2046 2047 2048 2049 2050 2051 2052 2053 2054 2055 2056 2057 2058 2059 2060 2061 2062 2063 2064 2065 2066 2067 2068 2069 2070 2071 2072 2073 2074 2075 2076 2077 2078 2079 2080 2081 2082 2083 2084 2085 2086 2087 2088 2089 2090 2091 2092 2093 2094 2095 2096 2097 2098 2099 2100 2101 2102 2103 2104 2105 2106 2107 2108 2109 2110 2111 2112 2113 2114 2115 2116 2117 2118 2119 2120 2121 2122 2123 2124 2125 2126 2127 2128 2129 2130 2131 2132 2133 2134 2135 2136 2137 2138 2139 2140 2141 2142 2143 2144 2145 2146 2147 2148 2149 2150 2151 2152 2153 2154 2155 2156 2157 2158 2159 2160 2161 2162 2163 2164 2165 2166 2167 2168 2169 2170 2171 2172 2173 2174 2175 2176 2177 2178 2179 2180 2181 2182 2183 2184 2185 2186 2187 2188 2189 2190 2191 2192 2193 2194 2195 2196 2197 2198 2199 2200 2201 2202 2203 2204 2205 2206 2207 2208 2209 2210 2211 2212 2213 2214 2215 2216 2217 2218 2219 2220 2221 2222 2223 2224 2225 2226 2227 2228 2229 2230 2231 2232 2233 2234 2235 2236 2237 2238 2239 2240 2241 2242 2243 2244 2245 2246 2247 2248 2249 2250 2251 2252 2253 2254 2255 2256 2257 2258 2259 2260 2261 2262 2263 2264 2265 2266 2267 2268 2269 2270 2271 2272 2273 2274 2275 2276 2277 2278 2279 2280 2281 2282 2283 2284 2285 2286 2287 2288 2289 2290 2291 2292 2293 2294 2295 2296 2297 2298 2299 2300 2301 2302 2303 2304 2305 2306 2307 2308 2309 2310 2311 2312 2313 2314 2315 2316 2317 2318 2319 2320 2321 2322 2323 2324 2325 2326 2327 2328 2329 2330 2331 2332 2333 2334 2335 2336 2337 2338 2339 2340 2341 2342 2343 2344 2345 2346 2347 2348 2349 2350 2351 2352 2353 2354 2355 2356 2357 2358 2359 2360 2361 2362 2363 2364 2365 2366 2367 2368 2369 2370 2371 2372 2373 2374 2375 2376 2377 2378 2379 2380 2381 2382 2383 2384 2385 2386 2387 2388 2389 2390 2391 2392 2393 2394 2395 2396 2397 2398 2399 2400 2401 2402 2403 2404 2405 2406 2407 2408 2409 2410 2411 2412 2413 2414 2415 2416 2417 2418 2419 2420 2421 2422 2423 2424 2425 2426 2427 2428 2429 2430 2431 2432 2433 2434 2435 2436 2437 2438 2439 2440 2441 2442 2443 2444 2445 2446 2447 2448 2449 2450 2451 2452 2453 2454 2455 2456 2457 2458 2459 2460 2461 2462 2463 2464 2465 2466 2467 2468 2469 2470 2471 2472 2473 2474 2475 2476 2477 2478 2479 2480 2481 2482 2483 2484 2485 2486 2487 2488 2489 2490 2491 2492 2493 2494 2495 2496 2497 2498 2499 2500 2501 2502 2503 2504 2505 2506 2507 2508 2509 2510 2511 2512 2513 2514 2515 2516 2517 2518 2519 2520 2521 2522 2523 2524 2525 2526 2527 2528 2529 2530 2531 2532 2533 2534 2535 2536 2537 2538 2539 2540 2541 2542 2543 2544 2545 2546 2547 2548 2549 2550 2551 2552 2553 2554 2555 2556 2557 2558 2559 2560 2561 2562 2563 2564 2565 2566 2567 2568 2569 2570 2571 2572 2573 2574 2575 2576 2577 2578 2579 2580 2581 2582 2583 2584 2585 2586 2587 2588 2589 2590 2591 2592 2593 2594 2595 2596 2597 2598 2599 2600 2601 2602 2603 2604 2605 2606 2607 2608 2609 2610 2611 2612 2613 2614 2615 2616 2617 2618 2619 2620 2621 2622 2623 2624 2625 2626 2627 2628 2629 2630 2631 2632 2633 2634 2635 2636 2637 2638 2639 2640 2641 2642 2643 2644 2645 2646 2647 2648 2649 2650 2651 2652 2653 2654 2655 2656 2657 2658 2659 2660 2661 2662 2663 2664 2665 2666 2667 2668 2669 2670 2671 2672 2673 2674 2675 2676 2677 2678 2679 2680 2681 2682 2683 2684 2685 2686 2687 2688 2689 2690 2691 2692 2693 2694 2695 2696 2697 2698 2699 2700 2701 2702 2703 2704 2705 2706 2707 2708 2709 2710 2711 2712 2713 2714 2715 2716 2717 2718 2719 2720 2721 2722 2723 2724 2725 2726 2727 2728 2729 2730 2731 2732 2733 2734 2735 2736 2737 2738 2739 2740 2741 2742 2743 2744 2745 2746 2747 2748 2749 2750 2751 2752 2753 2754 2755 2756 2757 2758 2759 2760 2761 2762 2763 2764 2765 2766 2767 2768 2769 2770 2771 2772 2773 2774 2775 2776 2777 2778 2779 2780 2781 2782 2783 2784 2785 2786 2787 2788 2789 2790 2791 2792 2793 2794 2795 2796 2797 2798 2799 2800 2801 2802 2803 2804 2805 2806 2807 2808 2809 2810 2811 2812 2813 2814 2815 2816 2817 2818 2819 2820 2821 2822 2823 2824 2825 2826 2827 2828 2829 2830 2831 2832 2833 2834 2835 2836 2837 2838 2839 2840 2841 2842 2843 2844 2845 2846 2847 2848 2849 2850 2851 2852 2853 2854 2855 2856 2857 2858 2859 2860 2861 2862 2863 2864 2865 2866 2867 2868 2869 2870 2871 2872 2873 2874 2875 2876 2877 2878 2879 2880 2881 2882 2883 2884 2885 2886 2887 2888 2889 2890 2891 2892 2893 2894 2895 2896 2897 2898 2899 2900 2901 2902 2903 2904 2905 2906 2907 2908 2909 2910 2911 2912 2913 2914 2915 2916 2917 2918 2919 2920 2921 2922 2923 2924 2925 2926 2927 2928 2929 2930 2931 2932 2933 2934 2935 2936 2937 2938 2939 2940 2941 2942 2943 2944 2945 2946 2947 2948 2949 2950 2951 2952 2953 2954 2955 2956 2957 2958 2959 2960 2961 2962 2963 2964 2965 2966 2967 2968 2969 2970 2971 2972 2973 2974 2975 2976 2977 2978 2979 2980 2981 2982 2983 2984 2985 2986 2987 2988 2989 2990 2991 2992 2993 2994 2995 2996 2997 2998 2999 3000 3001 3002 3003 3004 3005 3006 3007 3008 3009 3010 3011 3012 3013 3014 3015 3016 3017 3018 3019 3020 3021 3022 3023 3024 3025 3026 3027 3028 3029 3030 3031 3032 3033 3034 3035 3036 3037 3038 3039 3040 3041 3042 3043 3044 3045 3046 3047 3048 3049 3050 3051 3052 3053 3054 3055 3056 3057 3058 3059 3060 3061 3062 3063 3064 3065 3066 3067 3068 3069 3070 3071 3072 3073 3074 3075 3076 3077 3078 3079 3080 3081 3082 3083 3084 3085 3086 3087 3088 3089 3090 3091 3092 3093 3094 3095 3096 3097 3098 3099 3100 3101 3102 3103 3104 3105 3106 3107 3108 3109 3110 3111 3112 3113 3114 3115 3116 3117 3118 3119 3120 3121 3122 3123 3124 3125 3126 3127 3128 3129 3130 3131 3132 3133 3134 3135 3136 3137 3138 3139 3140 3141 3142 3143 3144 3145 3146 3147 3148 3149 3150 3151 3152 3153 3154 3155 3156 3157 3158 3159 3160 3161 3162 3163 3164 3165 3166 3167 3168 3169 3170 3171 3172 3173 3174 3175 3176 3177 3178 3179 3180 3181 3182 3183 3184 3185 3186 3187 3188 3189 3190 3191 3192 3193 3194 3195 3196 3197 3198 3199 3200 3201 3202 3203 3204 3205 3206 3207 3208 3209 3210 3211 3212 3213 3214 3215 3216 3217 3218 3219 3220 3221 3222 3223 3224 3225 3226 3227 3228 3229 3230 3231 3232 3233 3234 3235 3236 3237 3238 3239 3240 3241 3242 3243 3244 3245 3246 3247 3248 3249 3250 3251 3252 3253 3254 3255 3256 3257 3258 3259 3260 3261 3262 3263 3264 3265 3266 3267 3268 3269 3270 3271 3272 3273 3274 3275 3276 3277 3278 3279 3280 3281 3282 3283 3284 3285 3286 3287 3288 3289 3290 3291 3292 3293 3294 3295 3296 3297 3298 3299 3300 3301 3302 3303 3304 3305 3306 3307 3308 3309 3310 3311 3312 3313 3314 3315 3316 3317 3318 3319 3320 3321 3322 3323 3324 3325 3326 3327 3328 3329 3330 3331 3332 3333 3334 3335 3336 3337 3338 3339 3340 3341 3342 3343 3344 3345 3346 3347 3348 3349 3350 3351 3352 3353 3354 3355 3356 3357 3358 3359 3360 3361 3362 3363 3364 3365 3366 3367 3368 3369 3370 3371 3372 3373 3374 3375 3376 3377 3378 3379 3380 3381 3382 3383 3384 3385 3386 3387 3388 3389 3390 3391 3392 3393 3394 3395 3396 3397 3398 3399 3400 3401 3402 3403 3404 3405 3406 3407 3408 3409 3410 3411 3412 3413 3414 3415 3416 3417 3418 3419 3420 3421 3422 3423 3424 3425 3426 3427 3428 3429 3430 3431 3432 3433 3434 3435 3436 3437 3438 3439 3440 3441 3442 3443 3444 3445 3446 3447 3448 3449 3450 3451 3452 3453 3454 3455 3456 3457 3458 3459 3460 3461 3462 3463 3464 3465 3466 3467 3468 3469 3470 3471 3472 3473 3474 3475 3476 3477 3478 3479 3480 3481 3482 3483 3484 3485 3486 3487 3488 3489 3490 3491 3492 3493 3494 3495 3496 3497 3498 3499 3500 3501 3502 3503 3504 3505 3506 3507 3508 3509 3510 3511 3512 3513 3514 3515 3516 3517 3518 3519 3520 3521 3522 3523 3524 3525 3526 3527 3528 3529 3530 3531 3532 3533 3534 3535 3536 3537 3538 3539 3540 3541 3542 3543 3544 3545 3546 3547 3548 3549 3550 3551 3552 3553 3554 3555 3556 3557 3558 3559 3560 3561 3562 3563 3564 3565 3566 3567 3568 3569 3570 3571 3572 3573 3574 3575 3576 3577 3578 3579 3580 3581 3582 3583 3584 3585 3586 3587 3588 3589 3590 3591 3592 3593 3594 3595 3596 3597 3598 3599 3600 3601 3602 3603 3604 3605 3606 3607 3608 3609 3610 3611 3612 3613 3614 3615 3616 3617 3618 3619 3620 3621 3622 3623 3624 3625 3626 3627 3628 3629 3630 3631 3632 3633 3634 3635 3636 3637 3638 3639 3640 3641 3642 3643 3644 3645 3646 3647 3648 3649 3650 3651 3652 3653 3654 3655 3656 3657 3658 3659 3660 3661 3662 3663 3664 3665 3666 3667 3668 3669 3670 3671 3672 3673 3674 3675 3676 3677 3678 3679 3680 3681 3682 3683 3684 3685 3686 3687 3688 3689 3690 3691 3692 3693 3694 3695 3696 3697 3698 3699 3700 3701 3702 3703 3704 3705 3706 3707 3708 3709 3710 3711 3712 3713 3714 3715 3716 3717 3718 3719 3720 3721 3722 3723 3724 3725 3726 3727 3728 3729 3730 3731 3732 3733 3734 3735 3736 3737 3738 3739 3740 3741 3742 3743 3744 3745 3746 3747 3748 3749 3750 3751 3752 3753 3754 3755 3756 3757 3758 3759 3760 3761 3762 3763 3764 3765 3766 3767 3768 3769 3770 3771 3772 3773 3774 3775 3776 3777 3778 3779 3780 3781 3782 3783 3784 3785 3786 3787 3788 3789 3790 3791 3792 3793 3794 3795 3796 3797 3798 3799 3800 3801 3802 3803 3804 3805 3806 3807 3808 3809 3810 3811 3812 3813 3814 3815 3816 3817 3818 3819 3820 3821 3822 3823 3824 3825 3826 3827 3828 3829 3830 3831 3832 3833 3834 3835 3836 3837 3838 3839 3840 3841 3842 3843 3844 3845 3846 3847 3848 3849 3850 3851 3852 3853 3854 3855 3856 3857 3858 3859 3860 3861 3862 3863 3864 3865 3866 3867 3868 3869 3870 3871 3872 3873 3874 3875 3876 3877 3878 3879 3880 3881 3882 3883 3884 3885 3886 3887 3888 3889 3890 3891 3892 3893 3894 3895 3896 3897 3898 3899 3900 3901 3902 3903 3904 3905 3906 3907 3908 3909 3910 3911 3912 3913 3914 3915 3916 3917 3918 3919 3920 3921 3922 3923 3924 3925 3926 3927 3928 3929 3930 3931 3932 3933 3934 3935 3936 3937 3938 3939 3940 3941 3942 3943 3944 3945 3946 3947 3948 3949 3950 3951 3952 3953 3954 3955 3956 3957 3958 3959 3960 3961 3962 3963 3964 3965 3966 3967 3968 3969 3970 3971 3972 3973 3974 3975 3976 3977 3978 3979 3980 3981 3982 3983 3984 3985 3986 3987 3988 3989 3990 3991 3992 3993 3994 3995 3996 3997 3998 3999 4000 4001 4002 4003 4004 4005 4006 4007 4008 4009 4010 4011 4012 4013 4014 4015 4016 4017 4018 4019 4020 4021 4022 4023 4024 4025 4026 4027 4028 4029 4030 4031 4032 4033 4034 4035 4036 4037 4038 4039 4040 4041 4042 4043 4044 4045 4046 4047 4048 4049 4050 4051 4052 4053 4054 4055 4056 4057 4058 4059 4060 4061 4062 4063 4064 4065 4066 4067 4068 4069 4070 4071 4072 4073 4074 4075 4076 4077 4078 4079 4080 4081 4082 4083 4084 4085 4086 4087 4088 4089 4090 4091 4092 4093 4094 4095 4096 4097 4098 4099 4100 4101 4102 4103 4104 4105 4106 4107 4108 4109 4110 4111 4112 4113 4114 4115 4116 4117 4118 4119 4120 4121 4122 4123 4124 4125 4126 4127 4128 4129 4130 4131 4132 4133 4134 4135 4136 4137 4138 4139 4140 4141 4142 4143 4144 4145 4146 4147 4148 4149 4150 4151 4152 4153 4154 4155 4156 4157 4158 4159 4160 4161 4162 4163 4164 4165 4166 4167 4168 4169 4170 4171 4172 4173 4174 4175 4176 4177 4178 4179 4180 4181 4182 4183 4184 4185 4186 4187 4188 4189 4190 4191 4192 4193 4194 4195 4196 4197 4198 4199 4200 4201 4202 4203 4204 4205 4206 4207 4208 4209 4210 4211 4212 4213 4214 4215 4216 4217 4218 4219 4220 4221 4222 4223 4224 4225 4226 4227 4228 4229 4230 4231 4232 4233 4234 4235 4236 4237 4238 4239 4240 4241 4242 4243 4244 4245 4246 4247 4248 4249 4250 4251 4252 4253 4254 4255 4256 4257 4258 4259 4260 4261 4262 4263 4264 4265 4266 4267 4268 4269 4270 4271 4272 4273 4274 4275 4276 4277 4278 4279 4280 4281 4282 4283 4284 4285 4286 4287 4288 4289 4290 4291 4292 4293 4294 4295 4296 4297 4298 4299 4300 4301 4302 4303 4304 4305 4306 4307 4308 4309 4310 4311 4312 4313 4314 4315 4316 4317 4318 4319 4320 4321 4322 4323 4324 4325 4326 4327 4328 4329 4330 4331 4332 4333 4334 4335 4336 4337 4338 4339 4340 4341 4342 4343 4344 4345 4346 4347 4348 4349 4350 4351 4352 4353 4354 4355 4356 4357 4358 4359 4360 4361 4362 4363 4364 4365 4366 4367 4368 4369 4370 4371 4372 4373 4374 4375 4376 4377 4378 4379 4380 4381 4382 4383 4384 4385 4386 4387 4388 4389 4390 4391 4392 4393 4394 4395 4396 4397 4398 4399 4400 4401 4402 4403 4404 4405 4406 4407 4408 4409 4410 4411 4412 4413 4414 4415 4416 4417 4418 4419 4420 4421 4422 4423 4424 4425 4426 4427 4428 4429 4430 4431 4432 4433 4434 4435 4436 4437 4438 4439 4440 4441 4442 4443 4444 4445 4446 4447 4448 4449 4450 4451 4452 4453 4454 4455 4456 4457 4458 4459 4460 4461 4462 4463 4464 4465 4466 4467 4468 4469 4470 4471 4472 4473 4474 4475 4476 4477 4478 4479 4480 4481 4482 4483 4484 4485 4486 4487 4488 4489 4490 4491 4492 4493 4494 4495 4496 4497 4498 4499 4500 4501 4502 4503 4504 4505 4506 4507 4508 4509 4510 4511 4512 4513 4514 4515 4516 4517 4518 4519 4520 4521 4522 4523 4524 4525 4526 4527 4528 4529 4530 4531 4532 4533 4534 4535 4536 4537 4538 4539 4540 4541 4542 4543 4544 4545 4546 4547 4548 4549 4550 4551 4552 4553 4554 4555 4556 4557 4558 4559 4560 4561 4562 4563 4564 4565 4566 4567 4568 4569 4570 4571 4572 4573 4574 4575 4576 4577 4578 4579 4580 4581 4582 4583 4584 4585 4586 4587 4588 4589 4590 4591 4592 4593 4594 4595 4596 4597 4598 4599 4600 4601 4602 4603 4604 4605 4606 4607 4608 4609 4610 4611 4612 4613 </p>
        </polylist>
      </mesh>
    </geometry>
    <geometry id="colormap-specular_1" name="colormap-specular" >
      <mesh>
        <source id="colormap-specular_1-positions" name="colormap-specular_1-positions">
          <float_array id="colormap-specular_1-positions-array" count="126"> -0.898206115 0.995149314 0.337059289 -0.718205988 1.06604505 0.620642126 -0.718206108 0.995149314 0.3370592 -0.718205988 1.06604505 0.620642126 -0.898206115 0.995149314 0.337059289 -0.898206115 1.06604505 0.620642185 -0.438206106 0.995149314 0.337059289 -0.25820601 1.06604505 0.620642126 -0.258206099 0.995149314 0.3370592 -0.25820601 1.06604505 0.620642126 -0.438206106 0.995149314 0.337059289 -0.438205987 1.06604505 0.620642185 0.121794097 0.25 -0.305999994 0.321794093 0.150000006 -0.305999994 0.121794097 0.150000006 -0.305999994 0.321794093 0.150000006 -0.305999994 0.121794097 0.25 -0.305999994 0.321794093 0.25 -0.305999994 -0.678206086 0.25 -0.305999994 -0.478206098 0.25 -0.305999994 -0.678206086 0.150000006 -0.305999994 -0.478206098 0.150000006 -0.305999994 -0.678206086 0.150000006 -0.305999994 -0.478206098 0.25 -0.305999994 -1.15820599 0.75 0.324000001 -1.15820599 0.699999988 0.224000007 -1.15820599 0.699999988 0.324000001 -1.15820599 0.699999988 0.224000007 -1.15820599 0.75 0.324000001 -1.15820599 0.75 0.224000007 -0.278205991 0.0199999996 -0.305999994 -0.188206002 0.25 -0.305999994 -0.188206002 0.0199999996 -0.305999994 -0.188206002 0.25 -0.305999994 -0.278205991 0.0199999996 -0.305999994 -0.278205991 0.25 -0.305999994 -0.168206006 0.0199999996 -0.305999994 -0.0782059729 0.25 -0.305999994 -0.0782059729 0.0199999996 -0.305999994 -0.0782059729 0.25 -0.305999994 -0.168206006 0.0199999996 -0.305999994 -0.168206006 0.25 -0.305999994 </float_array>
          <technique_common>
            <accessor count="42" offset="0" source="#colormap-specular_1-positions-array" stride="3">
              <param name="X" type="float" />
              <param name="Y" type="float" />
              <param name="Z" type="float" />
            </accessor>
          </technique_common>
        </source>
        <source id="colormap-specular_1-normals" name="colormap-specular_1-normals">
          <float_array id="colormap-specular_1-normals-array" count="126"> -2.89125008e-08 0.970142484 -0.242535695 -2.89125008e-08 0.970142484 -0.242535695 -2.89125008e-08 0.970142484 -0.242535695 -2.89125008e-08 0.970142484 -0.242535695 -2.89125008e-08 0.970142484 -0.242535695 -2.89125008e-08 0.970142484 -0.242535695 -2.89125008e-08 0.970142484 -0.242535695 -2.89125008e-08 0.970142484 -0.242535695 -2.89125008e-08 0.970142484 -0.242535695 -2.89125008e-08 0.970142484 -0.242535695 -2.89125008e-08 0.970142484 -0.242535695 -2.89125008e-08 0.970142484 -0.242535695 0 0 -1 0 0 -1 0 0 -1 0 0 -1 0 0 -1 0 0 -1 -2.65039099e-14 0 -1 -2.65039099e-14 0 -1 -2.65039099e-14 0 -1 -2.65039099e-14 0 -1 -2.65039099e-14 0 -1 -2.65039099e-14 0 -1 -1 0 1.19209304e-07 -1 0 1.19209304e-07 -1 0 1.19209304e-07 -1 0 1.19209304e-07 -1 0 1.19209304e-07 -1 0 1.19209304e-07 0 0 -1 0 0 -1 0 0 -1 0 0 -1 0 0 -1 0 0 -1 0 0 -1 0 0 -1 0 0 -1 0 0 -1 0 0 -1 0 0 -1 </float_array>
          <technique_common>
            <accessor count="42" offset="0" source="#colormap-specular_1-normals-array" stride="3">
              <param name="X" type="float" />
              <param name="Y" type="float" />
              <param name="Z" type="float" />
            </accessor>
          </technique_common>
        </source>
        <source id="colormap-specular_1-tex0" name="colormap-specular_1-tex0">
          <float_array id="colormap-specular_1-tex0-array" count="84"> 0.59375 0.113695703 0.59375 0.179782897 0.59375 0.113695703 0.59375 0.179782897 0.59375 0.113695703 0.59375 0.179782897 0.59375 0.113695703 0.59375 0.179782897 0.59375 0.113695703 0.59375 0.179782897 0.59375 0.113695703 0.59375 0.179782897 0.59375 0.0935714319 0.59375 0.0364285707 0.59375 0.0364285707 0.59375 0.0364285707 0.59375 0.0935714319 0.59375 0.0935714319 0.59375 0.0935714319 0.59375 0.0935714319 0.59375 0.0364285707 0.59375 0.0364285707 0.59375 0.0364285707 0.59375 0.0935714319 0.59375 0.0935714319 0.59375 0.0649999976 0.59375 0.0649999976 0.59375 0.0649999976 0.59375 0.0935714319 0.59375 0.0935714319 0.59375 0.0309259295 0.59375 0.0990740731 0.59375 0.0309259295 0.59375 0.0990740731 0.59375 0.0309259295 0.59375 0.0990740731 0.59375 0.0309259295 0.59375 0.0990740731 0.59375 0.0309259295 0.59375 0.0990740731 0.59375 0.0309259295 0.59375 0.0990740731 </float_array>
          <technique_common>
            <accessor count="42" offset="0" source="#colormap-specular_1-tex0-array" stride="2">
              <param name="S" type="float" />
              <param name="T" type="float" />
            </accessor>
          </technique_common>
        </source>
        <source id="colormap-specular_1-color0" name="colormap-specular_1-color0">
          <float_array id="colormap-specular_1-color0-array" count="126"> 1 1 1 1 1 1 1 1 1 1 1 1 1 1 1 1 1 1 1 1 1 1 1 1 1 1 1 1 1 1 1 1 1 1 1 1 1 1 1 1 1 1 1 1 1 1 1 1 1 1 1 1 1 1 1 1 1 1 1 1 1 1 1 1 1 1 1 1 1 1 1 1 1 1 1 1 1 1 1 1 1 1 1 1 1 1 1 1 1 1 1 1 1 1 1 1 1 1 1 1 1 1 1 1 1 1 1 1 1 1 1 1 1 1 1 1 1 1 1 1 1 1 1 1 1 1 </float_array>
          <technique_common>
            <accessor count="42" offset="0" source="#colormap-specular_1-color0-array" stride="3">
              <param name="R" type="float" />
              <param name="G" type="float" />
              <param name="B" type="float" />
            </accessor>
          </technique_common>
        </source>
        <vertices id="colormap-specular_1-vertices">
          <input semantic="POSITION" source="#colormap-specular_1-positions" />
        </vertices>
        <polylist count="14" material="defaultMaterial">
          <input offset="0" semantic="VERTEX" source="#colormap-specular_1-vertices" />
          <input offset="0" semantic="NORMAL" source="#colormap-specular_1-normals" />
          <input offset="0" semantic="TEXCOORD" source="#colormap-specular_1-tex0" set="0" />
          <input offset="0" semantic="COLOR" source="#colormap-specular_1-color0" set="0" />
          <vcount>3 3 3 3 3 3 3 3 3 3 3 3 3 3 </vcount>
          <p>0 1 2 3 4 5 6 7 8 9 10 11 12 13 14 15 16 17 18 19 20 21 22 23 24 25 26 27 28 29 30 31 32 33 34 35 36 37 38 39 40 41 </p>
        </polylist>
      </mesh>
    </geometry>
    <geometry id="colormap_1" name="colormap" >
      <mesh>
        <source id="colormap_1-positions" name="colormap_1-positions">
          <float_array id="colormap_1-positions-array" count="13842"> -0.778206229 2.70716812e-16 0.474000007 0.0217937492 2.70716812e-16 0.0739999935 0.0217937492 2.70716812e-16 0.474000007 0.0217937492 2.70716812e-16 0.0739999935 -0.778206229 2.70716812e-16 0.474000007 -0.778206229 2.70716812e-16 0.0739999935 -0.958206117 0.949999988 0.694000006 -0.978205979 0.899999976 0.674000025 -0.958206117 0.899999976 0.694000006 -0.978205979 0.899999976 0.674000025 -0.958206117 0.949999988 0.694000006 -0.978205979 0.949999988 0.674000025 -0.978205979 0.949999988 0.674000025 -0.978206217 0.899999976 0.273999989 -0.978205979 0.899999976 0.674000025 -0.978206217 0.899999976 0.273999989 -0.978205979 0.949999988 0.674000025 -0.978206217 0.949999988 0.273999989 -0.978206217 0.949999988 0.273999989 -0.958206117 0.899999976 0.254000008 -0.978206217 0.899999976 0.273999989 -0.958206117 0.899999976 0.254000008 -0.978206217 0.949999988 0.273999989 -0.958206117 0.949999988 0.254000008 -0.918206096 1.02910399 0.307954997 -0.918206096 1.09029901 0.635194302 -0.918206096 1.00970101 0.312805712 -0.918206096 1.09029901 0.635194302 -0.918206096 1.02910399 0.307954997 -0.918206096 1.10970104 0.630343616 -0.698206127 1.09029901 0.635194302 -0.698206127 1.02910399 0.307954907 -0.698206127 1.00970101 0.312805712 -0.698206127 1.02910399 0.307954907 -0.698206127 1.09029901 0.635194302 -0.698206127 1.10970104 0.630343616 -0.938206077 1.09029901 0.635194302 -0.938206077 1.02910399 0.307954997 -0.938206077 1.00970101 0.312805712 -0.938206077 1.02910399 0.307954997 -0.938206077 1.09029901 0.635194302 -0.938206077 1.10970104 0.630343616 -0.938206077 1.00970101 0.312805712 -0.918206096 1.02425301 0.288552105 -0.918206096 1.00485098 0.293402791 -0.918206096 1.02425301 0.288552105 -0.938206077 1.00970101 0.312805712 -0.938206077 1.02910399 0.307954997 -0.918206096 1.09514904 0.654597223 -0.938206077 1.10970104 0.630343616 -0.938206077 1.09029901 0.635194302 -0.938206077 1.10970104 0.630343616 -0.918206096 1.09514904 0.654597223 -0.918206096 1.11455202 0.649746418 -0.938206077 1.02910399 0.307954997 -0.698206127 1.02425301 0.288552105 -0.918206096 1.02425301 0.288552105 -0.698206127 1.02425301 0.288552105 -0.938206077 1.02910399 0.307954997 -0.918206096 1.02910399 0.307954997 -0.918206096 1.02910399 0.307954997 -0.678206086 1.02910399 0.307954907 -0.698206127 1.02425301 0.288552105 -0.678206086 1.02910399 0.307954907 -0.918206096 1.02910399 0.307954997 -0.698206127 1.02910399 0.307954907 -0.918206096 1.02910399 0.307954997 -0.938206077 1.02910399 0.307954997 -0.918206096 1.10970104 0.630343616 -0.918206096 1.10970104 0.630343616 -0.938206077 1.02910399 0.307954997 -0.938206077 1.10970104 0.630343616 -0.678206086 1.02910399 0.307954907 -0.698206127 1.02910399 0.307954907 -0.698206127 1.10970104 0.630343616 -0.918206096 1.10970104 0.630343616 -0.938206077 1.10970104 0.630343616 -0.918206096 1.11455202 0.649746418 -0.918206096 1.10970104 0.630343616 -0.918206096 1.11455202 0.649746418 -0.698206127 1.10970104 0.630343616 -0.678206086 1.02910399 0.307954907 -0.698206127 1.10970104 0.630343616 -0.678206086 1.10970104 0.630343616 -0.698206127 1.10970104 0.630343616 -0.918206096 1.11455202 0.649746418 -0.678206086 1.10970104 0.630343616 -0.678206086 1.10970104 0.630343616 -0.918206096 1.11455202 0.649746418 -0.698206127 1.11455202 0.649746418 -0.698206127 1.10970104 0.630343616 -0.918206096 1.09029901 0.635194302 -0.918206096 1.10970104 0.630343616 -0.918206096 1.09029901 0.635194302 -0.698206127 1.10970104 0.630343616 -0.698206127 1.09029901 0.635194302 -0.698206127 1.02425301 0.288552105 -0.918206096 1.00485098 0.293402791 -0.918206096 1.02425301 0.288552105 -0.918206096 1.00485098 0.293402791 -0.698206127 1.02425301 0.288552105 -0.698206127 1.00485098 0.293402791 -0.698206127 1.02425301 0.288552105 -0.678206086 1.00970101 0.312805712 -0.698206127 1.00485098 0.293402791 -0.678206086 1.00970101 0.312805712 -0.698206127 1.02425301 0.288552105 -0.678206086 1.02910399 0.307954907 -0.678206086 1.10970104 0.630343616 -0.698206127 1.09514904 0.654597223 -0.678206086 1.09029901 0.635194302 -0.698206127 1.09514904 0.654597223 -0.678206086 1.10970104 0.630343616 -0.698206127 1.11455202 0.649746418 -0.918206096 1.09514904 0.654597223 -0.698206127 1.11455202 0.649746418 -0.918206096 1.11455202 0.649746418 -0.698206127 1.11455202 0.649746418 -0.918206096 1.09514904 0.654597223 -0.698206127 1.09514904 0.654597223 -0.658206105 0.899999976 0.253999889 -0.638206124 0.949999988 0.2739999 -0.638206124 0.899999976 0.2739999 -0.638206124 0.949999988 0.2739999 -0.658206105 0.899999976 0.253999889 -0.658206105 0.949999988 0.253999889 -0.678206086 1.02910399 0.307954907 -0.678206086 1.09029901 0.635194302 -0.678206086 1.00970101 0.312805712 -0.678206086 1.09029901 0.635194302 -0.678206086 1.02910399 0.307954907 -0.678206086 1.10970104 0.630343616 -0.658206105 0.949999988 0.253999889 -0.958206117 0.899999976 0.254000008 -0.958206117 0.949999988 0.254000008 -0.958206117 0.899999976 0.254000008 -0.658206105 0.949999988 0.253999889 -0.658206105 0.899999976 0.253999889 -0.698206127 1.00970101 0.312805712 -0.918206096 1.02910399 0.307954997 -0.918206096 1.00970101 0.312805712 -0.918206096 1.02910399 0.307954997 -0.698206127 1.00970101 0.312805712 -0.698206127 1.02910399 0.307954907 -0.638206005 0.899999976 0.674000025 -0.658205986 0.949999988 0.694000006 -0.658205986 0.899999976 0.694000006 -0.658205986 0.949999988 0.694000006 -0.638206005 0.899999976 0.674000025 -0.638206005 0.949999988 0.674000025 -0.658205986 0.899999976 0.694000006 -0.958206117 0.949999988 0.694000006 -0.958206117 0.899999976 0.694000006 -0.958206117 0.949999988 0.694000006 -0.658205986 0.899999976 0.694000006 -0.658205986 0.949999988 0.694000006 -0.658205986 0.949999988 0.694000006 -0.978205979 0.949999988 0.674000025 -0.958206117 0.949999988 0.694000006 -0.638206005 0.949999988 0.674000025 -0.978205979 0.949999988 0.674000025 -0.658205986 0.949999988 0.694000006 -0.658205986 0.949999988 0.674000025 -0.978205979 0.949999988 0.674000025 -0.638206005 0.949999988 0.674000025 -0.638206124 0.949999988 0.2739999 -0.658205986 0.949999988 0.674000025 -0.638206005 0.949999988 0.674000025 -0.958206117 0.949999988 0.674000025 -0.978205979 0.949999988 0.674000025 -0.658205986 0.949999988 0.674000025 -0.638206124 0.949999988 0.2739999 -0.658206105 0.949999988 0.2739999 -0.658205986 0.949999988 0.674000025 -0.958206117 0.949999988 0.273999989 -0.978205979 0.949999988 0.674000025 -0.958206117 0.949999988 0.674000025 -0.638206124 0.949999988 0.2739999 -0.958206117 0.949999988 0.273999989 -0.658206105 0.949999988 0.2739999 -0.978205979 0.949999988 0.674000025 -0.958206117 0.949999988 0.273999989 -0.978206217 0.949999988 0.273999989 -0.638206124 0.949999988 0.2739999 -0.978206217 0.949999988 0.273999989 -0.958206117 0.949999988 0.273999989 -0.658206105 0.949999988 0.253999889 -0.978206217 0.949999988 0.273999989 -0.638206124 0.949999988 0.2739999 -0.978206217 0.949999988 0.273999989 -0.658206105 0.949999988 0.253999889 -0.958206117 0.949999988 0.254000008 -0.638206124 0.899999976 0.2739999 -0.638206005 0.949999988 0.674000025 -0.638206005 0.899999976 0.674000025 -0.638206005 0.949999988 0.674000025 -0.638206124 0.899999976 0.2739999 -0.638206124 0.949999988 0.2739999 -0.49820599 0.949999988 0.694000006 -0.518206 0.899999976 0.674000025 -0.49820599 0.899999976 0.694000006 -0.518206 0.899999976 0.674000025 -0.49820599 0.949999988 0.694000006 -0.518206 0.949999988 0.674000025 -0.518206 0.949999988 0.674000025 -0.51820612 0.899999976 0.273999989 -0.518206 0.899999976 0.674000025 -0.51820612 0.899999976 0.273999989 -0.518206 0.949999988 0.674000025 -0.51820612 0.949999988 0.273999989 -0.51820612 0.949999988 0.273999989 -0.498206109 0.899999976 0.254000008 -0.51820612 0.899999976 0.273999989 -0.498206109 0.899999976 0.254000008 -0.51820612 0.949999988 0.273999989 -0.498206109 0.949999988 0.254000008 -0.458206087 1.02910399 0.307954997 -0.458205998 1.09029901 0.635194302 -0.458206087 1.00970101 0.312805712 -0.458205998 1.09029901 0.635194302 -0.458206087 1.02910399 0.307954997 -0.458205998 1.10970104 0.630343616 -0.238205999 1.09029901 0.635194302 -0.238206103 1.02910399 0.307954907 -0.238206103 1.00970101 0.312805712 -0.238206103 1.02910399 0.307954907 -0.238205999 1.09029901 0.635194302 -0.238205999 1.10970104 0.630343616 -0.478206009 1.09029901 0.635194302 -0.478206098 1.02910399 0.307954997 -0.478206098 1.00970101 0.312805712 -0.478206098 1.02910399 0.307954997 -0.478206009 1.09029901 0.635194302 -0.478206009 1.10970104 0.630343616 -0.478206098 1.00970101 0.312805712 -0.458206087 1.02425301 0.288552105 -0.458206087 1.00485098 0.293402791 -0.458206087 1.02425301 0.288552105 -0.478206098 1.00970101 0.312805712 -0.478206098 1.02910399 0.307954997 -0.458205998 1.09514904 0.654597223 -0.478206009 1.10970104 0.630343616 -0.478206009 1.09029901 0.635194302 -0.478206009 1.10970104 0.630343616 -0.458205998 1.09514904 0.654597223 -0.458205998 1.11455202 0.649746418 -0.478206098 1.02910399 0.307954997 -0.238206103 1.02425301 0.288552105 -0.458206087 1.02425301 0.288552105 -0.238206103 1.02425301 0.288552105 -0.478206098 1.02910399 0.307954997 -0.458206087 1.02910399 0.307954997 -0.458206087 1.02910399 0.307954997 -0.218206003 1.02910399 0.307954907 -0.238206103 1.02425301 0.288552105 -0.218206003 1.02910399 0.307954907 -0.458206087 1.02910399 0.307954997 -0.238206103 1.02910399 0.307954907 -0.458206087 1.02910399 0.307954997 -0.478206098 1.02910399 0.307954997 -0.458205998 1.10970104 0.630343616 -0.458205998 1.10970104 0.630343616 -0.478206098 1.02910399 0.307954997 -0.478206009 1.10970104 0.630343616 -0.218206003 1.02910399 0.307954907 -0.238206103 1.02910399 0.307954907 -0.238205999 1.10970104 0.630343616 -0.458205998 1.10970104 0.630343616 -0.478206009 1.10970104 0.630343616 -0.458205998 1.11455202 0.649746418 -0.458205998 1.10970104 0.630343616 -0.458205998 1.11455202 0.649746418 -0.238205999 1.10970104 0.630343616 -0.218206003 1.02910399 0.307954907 -0.238205999 1.10970104 0.630343616 -0.218206003 1.10970104 0.630343616 -0.238205999 1.10970104 0.630343616 -0.458205998 1.11455202 0.649746418 -0.218206003 1.10970104 0.630343616 -0.218206003 1.10970104 0.630343616 -0.458205998 1.11455202 0.649746418 -0.238205999 1.11455202 0.649746418 -0.238205999 1.10970104 0.630343616 -0.458205998 1.09029901 0.635194302 -0.458205998 1.10970104 0.630343616 -0.458205998 1.09029901 0.635194302 -0.238205999 1.10970104 0.630343616 -0.238205999 1.09029901 0.635194302 -0.238206103 1.02425301 0.288552105 -0.458206087 1.00485098 0.293402791 -0.458206087 1.02425301 0.288552105 -0.458206087 1.00485098 0.293402791 -0.238206103 1.02425301 0.288552105 -0.238206103 1.00485098 0.293402791 -0.238206103 1.02425301 0.288552105 -0.218206003 1.00970101 0.312805712 -0.238206103 1.00485098 0.293402791 -0.218206003 1.00970101 0.312805712 -0.238206103 1.02425301 0.288552105 -0.218206003 1.02910399 0.307954907 -0.218206003 1.10970104 0.630343616 -0.238205999 1.09514904 0.654597223 -0.218206003 1.09029901 0.635194302 -0.238205999 1.09514904 0.654597223 -0.218206003 1.10970104 0.630343616 -0.238205999 1.11455202 0.649746418 -0.458205998 1.09514904 0.654597223 -0.238205999 1.11455202 0.649746418 -0.458205998 1.11455202 0.649746418 -0.238205999 1.11455202 0.649746418 -0.458205998 1.09514904 0.654597223 -0.238205999 1.09514904 0.654597223 -0.198206097 0.899999976 0.253999889 -0.178206101 0.949999988 0.2739999 -0.178206101 0.899999976 0.2739999 -0.178206101 0.949999988 0.2739999 -0.198206097 0.899999976 0.253999889 -0.198206097 0.949999988 0.253999889 -0.218206003 1.02910399 0.307954907 -0.218206003 1.09029901 0.635194302 -0.218206003 1.00970101 0.312805712 -0.218206003 1.09029901 0.635194302 -0.218206003 1.02910399 0.307954907 -0.218206003 1.10970104 0.630343616 -0.198206097 0.949999988 0.253999889 -0.498206109 0.899999976 0.254000008 -0.498206109 0.949999988 0.254000008 -0.498206109 0.899999976 0.254000008 -0.198206097 0.949999988 0.253999889 -0.198206097 0.899999976 0.253999889 -0.238206103 1.00970101 0.312805712 -0.458206087 1.02910399 0.307954997 -0.458206087 1.00970101 0.312805712 -0.458206087 1.02910399 0.307954997 -0.238206103 1.00970101 0.312805712 -0.238206103 1.02910399 0.307954907 -0.178205997 0.899999976 0.674000025 -0.198205993 0.949999988 0.694000006 -0.198205993 0.899999976 0.694000006 -0.198205993 0.949999988 0.694000006 -0.178205997 0.899999976 0.674000025 -0.178205997 0.949999988 0.674000025 -0.198205993 0.899999976 0.694000006 -0.49820599 0.949999988 0.694000006 -0.49820599 0.899999976 0.694000006 -0.49820599 0.949999988 0.694000006 -0.198205993 0.899999976 0.694000006 -0.198205993 0.949999988 0.694000006 -0.198205993 0.949999988 0.694000006 -0.518206 0.949999988 0.674000025 -0.49820599 0.949999988 0.694000006 -0.178205997 0.949999988 0.674000025 -0.518206 0.949999988 0.674000025 -0.198205993 0.949999988 0.694000006 -0.198205993 0.949999988 0.674000025 -0.518206 0.949999988 0.674000025 -0.178205997 0.949999988 0.674000025 -0.178206101 0.949999988 0.2739999 -0.198205993 0.949999988 0.674000025 -0.178205997 0.949999988 0.674000025 -0.49820599 0.949999988 0.674000025 -0.518206 0.949999988 0.674000025 -0.198205993 0.949999988 0.674000025 -0.178206101 0.949999988 0.2739999 -0.198206097 0.949999988 0.2739999 -0.198205993 0.949999988 0.674000025 -0.498206109 0.949999988 0.273999989 -0.518206 0.949999988 0.674000025 -0.49820599 0.949999988 0.674000025 -0.178206101 0.949999988 0.2739999 -0.498206109 0.949999988 0.273999989 -0.198206097 0.949999988 0.2739999 -0.518206 0.949999988 0.674000025 -0.498206109 0.949999988 0.273999989 -0.51820612 0.949999988 0.273999989 -0.178206101 0.949999988 0.2739999 -0.51820612 0.949999988 0.273999989 -0.498206109 0.949999988 0.273999989 -0.198206097 0.949999988 0.253999889 -0.51820612 0.949999988 0.273999989 -0.178206101 0.949999988 0.2739999 -0.51820612 0.949999988 0.273999989 -0.198206097 0.949999988 0.253999889 -0.498206109 0.949999988 0.254000008 -0.178206101 0.899999976 0.2739999 -0.178205997 0.949999988 0.674000025 -0.178205997 0.899999976 0.674000025 -0.178205997 0.949999988 0.674000025 -0.178206101 0.899999976 0.2739999 -0.178206101 0.949999988 0.2739999 0.0217938293 0.0500000007 0.493999988 0.421793908 0.0500000007 0.494000107 0.0217938293 0.0500000007 0.474000007 0.421793908 0.0500000007 0.494000107 0.441793889 0.0500000007 0.474000096 0.0217938293 0.0500000007 0.474000007 0.0217938293 0.0500000007 0.474000007 0.441793889 0.0500000007 0.474000096 0.421793908 0.0500000007 0.474000096 0.421793908 0.0500000007 0.474000096 0.441793889 0.0500000007 0.474000096 0.421793908 0.0500000007 0.0740000233 0.441793889 0.0500000007 0.0740000233 0.421793908 0.0500000007 0.0740000233 0.441793889 0.0500000007 0.474000096 0.421793908 2.70716812e-16 0.494000107 0.0217938293 2.70716812e-16 0.493999988 0.441793889 2.70716812e-16 0.474000096 0.441793889 2.70716812e-16 0.474000096 0.0217938293 2.70716812e-16 0.493999988 0.441793889 2.70716812e-16 0.0740000233 0.0217938907 2.70716812e-16 0.0739999637 0.441793889 2.70716812e-16 0.0740000233 0.0217938293 2.70716812e-16 0.493999988 0.441793889 0.0500000007 0.474000096 0.421793908 0.0500000007 0.494000107 0.441793889 2.70716812e-16 0.474000096 0.421793908 2.70716812e-16 0.494000107 0.441793889 2.70716812e-16 0.474000096 0.421793908 0.0500000007 0.494000107 0.0217938293 0.0500000007 0.493999988 0.0217938293 2.70716812e-16 0.493999988 0.421793908 0.0500000007 0.494000107 0.421793908 2.70716812e-16 0.494000107 0.421793908 0.0500000007 0.494000107 0.0217938293 2.70716812e-16 0.493999988 0.441793889 0.0500000007 0.0740000233 0.441793889 0.0500000007 0.474000096 0.441793889 2.70716812e-16 0.0740000233 0.441793889 2.70716812e-16 0.474000096 0.441793889 2.70716812e-16 0.0740000233 0.441793889 0.0500000007 0.474000096 0.0217937808 0.550000012 0.894000113 0.0417937785 0.550000012 0.874000072 -0.378206313 0.550000012 0.893999994 -0.378206313 0.550000012 0.893999994 0.0417937785 0.550000012 0.874000072 -0.378206313 0.550000012 0.874000013 -0.378206313 0.550000012 0.874000013 0.0417937785 0.550000012 0.874000072 0.0217937808 0.550000012 0.874000072 0.0417937785 0.550000012 0.874000072 0.0417938381 0.550000012 0.474000007 0.0217937808 0.550000012 0.874000072 0.0217938405 0.550000012 0.474000007 0.0217937808 0.550000012 0.874000072 0.0417938381 0.550000012 0.474000007 0.0217937808 0.5 0.894000113 -0.378206313 0.5 0.893999994 0.0417937785 0.5 0.874000072 0.0417937785 0.5 0.874000072 -0.378206313 0.5 0.893999994 0.0417938381 0.5 0.474000007 -0.378206193 0.5 0.474000007 0.0417938381 0.5 0.474000007 -0.378206313 0.5 0.893999994 0.0417937785 0.550000012 0.874000072 0.0217937808 0.550000012 0.894000113 0.0417937785 0.5 0.874000072 0.0217937808 0.5 0.894000113 0.0417937785 0.5 0.874000072 0.0217937808 0.550000012 0.894000113 -0.378206313 0.550000012 0.893999994 -0.378206313 0.5 0.893999994 0.0217937808 0.550000012 0.894000113 0.0217937808 0.5 0.894000113 0.0217937808 0.550000012 0.894000113 -0.378206313 0.5 0.893999994 0.0417938381 0.550000012 0.474000007 0.0417937785 0.550000012 0.874000072 0.0417938381 0.5 0.474000007 0.0417937785 0.5 0.874000072 0.0417938381 0.5 0.474000007 0.0417937785 0.550000012 0.874000072 -0.378206313 0.0500000007 0.893999994 0.0217937808 0.0500000007 0.894000113 -0.378206313 0.0500000007 0.874000013 -0.378206313 0.0500000007 0.874000013 0.0217937808 0.0500000007 0.894000113 0.0217937808 0.0500000007 0.874000072 0.0217937808 0.0500000007 0.894000113 0.0417937785 0.0500000007 0.874000072 0.0217937808 0.0500000007 0.874000072 0.0217937808 0.0500000007 0.874000072 0.0417937785 0.0500000007 0.874000072 0.0217938405 0.0500000007 0.474000007 0.0417938381 0.0500000007 0.474000007 0.0217938405 0.0500000007 0.474000007 0.0417937785 0.0500000007 0.874000072 0.0217937808 3.60955705e-16 0.894000113 -0.378206313 3.60955705e-16 0.893999994 0.0417937785 3.60955705e-16 0.874000072 0.0417937785 3.60955705e-16 0.874000072 -0.378206313 3.60955705e-16 0.893999994 0.0417938381 3.60955705e-16 0.474000007 -0.378206193 3.60955705e-16 0.474000007 0.0417938381 3.60955705e-16 0.474000007 -0.378206313 3.60955705e-16 0.893999994 0.0417937785 0.0500000007 0.874000072 0.0217937808 0.0500000007 0.894000113 0.0417937785 3.60955705e-16 0.874000072 0.0217937808 3.60955705e-16 0.894000113 0.0417937785 3.60955705e-16 0.874000072 0.0217937808 0.0500000007 0.894000113 -0.378206313 0.0500000007 0.893999994 -0.378206313 3.60955705e-16 0.893999994 0.0217937808 0.0500000007 0.894000113 0.0217937808 3.60955705e-16 0.894000113 0.0217937808 0.0500000007 0.894000113 -0.378206313 3.60955705e-16 0.893999994 0.0417938381 0.0500000007 0.474000007 0.0417937785 0.0500000007 0.874000072 0.0417938381 3.60955705e-16 0.474000007 0.0417937785 3.60955705e-16 0.874000072 0.0417938381 3.60955705e-16 0.474000007 0.0417937785 0.0500000007 0.874000072 0.0417937785 0.550000012 0.074000001 0.0217937808 0.550000012 0.0540000089 0.0417937785 0.550000012 0.474000007 0.0417937785 0.550000012 0.474000007 0.0217937808 0.550000012 0.0540000089 0.0217937808 0.550000012 0.474000007 0.0217937808 0.550000012 0.474000007 0.0217937808 0.550000012 0.0540000089 0.0217937808 0.550000012 0.074000001 0.0217937808 0.550000012 0.0540000089 -0.378206193 0.550000012 0.0540000089 0.0217937808 0.550000012 0.074000001 -0.378206193 0.550000012 0.074000001 0.0217937808 0.550000012 0.074000001 -0.378206193 0.550000012 0.0540000089 0.0417937785 0.5 0.074000001 0.0417937785 0.5 0.474000007 0.0217937808 0.5 0.0540000089 0.0217937808 0.5 0.0540000089 0.0417937785 0.5 0.474000007 -0.378206193 0.5 0.0540000089 -0.378206193 0.5 0.474000007 -0.378206193 0.5 0.0540000089 0.0417937785 0.5 0.474000007 0.0217937808 0.550000012 0.0540000089 0.0417937785 0.550000012 0.074000001 0.0217937808 0.5 0.0540000089 0.0417937785 0.5 0.074000001 0.0217937808 0.5 0.0540000089 0.0417937785 0.550000012 0.074000001 0.0417937785 0.550000012 0.474000007 0.0417937785 0.5 0.474000007 0.0417937785 0.550000012 0.074000001 0.0417937785 0.5 0.074000001 0.0417937785 0.550000012 0.074000001 0.0417937785 0.5 0.474000007 -0.378206193 0.550000012 0.0540000089 0.0217937808 0.550000012 0.0540000089 -0.378206193 0.5 0.0540000089 0.0217937808 0.5 0.0540000089 -0.378206193 0.5 0.0540000089 0.0217937808 0.550000012 0.0540000089 -1.25320601 0.150000006 0.61612922 -1.17820597 0.224999994 0.61612922 -1.17820597 0.150000006 0.61612922 -1.17820597 0.224999994 0.61612922 -1.25320601 0.150000006 0.61612922 -1.25320601 0.224999994 0.61612922 -1.25320601 0.0500000082 0.61612922 -1.25320601 0.224999994 0.61612922 -1.25320601 0.150000006 0.61612922 -1.25320601 0.0500000082 0.61612922 -1.30945599 0.206249997 0.61612922 -1.25320601 0.224999994 0.61612922 -1.25320601 0.0500000082 0.61612922 -1.32820606 0.150000006 0.61612922 -1.30945599 0.206249997 0.61612922 -1.32820606 0.150000006 0.61612922 -1.25320601 0.0500000082 0.61612922 -1.32820606 0.0500000082 0.61612922 -1.30945599 0.206249997 0.691129208 -1.32820606 0.150000006 0.61612922 -1.32820606 0.150000006 0.691129208 -1.32820606 0.150000006 0.61612922 -1.30945599 0.206249997 0.691129208 -1.30945599 0.206249997 0.61612922 -1.17820597 0.150000006 0.691129208 -1.25320601 0.150000006 0.61612922 -1.17820597 0.150000006 0.61612922 -1.25320601 0.150000006 0.61612922 -1.17820597 0.150000006 0.691129208 -1.25320601 0.150000006 0.691129208 -1.25320601 0.0500000082 0.691129208 -1.32820606 0.150000006 0.691129208 -1.32820606 0.0500000082 0.691129208 -1.32820606 0.150000006 0.691129208 -1.25320601 0.0500000082 0.691129208 -1.30945599 0.206249997 0.691129208 -1.30945599 0.206249997 0.691129208 -1.25320601 0.0500000082 0.691129208 -1.25320601 0.224999994 0.691129208 -1.25320601 0.224999994 0.691129208 -1.25320601 0.0500000082 0.691129208 -1.25320601 0.150000006 0.691129208 -1.25320601 0.224999994 0.691129208 -1.25320601 0.150000006 0.691129208 -1.17820597 0.150000006 0.691129208 -1.25320601 0.224999994 0.691129208 -1.17820597 0.150000006 0.691129208 -1.17820597 0.224999994 0.691129208 -1.32820606 0.150000006 0.691129208 -1.32820606 0.0500000082 0.61612922 -1.32820606 0.0500000082 0.691129208 -1.32820606 0.0500000082 0.61612922 -1.32820606 0.150000006 0.691129208 -1.32820606 0.150000006 0.61612922 -1.25320601 0.150000006 0.61612922 -1.25320601 0.0500000082 0.691129208 -1.25320601 0.0500000082 0.61612922 -1.25320601 0.0500000082 0.691129208 -1.25320601 0.150000006 0.61612922 -1.25320601 0.150000006 0.691129208 -1.25320601 0.224999994 0.691129208 -1.17820597 0.224999994 0.61612922 -1.25320601 0.224999994 0.61612922 -1.17820597 0.224999994 0.61612922 -1.25320601 0.224999994 0.691129208 -1.17820597 0.224999994 0.691129208 -1.30945599 0.206249997 0.61612922 -1.25320601 0.224999994 0.691129208 -1.25320601 0.224999994 0.61612922 -1.25320601 0.224999994 0.691129208 -1.30945599 0.206249997 0.61612922 -1.30945599 0.206249997 0.691129208 -1.25320601 0.0500000082 0.596129179 -1.32820606 4.40819381e-09 0.596129179 -1.32820606 0.0500000007 0.596129179 -1.32820606 4.40819381e-09 0.596129179 -1.25320601 0.0500000082 0.596129179 -1.25320601 9.30617361e-09 0.596129179 -1.34820604 0.0500000007 0.691129208 -1.34820604 2.44899789e-09 0.61612922 -1.34820604 0 0.691129208 -1.34820604 2.44899789e-09 0.61612922 -1.34820604 0.0500000007 0.691129208 -1.34820604 0.0500000007 0.61612922 -1.23320603 9.95923521e-09 0.61612922 -1.23320603 0.0500000082 0.691129208 -1.23320603 7.51023688e-09 0.691129208 -1.23320603 0.0500000082 0.691129208 -1.23320603 9.95923521e-09 0.61612922 -1.23320603 0.0500000082 0.61612922 -1.32820606 6.53061993e-10 0.711129189 -1.25320601 0.0500000007 0.711129189 -1.32820606 0.0500000007 0.711129189 -1.25320601 0.0500000007 0.711129189 -1.32820606 6.53061993e-10 0.711129189 -1.25320601 5.55104274e-09 0.711129189 -1.34820604 0 0.691129208 -1.32820606 0.0500000007 0.711129189 -1.34820604 0.0500000007 0.691129208 -1.32820606 0.0500000007 0.711129189 -1.34820604 0 0.691129208 -1.32820606 6.53061993e-10 0.711129189 -1.34820604 0.0500000007 0.61612922 -1.32820606 4.40819381e-09 0.596129179 -1.34820604 2.44899789e-09 0.61612922 -1.32820606 4.40819381e-09 0.596129179 -1.34820604 0.0500000007 0.61612922 -1.32820606 0.0500000007 0.596129179 -1.23320603 0.0500000082 0.61612922 -1.25320601 9.30617361e-09 0.596129179 -1.25320601 0.0500000082 0.596129179 -1.25320601 9.30617361e-09 0.596129179 -1.23320603 0.0500000082 0.61612922 -1.23320603 9.95923521e-09 0.61612922 -1.23320603 7.51023688e-09 0.691129208 -1.25320601 0.0500000007 0.711129189 -1.25320601 5.55104274e-09 0.711129189 -1.25320601 0.0500000007 0.711129189 -1.23320603 7.51023688e-09 0.691129208 -1.23320603 0.0500000082 0.691129208 -1.23320603 0.0500000082 0.691129208 -1.32820606 0.0500000007 0.711129189 -1.25320601 0.0500000007 0.711129189 -1.25320601 0.0500000082 0.691129208 -1.32820606 0.0500000007 0.711129189 -1.23320603 0.0500000082 0.691129208 -1.23320603 0.0500000082 0.61612922 -1.25320601 0.0500000082 0.691129208 -1.23320603 0.0500000082 0.691129208 -1.32820606 0.0500000082 0.691129208 -1.32820606 0.0500000007 0.711129189 -1.25320601 0.0500000082 0.691129208 -1.32820606 0.0500000082 0.691129208 -1.34820604 0.0500000007 0.691129208 -1.32820606 0.0500000007 0.711129189 -1.32820606 0.0500000082 0.691129208 -1.34820604 0.0500000007 0.61612922 -1.34820604 0.0500000007 0.691129208 -1.32820606 0.0500000082 0.61612922 -1.34820604 0.0500000007 0.61612922 -1.32820606 0.0500000082 0.691129208 -1.25320601 0.0500000082 0.61612922 -1.34820604 0.0500000007 0.61612922 -1.32820606 0.0500000082 0.61612922 -1.23320603 0.0500000082 0.61612922 -1.25320601 0.0500000082 0.61612922 -1.25320601 0.0500000082 0.691129208 -1.34820604 0.0500000007 0.61612922 -1.25320601 0.0500000082 0.61612922 -1.32820606 0.0500000007 0.596129179 -1.23320603 0.0500000082 0.61612922 -1.32820606 0.0500000007 0.596129179 -1.25320601 0.0500000082 0.61612922 -1.32820606 0.0500000007 0.596129179 -1.23320603 0.0500000082 0.61612922 -1.25320601 0.0500000082 0.596129179 -1.25320601 0.150000006 0.416129202 -1.17820597 0.224999994 0.416129202 -1.17820597 0.150000006 0.416129202 -1.17820597 0.224999994 0.416129202 -1.25320601 0.150000006 0.416129202 -1.25320601 0.224999994 0.416129202 -1.25320601 0.0500000082 0.416129202 -1.25320601 0.224999994 0.416129202 -1.25320601 0.150000006 0.416129202 -1.25320601 0.0500000082 0.416129202 -1.30945599 0.206249997 0.416129202 -1.25320601 0.224999994 0.416129202 -1.25320601 0.0500000082 0.416129202 -1.32820606 0.150000006 0.416129202 -1.30945599 0.206249997 0.416129202 -1.32820606 0.150000006 0.416129202 -1.25320601 0.0500000082 0.416129202 -1.32820606 0.0500000082 0.416129202 -1.30945599 0.206249997 0.49112919 -1.32820606 0.150000006 0.416129202 -1.32820606 0.150000006 0.49112919 -1.32820606 0.150000006 0.416129202 -1.30945599 0.206249997 0.49112919 -1.30945599 0.206249997 0.416129202 -1.17820597 0.150000006 0.49112919 -1.25320601 0.150000006 0.416129202 -1.17820597 0.150000006 0.416129202 -1.25320601 0.150000006 0.416129202 -1.17820597 0.150000006 0.49112919 -1.25320601 0.150000006 0.49112919 -1.25320601 0.0500000082 0.49112919 -1.32820606 0.150000006 0.49112919 -1.32820606 0.0500000082 0.49112919 -1.32820606 0.150000006 0.49112919 -1.25320601 0.0500000082 0.49112919 -1.30945599 0.206249997 0.49112919 -1.30945599 0.206249997 0.49112919 -1.25320601 0.0500000082 0.49112919 -1.25320601 0.224999994 0.49112919 -1.25320601 0.224999994 0.49112919 -1.25320601 0.0500000082 0.49112919 -1.25320601 0.150000006 0.49112919 -1.25320601 0.224999994 0.49112919 -1.25320601 0.150000006 0.49112919 -1.17820597 0.150000006 0.49112919 -1.25320601 0.224999994 0.49112919 -1.17820597 0.150000006 0.49112919 -1.17820597 0.224999994 0.49112919 -1.32820606 0.150000006 0.49112919 -1.32820606 0.0500000082 0.416129202 -1.32820606 0.0500000082 0.49112919 -1.32820606 0.0500000082 0.416129202 -1.32820606 0.150000006 0.49112919 -1.32820606 0.150000006 0.416129202 -1.25320601 0.150000006 0.416129202 -1.25320601 0.0500000082 0.49112919 -1.25320601 0.0500000082 0.416129202 -1.25320601 0.0500000082 0.49112919 -1.25320601 0.150000006 0.416129202 -1.25320601 0.150000006 0.49112919 -1.25320601 0.224999994 0.49112919 -1.17820597 0.224999994 0.416129202 -1.25320601 0.224999994 0.416129202 -1.17820597 0.224999994 0.416129202 -1.25320601 0.224999994 0.49112919 -1.17820597 0.224999994 0.49112919 -1.30945599 0.206249997 0.416129202 -1.25320601 0.224999994 0.49112919 -1.25320601 0.224999994 0.416129202 -1.25320601 0.224999994 0.49112919 -1.30945599 0.206249997 0.416129202 -1.30945599 0.206249997 0.49112919 -1.25320601 0.0500000082 0.396129191 -1.32820606 4.40819381e-09 0.396129191 -1.32820606 0.0500000007 0.396129191 -1.32820606 4.40819381e-09 0.396129191 -1.25320601 0.0500000082 0.396129191 -1.25320601 9.30617361e-09 0.396129191 -1.34820604 0.0500000007 0.49112919 -1.34820604 2.44899789e-09 0.416129202 -1.34820604 0 0.49112919 -1.34820604 2.44899789e-09 0.416129202 -1.34820604 0.0500000007 0.49112919 -1.34820604 0.0500000007 0.416129202 -1.23320603 9.95923521e-09 0.416129202 -1.23320603 0.0500000082 0.49112919 -1.23320603 7.51023688e-09 0.49112919 -1.23320603 0.0500000082 0.49112919 -1.23320603 9.95923521e-09 0.416129202 -1.23320603 0.0500000082 0.416129202 -1.32820606 6.53061993e-10 0.5111292 -1.25320601 0.0500000007 0.5111292 -1.32820606 0.0500000007 0.5111292 -1.25320601 0.0500000007 0.5111292 -1.32820606 6.53061993e-10 0.5111292 -1.25320601 5.55104274e-09 0.5111292 -1.34820604 0 0.49112919 -1.32820606 0.0500000007 0.5111292 -1.34820604 0.0500000007 0.49112919 -1.32820606 0.0500000007 0.5111292 -1.34820604 0 0.49112919 -1.32820606 6.53061993e-10 0.5111292 -1.34820604 0.0500000007 0.416129202 -1.32820606 4.40819381e-09 0.396129191 -1.34820604 2.44899789e-09 0.416129202 -1.32820606 4.40819381e-09 0.396129191 -1.34820604 0.0500000007 0.416129202 -1.32820606 0.0500000007 0.396129191 -1.23320603 0.0500000082 0.416129202 -1.25320601 9.30617361e-09 0.396129191 -1.25320601 0.0500000082 0.396129191 -1.25320601 9.30617361e-09 0.396129191 -1.23320603 0.0500000082 0.416129202 -1.23320603 9.95923521e-09 0.416129202 -1.23320603 7.51023688e-09 0.49112919 -1.25320601 0.0500000007 0.5111292 -1.25320601 5.55104274e-09 0.5111292 -1.25320601 0.0500000007 0.5111292 -1.23320603 7.51023688e-09 0.49112919 -1.23320603 0.0500000082 0.49112919 -1.23320603 0.0500000082 0.49112919 -1.32820606 0.0500000007 0.5111292 -1.25320601 0.0500000007 0.5111292 -1.25320601 0.0500000082 0.49112919 -1.32820606 0.0500000007 0.5111292 -1.23320603 0.0500000082 0.49112919 -1.23320603 0.0500000082 0.416129202 -1.25320601 0.0500000082 0.49112919 -1.23320603 0.0500000082 0.49112919 -1.32820606 0.0500000082 0.49112919 -1.32820606 0.0500000007 0.5111292 -1.25320601 0.0500000082 0.49112919 -1.32820606 0.0500000082 0.49112919 -1.34820604 0.0500000007 0.49112919 -1.32820606 0.0500000007 0.5111292 -1.32820606 0.0500000082 0.49112919 -1.34820604 0.0500000007 0.416129202 -1.34820604 0.0500000007 0.49112919 -1.32820606 0.0500000082 0.416129202 -1.34820604 0.0500000007 0.416129202 -1.32820606 0.0500000082 0.49112919 -1.25320601 0.0500000082 0.416129202 -1.34820604 0.0500000007 0.416129202 -1.32820606 0.0500000082 0.416129202 -1.23320603 0.0500000082 0.416129202 -1.25320601 0.0500000082 0.416129202 -1.25320601 0.0500000082 0.49112919 -1.34820604 0.0500000007 0.416129202 -1.25320601 0.0500000082 0.416129202 -1.32820606 0.0500000007 0.396129191 -1.23320603 0.0500000082 0.416129202 -1.32820606 0.0500000007 0.396129191 -1.25320601 0.0500000082 0.416129202 -1.32820606 0.0500000007 0.396129191 -1.23320603 0.0500000082 0.416129202 -1.25320601 0.0500000082 0.396129191 -1.17820597 0.0500000007 0.0740000308 -0.778205872 0.0500000007 0.0739999712 -0.778205872 0.0500000007 0.053999979 -0.778205872 0.0500000007 0.053999979 -1.17820597 0.0500000007 0.0540000312 -1.17820597 0.0500000007 0.0740000308 -1.17820597 0.0500000007 0.0540000312 -1.19820595 0.0500000007 0.0740000308 -1.17820597 0.0500000007 0.0740000308 -1.17820597 0.0500000007 0.0740000308 -1.19820595 0.0500000007 0.0740000308 -1.17820597 0.0500000007 0.474000096 -1.19820595 0.0500000007 0.474000096 -1.17820597 0.0500000007 0.474000096 -1.19820595 0.0500000007 0.0740000308 -1.17820597 2.70716812e-16 0.0540000312 -0.778205872 2.70716812e-16 0.053999979 -1.19820595 2.70716812e-16 0.0740000308 -0.778205872 2.70716812e-16 0.053999979 -0.778205872 2.70716812e-16 0.474000007 -1.19820595 2.70716812e-16 0.0740000308 -1.19820595 2.70716812e-16 0.474000096 -1.19820595 2.70716812e-16 0.0740000308 -0.778205872 2.70716812e-16 0.474000007 -1.19820595 0.0500000007 0.0740000308 -1.17820597 0.0500000007 0.0540000312 -1.19820595 2.70716812e-16 0.0740000308 -1.17820597 2.70716812e-16 0.0540000312 -1.19820595 2.70716812e-16 0.0740000308 -1.17820597 0.0500000007 0.0540000312 -0.778205872 0.0500000007 0.053999979 -0.778205872 2.70716812e-16 0.053999979 -1.17820597 0.0500000007 0.0540000312 -1.17820597 2.70716812e-16 0.0540000312 -1.17820597 0.0500000007 0.0540000312 -0.778205872 2.70716812e-16 0.053999979 -1.19820595 0.0500000007 0.474000096 -1.19820595 0.0500000007 0.0740000308 -1.19820595 2.70716812e-16 0.474000096 -1.19820595 2.70716812e-16 0.0740000308 -1.19820595 2.70716812e-16 0.474000096 -1.19820595 0.0500000007 0.0740000308 -1.19820595 0.550000012 0.874000013 -1.17820597 0.550000012 0.893999994 -1.19820595 0.550000012 0.474000007 -1.19820595 0.550000012 0.474000007 -1.17820597 0.550000012 0.893999994 -1.17820597 0.550000012 0.474000007 -1.17820597 0.550000012 0.474000007 -1.17820597 0.550000012 0.893999994 -1.17820597 0.550000012 0.874000013 -1.17820597 0.550000012 0.874000013 -1.17820597 0.550000012 0.893999994 -0.778205872 0.550000012 0.874000013 -0.778205872 0.550000012 0.893999994 -0.778205872 0.550000012 0.874000013 -1.17820597 0.550000012 0.893999994 -1.19820595 0.5 0.874000013 -1.19820595 0.5 0.474000007 -1.17820597 0.5 0.893999994 -1.19820595 0.5 0.474000007 -0.778205872 0.5 0.474000007 -1.17820597 0.5 0.893999994 -0.778205872 0.5 0.893999994 -1.17820597 0.5 0.893999994 -0.778205872 0.5 0.474000007 -1.17820597 0.550000012 0.893999994 -1.19820595 0.550000012 0.874000013 -1.17820597 0.5 0.893999994 -1.19820595 0.5 0.874000013 -1.17820597 0.5 0.893999994 -1.19820595 0.550000012 0.874000013 -1.19820595 0.550000012 0.474000007 -1.19820595 0.5 0.474000007 -1.19820595 0.550000012 0.874000013 -1.19820595 0.5 0.874000013 -1.19820595 0.550000012 0.874000013 -1.19820595 0.5 0.474000007 -0.778205872 0.550000012 0.893999994 -1.17820597 0.550000012 0.893999994 -0.778205872 0.5 0.893999994 -1.17820597 0.5 0.893999994 -0.778205872 0.5 0.893999994 -1.17820597 0.550000012 0.893999994 -1.19820595 0.0500000007 0.474000007 -1.19820595 0.0500000007 0.874000013 -1.17820597 0.0500000007 0.474000007 -1.17820597 0.0500000007 0.474000007 -1.19820595 0.0500000007 0.874000013 -1.17820597 0.0500000007 0.874000013 -1.19820595 0.0500000007 0.874000013 -1.17820597 0.0500000007 0.894000113 -1.17820597 0.0500000007 0.874000013 -1.17820597 0.0500000007 0.874000013 -1.17820597 0.0500000007 0.894000113 -0.778205872 0.0500000007 0.874000013 -0.778205872 0.0500000007 0.893999994 -0.778205872 0.0500000007 0.874000013 -1.17820597 0.0500000007 0.894000113 -1.19820595 2.70716812e-16 0.874000013 -1.19820595 2.70716812e-16 0.474000007 -1.17820597 2.70716812e-16 0.894000113 -1.17820597 2.70716812e-16 0.894000113 -1.19820595 2.70716812e-16 0.474000007 -0.778205872 2.70716812e-16 0.893999994 -0.778205872 2.70716812e-16 0.474000007 -0.778205872 2.70716812e-16 0.893999994 -1.19820595 2.70716812e-16 0.474000007 -1.17820597 0.0500000007 0.894000113 -1.19820595 0.0500000007 0.874000013 -1.17820597 2.70716812e-16 0.894000113 -1.19820595 2.70716812e-16 0.874000013 -1.17820597 2.70716812e-16 0.894000113 -1.19820595 0.0500000007 0.874000013 -1.19820595 0.0500000007 0.474000007 -1.19820595 2.70716812e-16 0.474000007 -1.19820595 0.0500000007 0.874000013 -1.19820595 2.70716812e-16 0.874000013 -1.19820595 0.0500000007 0.874000013 -1.19820595 2.70716812e-16 0.474000007 -0.778205872 0.0500000007 0.893999994 -1.17820597 0.0500000007 0.894000113 -0.778205872 2.70716812e-16 0.893999994 -1.17820597 2.70716812e-16 0.894000113 -0.778205872 2.70716812e-16 0.893999994 -1.17820597 0.0500000007 0.894000113 -0.77820611 -3.60955705e-16 0.474000007 -0.378206104 -3.60955705e-16 0.893999875 -0.77820611 -3.60955705e-16 0.893999875 -0.378206104 -3.60955705e-16 0.893999875 -0.77820611 -3.60955705e-16 0.474000007 -0.378206104 -3.60955705e-16 0.474000007 -0.378206104 0.0500000007 0.893999875 -0.77820611 -3.60955705e-16 0.893999875 -0.378206104 -3.60955705e-16 0.893999875 -0.77820611 -3.60955705e-16 0.893999875 -0.378206104 0.0500000007 0.893999875 -0.77820611 0.0500000007 0.893999875 -0.378206104 0.0500000007 0.893999875 -0.77820611 0.0500000007 0.874000013 -0.77820611 0.0500000007 0.893999875 -0.77820611 0.0500000007 0.874000013 -0.378206104 0.0500000007 0.893999875 -0.378206104 0.0500000007 0.874000013 -0.77820611 0.5 0.474000007 -0.378206104 0.5 0.893999875 -0.77820611 0.5 0.893999875 -0.378206104 0.5 0.893999875 -0.77820611 0.5 0.474000007 -0.378206104 0.5 0.474000007 -0.378206104 0.550000012 0.893999875 -0.77820611 0.5 0.893999875 -0.378206104 0.5 0.893999875 -0.77820611 0.5 0.893999875 -0.378206104 0.550000012 0.893999875 -0.77820611 0.550000012 0.893999875 -0.378206104 0.550000012 0.893999875 -0.77820611 0.550000012 0.874000013 -0.77820611 0.550000012 0.893999875 -0.77820611 0.550000012 0.874000013 -0.378206104 0.550000012 0.893999875 -0.378206104 0.550000012 0.874000013 -0.378206193 0.899999976 0.0739999413 0.0217938405 0.929999888 0.074000001 0.0217938405 0.899999976 0.074000001 0.0217938405 0.929999888 0.074000001 -0.378206193 0.899999976 0.0739999413 -0.378206193 0.929999888 0.0739999413 0.0217938405 0.929999888 0.074000001 0.0217937808 0.899999976 0.474000007 0.0217938405 0.899999976 0.074000001 0.0217937808 0.899999976 0.474000007 0.0217938405 0.929999888 0.074000001 0.0217937808 0.929999888 0.474000007 -0.378206193 0.980000019 0.123999998 -0.0282061808 0.899999976 0.123999998 -0.0282061808 0.980000019 0.123999998 -0.0282061808 0.899999976 0.123999998 -0.378206193 0.980000019 0.123999998 -0.378206193 0.899999976 0.123999998 0.0417938381 0.980000019 0.074000001 0.0417937785 0.929999888 0.474000007 0.0417938381 0.929999888 0.074000001 0.0417937785 0.929999888 0.474000007 0.0417938381 0.980000019 0.074000001 0.0417937785 0.980000019 0.474000007 -0.378206193 0.929999888 0.0539999492 0.0217938405 0.929999888 0.074000001 -0.378206193 0.929999888 0.0739999413 0.0217938405 0.929999888 0.074000001 -0.378206193 0.929999888 0.0539999492 0.0417938381 0.929999888 0.074000001 0.0417938381 0.929999888 0.074000001 -0.378206193 0.929999888 0.0539999492 0.0217938405 0.929999888 0.0540000089 0.0417937785 0.929999888 0.474000007 0.0217938405 0.929999888 0.074000001 0.0417938381 0.929999888 0.074000001 0.0217938405 0.929999888 0.074000001 0.0417937785 0.929999888 0.474000007 0.0217937808 0.929999888 0.474000007 0.0417938381 0.980000019 0.074000001 -0.0282062292 0.980000019 0.474000007 0.0417937785 0.980000019 0.474000007 -0.0282062292 0.980000019 0.474000007 0.0417938381 0.980000019 0.074000001 -0.0282061808 0.980000019 0.123999998 -0.0282061808 0.980000019 0.123999998 0.0417938381 0.980000019 0.074000001 -0.378206193 0.980000019 0.123999998 -0.378206193 0.980000019 0.123999998 0.0417938381 0.980000019 0.074000001 -0.378206193 0.980000019 0.0539999492 -0.378206193 0.980000019 0.0539999492 0.0417938381 0.980000019 0.074000001 0.0217938405 0.980000019 0.0540000089 -0.378206193 0.929999888 0.0539999492 0.0217938405 0.980000019 0.0540000089 0.0217938405 0.929999888 0.0540000089 0.0217938405 0.980000019 0.0540000089 -0.378206193 0.929999888 0.0539999492 -0.378206193 0.980000019 0.0539999492 0.0217938405 0.929999888 0.0540000089 0.0417938381 0.980000019 0.074000001 0.0417938381 0.929999888 0.074000001 0.0417938381 0.980000019 0.074000001 0.0217938405 0.929999888 0.0540000089 0.0217938405 0.980000019 0.0540000089 -0.0282062292 0.980000019 0.474000007 -0.0282061808 0.899999976 0.123999998 -0.0282062292 0.899999976 0.474000007 -0.0282061808 0.899999976 0.123999998 -0.0282062292 0.980000019 0.474000007 -0.0282061808 0.980000019 0.123999998 0.0217937808 0.899999976 0.474000007 0.0217937808 0.929999888 0.874000013 0.0217937808 0.899999976 0.874000013 0.0217937808 0.929999888 0.874000013 0.0217937808 0.899999976 0.474000007 0.0217937808 0.929999888 0.474000007 0.0217937808 0.929999888 0.874000013 -0.378206193 0.899999976 0.874000013 0.0217937808 0.899999976 0.874000013 -0.378206193 0.899999976 0.874000013 0.0217937808 0.929999888 0.874000013 -0.378206193 0.929999888 0.874000013 -0.0282062106 0.980000019 0.474000007 -0.0282062106 0.899999976 0.824000001 -0.0282062106 0.980000019 0.824000001 -0.0282062106 0.899999976 0.824000001 -0.0282062106 0.980000019 0.474000007 -0.0282062106 0.899999976 0.474000007 0.0217937808 0.980000019 0.893999994 -0.378206193 0.929999888 0.893999994 0.0217937808 0.929999888 0.893999994 -0.378206193 0.929999888 0.893999994 0.0217937808 0.980000019 0.893999994 -0.378206193 0.980000019 0.893999994 0.0417937785 0.929999888 0.474000007 0.0217937808 0.929999888 0.874000013 0.0217937808 0.929999888 0.474000007 0.0217937808 0.929999888 0.874000013 0.0417937785 0.929999888 0.474000007 0.0217937808 0.929999888 0.893999994 0.0217937808 0.929999888 0.893999994 0.0417937785 0.929999888 0.474000007 0.0417937785 0.929999888 0.874000013 -0.378206193 0.929999888 0.893999994 0.0217937808 0.929999888 0.874000013 0.0217937808 0.929999888 0.893999994 0.0217937808 0.929999888 0.874000013 -0.378206193 0.929999888 0.893999994 -0.378206193 0.929999888 0.874000013 0.0217937808 0.980000019 0.893999994 -0.378206193 0.980000019 0.824000001 -0.378206193 0.980000019 0.893999994 -0.378206193 0.980000019 0.824000001 0.0217937808 0.980000019 0.893999994 -0.0282062106 0.980000019 0.824000001 -0.0282062106 0.980000019 0.824000001 0.0217937808 0.980000019 0.893999994 -0.0282062106 0.980000019 0.474000007 -0.0282062106 0.980000019 0.474000007 0.0217937808 0.980000019 0.893999994 0.0417937785 0.980000019 0.474000007 0.0417937785 0.980000019 0.474000007 0.0217937808 0.980000019 0.893999994 0.0417937785 0.980000019 0.874000013 0.0417937785 0.929999888 0.474000007 0.0417937785 0.980000019 0.874000013 0.0417937785 0.929999888 0.874000013 0.0417937785 0.980000019 0.874000013 0.0417937785 0.929999888 0.474000007 0.0417937785 0.980000019 0.474000007 0.0417937785 0.929999888 0.874000013 0.0217937808 0.980000019 0.893999994 0.0217937808 0.929999888 0.893999994 0.0217937808 0.980000019 0.893999994 0.0417937785 0.929999888 0.874000013 0.0417937785 0.980000019 0.874000013 -0.378206193 0.980000019 0.824000001 -0.0282062106 0.899999976 0.824000001 -0.378206193 0.899999976 0.824000001 -0.0282062106 0.899999976 0.824000001 -0.378206193 0.980000019 0.824000001 -0.0282062106 0.980000019 0.824000001 -0.378206015 0.529999971 -0.345999986 0.0217940994 0.529999971 -0.326000005 -0.378206015 0.529999971 -0.326000005 0.0217940994 0.529999971 -0.326000005 -0.378206015 0.529999971 -0.345999986 0.0217940994 0.529999971 -0.345999986 -0.378206015 0.5 -0.326000005 0.0217940994 0.529999971 -0.326000005 0.0217940994 0.5 -0.326000005 0.0217940994 0.529999971 -0.326000005 -0.378206015 0.5 -0.326000005 -0.378206015 0.529999971 -0.326000005 -0.378206015 0.579999983 -0.275999993 0.0217940807 0.5 -0.275999993 0.0217940807 0.579999983 -0.275999993 0.0217940807 0.5 -0.275999993 -0.378206015 0.579999983 -0.275999993 -0.378206015 0.5 -0.275999993 0.0217940807 0.579999983 -0.275999993 -0.378206015 0.579999983 -0.345999986 -0.378206015 0.579999983 -0.275999993 -0.378206015 0.579999983 -0.345999986 0.0217940807 0.579999983 -0.275999993 0.0217940994 0.579999983 -0.345999986 -0.378206015 0.529999971 -0.345999986 0.0217940994 0.579999983 -0.345999986 0.0217940994 0.529999971 -0.345999986 0.0217940994 0.579999983 -0.345999986 -0.378206015 0.529999971 -0.345999986 -0.378206015 0.579999983 -0.345999986 0.0217938907 0.5 -0.326000005 0.421793908 0.529999971 -0.326000005 0.421793908 0.5 -0.326000005 0.421793908 0.529999971 -0.326000005 0.0217938907 0.5 -0.326000005 0.0217938907 0.529999971 -0.326000005 0.421793908 0.529999971 -0.326000005 0.421793908 0.5 0.0740000829 0.421793908 0.5 -0.326000005 0.421793908 0.5 0.0740000829 0.421793908 0.529999971 -0.326000005 0.421793908 0.529999971 0.0740000829 0.0217938703 0.579999983 -0.275999993 0.371793896 0.5 -0.275999993 0.371793896 0.579999983 -0.275999993 0.371793896 0.5 -0.275999993 0.0217938703 0.579999983 -0.275999993 0.0217938703 0.5 -0.275999993 0.441793889 0.579999983 -0.326000005 0.441793889 0.529999971 0.0740000829 0.441793889 0.529999971 -0.326000005 0.441793889 0.529999971 0.0740000829 0.441793889 0.579999983 -0.326000005 0.441793889 0.579999983 0.0740000829 0.0217938907 0.529999971 -0.345999986 0.421793908 0.529999971 -0.326000005 0.0217938907 0.529999971 -0.326000005 0.421793908 0.529999971 -0.326000005 0.0217938907 0.529999971 -0.345999986 0.441793889 0.529999971 -0.326000005 0.441793889 0.529999971 -0.326000005 0.0217938907 0.529999971 -0.345999986 0.421793908 0.529999971 -0.345999986 0.441793889 0.529999971 0.0740000829 0.421793908 0.529999971 -0.326000005 0.441793889 0.529999971 -0.326000005 0.421793908 0.529999971 -0.326000005 0.441793889 0.529999971 0.0740000829 0.421793908 0.529999971 0.0740000829 0.441793889 0.579999983 -0.326000005 0.371793896 0.579999983 0.0740000606 0.441793889 0.579999983 0.0740000829 0.371793896 0.579999983 0.0740000606 0.441793889 0.579999983 -0.326000005 0.371793896 0.579999983 -0.275999993 0.371793896 0.579999983 -0.275999993 0.441793889 0.579999983 -0.326000005 0.0217938703 0.579999983 -0.275999993 0.0217938703 0.579999983 -0.275999993 0.441793889 0.579999983 -0.326000005 0.0217938907 0.579999983 -0.345999986 0.0217938907 0.579999983 -0.345999986 0.441793889 0.579999983 -0.326000005 0.421793908 0.579999983 -0.345999986 0.0217938907 0.529999971 -0.345999986 0.421793908 0.579999983 -0.345999986 0.421793908 0.529999971 -0.345999986 0.421793908 0.579999983 -0.345999986 0.0217938907 0.529999971 -0.345999986 0.0217938907 0.579999983 -0.345999986 0.421793908 0.529999971 -0.345999986 0.441793889 0.579999983 -0.326000005 0.441793889 0.529999971 -0.326000005 0.441793889 0.579999983 -0.326000005 0.421793908 0.529999971 -0.345999986 0.421793908 0.579999983 -0.345999986 0.371793896 0.579999983 0.0740000606 0.371793896 0.5 -0.275999993 0.371793896 0.5 0.0740000606 0.371793896 0.5 -0.275999993 0.371793896 0.579999983 0.0740000606 0.371793896 0.579999983 -0.275999993 -0.778206289 0.5 0.0740000233 -0.778206289 0.529999971 -0.326000005 -0.778206289 0.5 -0.326000005 -0.778206289 0.529999971 -0.326000005 -0.778206289 0.5 0.0740000233 -0.778206289 0.529999971 0.0740000233 -0.778206289 0.529999971 -0.326000005 -0.378206313 0.5 -0.326000005 -0.778206289 0.5 -0.326000005 -0.378206313 0.5 -0.326000005 -0.778206289 0.529999971 -0.326000005 -0.378206313 0.529999971 -0.326000005 -0.728206277 0.579999983 0.0740000233 -0.728206277 0.5 -0.275999993 -0.728206277 0.579999983 -0.275999993 -0.728206277 0.5 -0.275999993 -0.728206277 0.579999983 0.0740000233 -0.728206277 0.5 0.0740000233 -0.778206289 0.579999983 -0.345999986 -0.378206313 0.529999971 -0.345999986 -0.778206289 0.529999971 -0.345999986 -0.378206313 0.529999971 -0.345999986 -0.778206289 0.579999983 -0.345999986 -0.378206313 0.579999983 -0.345999986 -0.798206329 0.529999971 0.0740000233 -0.778206289 0.529999971 -0.326000005 -0.778206289 0.529999971 0.0740000233 -0.778206289 0.529999971 -0.326000005 -0.798206329 0.529999971 0.0740000233 -0.778206289 0.529999971 -0.345999986 -0.778206289 0.529999971 -0.345999986 -0.798206329 0.529999971 0.0740000233 -0.798206329 0.529999971 -0.326000005 -0.378206313 0.529999971 -0.345999986 -0.778206289 0.529999971 -0.326000005 -0.778206289 0.529999971 -0.345999986 -0.778206289 0.529999971 -0.326000005 -0.378206313 0.529999971 -0.345999986 -0.378206313 0.529999971 -0.326000005 -0.778206289 0.579999983 -0.345999986 -0.378206313 0.579999983 -0.275999993 -0.378206313 0.579999983 -0.345999986 -0.378206313 0.579999983 -0.275999993 -0.778206289 0.579999983 -0.345999986 -0.728206277 0.579999983 -0.275999993 -0.728206277 0.579999983 -0.275999993 -0.778206289 0.579999983 -0.345999986 -0.728206277 0.579999983 0.0740000233 -0.728206277 0.579999983 0.0740000233 -0.778206289 0.579999983 -0.345999986 -0.798206329 0.579999983 0.0740000233 -0.798206329 0.579999983 0.0740000233 -0.778206289 0.579999983 -0.345999986 -0.798206329 0.579999983 -0.326000005 -0.798206329 0.529999971 0.0740000233 -0.798206329 0.579999983 -0.326000005 -0.798206329 0.529999971 -0.326000005 -0.798206329 0.579999983 -0.326000005 -0.798206329 0.529999971 0.0740000233 -0.798206329 0.579999983 0.0740000233 -0.798206329 0.529999971 -0.326000005 -0.778206289 0.579999983 -0.345999986 -0.778206289 0.529999971 -0.345999986 -0.778206289 0.579999983 -0.345999986 -0.798206329 0.529999971 -0.326000005 -0.798206329 0.579999983 -0.326000005 -0.378206313 0.579999983 -0.275999993 -0.728206277 0.5 -0.275999993 -0.378206313 0.5 -0.275999993 -0.728206277 0.5 -0.275999993 -0.378206313 0.579999983 -0.275999993 -0.728206277 0.579999983 -0.275999993 0.371793896 0.579999983 0.423999995 0.371793896 0.579999983 0.074000001 0.371793896 0.5 0.423999995 0.371793896 0.5 0.074000001 0.371793896 0.5 0.423999995 0.371793896 0.579999983 0.074000001 0.421793908 0.579999983 0.494000107 0.421793908 0.529999971 0.494000107 0.441793889 0.579999983 0.474000096 0.441793889 0.529999971 0.474000096 0.441793889 0.579999983 0.474000096 0.421793908 0.529999971 0.494000107 0.0217938293 0.579999983 0.493999988 0.0217938293 0.529999971 0.493999988 0.421793908 0.579999983 0.494000107 0.421793908 0.529999971 0.494000107 0.421793908 0.579999983 0.494000107 0.0217938293 0.529999971 0.493999988 0.421793908 0.579999983 0.494000107 0.441793889 0.579999983 0.474000096 0.0217938293 0.579999983 0.493999988 0.0217938293 0.579999983 0.493999988 0.441793889 0.579999983 0.474000096 0.0217938405 0.579999983 0.423999995 0.0217938405 0.579999983 0.423999995 0.441793889 0.579999983 0.474000096 0.371793896 0.579999983 0.423999995 0.371793896 0.579999983 0.423999995 0.441793889 0.579999983 0.474000096 0.371793896 0.579999983 0.074000001 0.441793889 0.579999983 0.0740000233 0.371793896 0.579999983 0.074000001 0.441793889 0.579999983 0.474000096 0.421793908 0.529999971 0.0740000233 0.441793889 0.529999971 0.0740000233 0.421793908 0.529999971 0.474000096 0.441793889 0.529999971 0.474000096 0.421793908 0.529999971 0.474000096 0.441793889 0.529999971 0.0740000233 0.421793908 0.529999971 0.494000107 0.0217938293 0.529999971 0.493999988 0.441793889 0.529999971 0.474000096 0.441793889 0.529999971 0.474000096 0.0217938293 0.529999971 0.493999988 0.421793908 0.529999971 0.474000096 0.0217938293 0.529999971 0.474000007 0.421793908 0.529999971 0.474000096 0.0217938293 0.529999971 0.493999988 0.441793889 0.579999983 0.0740000233 0.441793889 0.579999983 0.474000096 0.441793889 0.529999971 0.0740000233 0.441793889 0.529999971 0.474000096 0.441793889 0.529999971 0.0740000233 0.441793889 0.579999983 0.474000096 0.0217938405 0.5 0.423999995 0.0217938405 0.579999983 0.423999995 0.371793896 0.5 0.423999995 0.371793896 0.579999983 0.423999995 0.371793896 0.5 0.423999995 0.0217938405 0.579999983 0.423999995 0.421793908 0.529999971 0.0740000233 0.421793908 0.529999971 0.474000096 0.421793908 0.5 0.0740000233 0.421793908 0.5 0.474000096 0.421793908 0.5 0.0740000233 0.421793908 0.529999971 0.474000096 0.0217938293 0.529999971 0.474000007 0.0217938293 0.5 0.474000007 0.421793908 0.529999971 0.474000096 0.421793908 0.5 0.474000096 0.421793908 0.529999971 0.474000096 0.0217938293 0.5 0.474000007 -0.778205872 0.899999976 0.874000013 -1.17820597 0.929999888 0.874000072 -1.17820597 0.899999976 0.874000072 -1.17820597 0.929999888 0.874000072 -0.778205872 0.899999976 0.874000013 -0.778205872 0.929999888 0.874000013 -1.17820597 0.929999888 0.874000072 -1.17820597 0.899999976 0.474000007 -1.17820597 0.899999976 0.874000072 -1.17820597 0.899999976 0.474000007 -1.17820597 0.929999888 0.874000072 -1.17820597 0.929999888 0.474000007 -0.778205872 0.980000019 0.824000001 -1.12820601 0.899999976 0.82400012 -1.12820601 0.980000019 0.82400012 -1.12820601 0.899999976 0.82400012 -0.778205872 0.980000019 0.824000001 -0.778205872 0.899999976 0.824000001 -1.19820595 0.980000019 0.874000072 -1.19820595 0.929999888 0.474000007 -1.19820595 0.929999888 0.874000072 -1.19820595 0.929999888 0.474000007 -1.19820595 0.980000019 0.874000072 -1.19820595 0.980000019 0.474000007 -0.778205872 0.929999888 0.893999994 -1.17820597 0.929999888 0.874000072 -0.778205872 0.929999888 0.874000013 -1.17820597 0.929999888 0.874000072 -0.778205872 0.929999888 0.893999994 -1.19820595 0.929999888 0.874000072 -1.19820595 0.929999888 0.874000072 -0.778205872 0.929999888 0.893999994 -1.17820597 0.929999888 0.894000113 -1.19820595 0.929999888 0.474000007 -1.17820597 0.929999888 0.874000072 -1.19820595 0.929999888 0.874000072 -1.17820597 0.929999888 0.874000072 -1.19820595 0.929999888 0.474000007 -1.17820597 0.929999888 0.474000007 -1.19820595 0.980000019 0.874000072 -1.12820601 0.980000019 0.474000007 -1.19820595 0.980000019 0.474000007 -1.12820601 0.980000019 0.474000007 -1.19820595 0.980000019 0.874000072 -1.12820601 0.980000019 0.82400012 -1.12820601 0.980000019 0.82400012 -1.19820595 0.980000019 0.874000072 -0.778205872 0.980000019 0.824000001 -0.778205872 0.980000019 0.824000001 -1.19820595 0.980000019 0.874000072 -0.778205872 0.980000019 0.893999994 -0.778205872 0.980000019 0.893999994 -1.19820595 0.980000019 0.874000072 -1.17820597 0.980000019 0.894000113 -0.778205872 0.929999888 0.893999994 -1.17820597 0.980000019 0.894000113 -1.17820597 0.929999888 0.894000113 -1.17820597 0.980000019 0.894000113 -0.778205872 0.929999888 0.893999994 -0.778205872 0.980000019 0.893999994 -1.17820597 0.929999888 0.894000113 -1.19820595 0.980000019 0.874000072 -1.19820595 0.929999888 0.874000072 -1.19820595 0.980000019 0.874000072 -1.17820597 0.929999888 0.894000113 -1.17820597 0.980000019 0.894000113 -1.12820601 0.980000019 0.474000007 -1.12820601 0.899999976 0.82400012 -1.12820601 0.899999976 0.474000007 -1.12820601 0.899999976 0.82400012 -1.12820601 0.980000019 0.474000007 -1.12820601 0.980000019 0.82400012 -1.17820597 0.899999976 0.474000007 -1.17820597 0.929999888 0.074000001 -1.17820597 0.899999976 0.074000001 -1.17820597 0.929999888 0.074000001 -1.17820597 0.899999976 0.474000007 -1.17820597 0.929999888 0.474000007 -1.17820597 0.929999888 0.074000001 -0.778205872 0.899999976 0.074000001 -1.17820597 0.899999976 0.074000001 -0.778205872 0.899999976 0.074000001 -1.17820597 0.929999888 0.074000001 -0.778205872 0.929999888 0.074000001 -1.12820601 0.980000019 0.474000007 -1.12820601 0.899999976 0.123999998 -1.12820601 0.980000019 0.123999998 -1.12820601 0.899999976 0.123999998 -1.12820601 0.980000019 0.474000007 -1.12820601 0.899999976 0.474000007 -1.17820597 0.980000019 0.0540000089 -0.778205872 0.929999888 0.0540000089 -1.17820597 0.929999888 0.0540000089 -0.778205872 0.929999888 0.0540000089 -1.17820597 0.980000019 0.0540000089 -0.778205872 0.980000019 0.0540000089 -1.19820595 0.929999888 0.474000007 -1.17820597 0.929999888 0.074000001 -1.17820597 0.929999888 0.474000007 -1.17820597 0.929999888 0.074000001 -1.19820595 0.929999888 0.474000007 -1.17820597 0.929999888 0.0540000089 -1.17820597 0.929999888 0.0540000089 -1.19820595 0.929999888 0.474000007 -1.19820595 0.929999888 0.074000001 -0.778205872 0.929999888 0.0540000089 -1.17820597 0.929999888 0.074000001 -1.17820597 0.929999888 0.0540000089 -1.17820597 0.929999888 0.074000001 -0.778205872 0.929999888 0.0540000089 -0.778205872 0.929999888 0.074000001 -1.17820597 0.980000019 0.0540000089 -0.778205872 0.980000019 0.123999998 -0.778205872 0.980000019 0.0540000089 -0.778205872 0.980000019 0.123999998 -1.17820597 0.980000019 0.0540000089 -1.12820601 0.980000019 0.123999998 -1.12820601 0.980000019 0.123999998 -1.17820597 0.980000019 0.0540000089 -1.12820601 0.980000019 0.474000007 -1.12820601 0.980000019 0.474000007 -1.17820597 0.980000019 0.0540000089 -1.19820595 0.980000019 0.474000007 -1.19820595 0.980000019 0.474000007 -1.17820597 0.980000019 0.0540000089 -1.19820595 0.980000019 0.074000001 -1.19820595 0.929999888 0.474000007 -1.19820595 0.980000019 0.074000001 -1.19820595 0.929999888 0.074000001 -1.19820595 0.980000019 0.074000001 -1.19820595 0.929999888 0.474000007 -1.19820595 0.980000019 0.474000007 -1.19820595 0.929999888 0.074000001 -1.17820597 0.980000019 0.0540000089 -1.17820597 0.929999888 0.0540000089 -1.17820597 0.980000019 0.0540000089 -1.19820595 0.929999888 0.074000001 -1.19820595 0.980000019 0.074000001 -0.778205872 0.980000019 0.123999998 -1.12820601 0.899999976 0.123999998 -0.778205872 0.899999976 0.123999998 -1.12820601 0.899999976 0.123999998 -0.778205872 0.980000019 0.123999998 -1.12820601 0.980000019 0.123999998 -0.77820611 0.929999888 0.0539999492 -0.378206015 0.929999888 0.074000001 -0.77820611 0.929999888 0.0739999413 -0.378206015 0.929999888 0.074000001 -0.77820611 0.929999888 0.0539999492 -0.378206015 0.929999888 0.0540000089 -0.77820611 0.899999976 0.0739999413 -0.378206015 0.929999888 0.074000001 -0.378206015 0.899999976 0.074000001 -0.378206015 0.929999888 0.074000001 -0.77820611 0.899999976 0.0739999413 -0.77820611 0.929999888 0.0739999413 -0.77820611 0.980000019 0.123999998 -0.378206015 0.899999976 0.123999998 -0.378206015 0.980000019 0.123999998 -0.378206015 0.899999976 0.123999998 -0.77820611 0.980000019 0.123999998 -0.77820611 0.899999976 0.123999998 -0.378206015 0.980000019 0.123999998 -0.77820611 0.980000019 0.0539999492 -0.77820611 0.980000019 0.123999998 -0.77820611 0.980000019 0.0539999492 -0.378206015 0.980000019 0.123999998 -0.378206015 0.980000019 0.0540000089 -0.77820611 0.929999888 0.0539999492 -0.378206015 0.980000019 0.0540000089 -0.378206015 0.929999888 0.0540000089 -0.378206015 0.980000019 0.0540000089 -0.77820611 0.929999888 0.0539999492 -0.77820611 0.980000019 0.0539999492 -0.378206015 0.929999888 0.893999994 -0.77820611 0.929999888 0.874000072 -0.378206015 0.929999888 0.874000013 -0.77820611 0.929999888 0.874000072 -0.378206015 0.929999888 0.893999994 -0.77820611 0.929999888 0.894000113 -0.378206015 0.899999976 0.874000013 -0.77820611 0.929999888 0.874000072 -0.77820611 0.899999976 0.874000072 -0.77820611 0.929999888 0.874000072 -0.378206015 0.899999976 0.874000013 -0.378206015 0.929999888 0.874000013 -0.378206015 0.980000019 0.824000001 -0.77820611 0.899999976 0.82400012 -0.77820611 0.980000019 0.82400012 -0.77820611 0.899999976 0.82400012 -0.378206015 0.980000019 0.824000001 -0.378206015 0.899999976 0.824000001 -0.77820611 0.980000019 0.82400012 -0.378206015 0.980000019 0.893999994 -0.378206015 0.980000019 0.824000001 -0.378206015 0.980000019 0.893999994 -0.77820611 0.980000019 0.82400012 -0.77820611 0.980000019 0.894000113 -0.378206015 0.929999888 0.893999994 -0.77820611 0.980000019 0.894000113 -0.77820611 0.929999888 0.894000113 -0.77820611 0.980000019 0.894000113 -0.378206015 0.929999888 0.893999994 -0.378206015 0.980000019 0.893999994 0.308202714 0.588500023 0.30278641 0.284812391 0.559000015 0.323646098 0.29345271 0.559000015 0.30278641 0.284812391 0.559000015 0.323646098 0.308202714 0.588500023 0.30278641 0.29524219 0.588500023 0.334075898 0.243093103 0.559000015 0.323646098 0.219702706 0.588500023 0.30278641 0.234452695 0.559000015 0.30278641 0.219702706 0.588500023 0.30278641 0.243093103 0.559000015 0.323646098 0.232663304 0.588500023 0.334075898 0.284812391 0.559000015 0.323646098 0.263952702 0.5 0.332286388 0.284812391 0.5 0.323646098 0.263952702 0.5 0.332286388 0.284812391 0.559000015 0.323646098 0.263952702 0.559000015 0.332286388 0.308202714 0.588500023 0.30278641 0.284812391 0.559000015 0.281926811 0.29524219 0.588500023 0.271497011 0.284812391 0.559000015 0.281926811 0.308202714 0.588500023 0.30278641 0.29345271 0.559000015 0.30278641 0.263952702 0.588500023 0.347036511 0.243093103 0.559000015 0.323646098 0.263952702 0.559000015 0.332286388 0.243093103 0.559000015 0.323646098 0.263952702 0.588500023 0.347036511 0.232663304 0.588500023 0.334075898 0.263952702 0.588500023 0.258536398 0.284812391 0.559000015 0.281926811 0.263952702 0.559000015 0.273286402 0.284812391 0.559000015 0.281926811 0.263952702 0.588500023 0.258536398 0.29524219 0.588500023 0.271497011 0.232663304 0.588500023 0.271497011 0.263952702 0.559000015 0.273286402 0.243093103 0.559000015 0.281926811 0.263952702 0.559000015 0.273286402 0.232663304 0.588500023 0.271497011 0.263952702 0.588500023 0.258536398 0.284812391 0.617999971 0.323646098 0.308202714 0.588500023 0.30278641 0.29345271 0.617999971 0.30278641 0.308202714 0.588500023 0.30278641 0.284812391 0.617999971 0.323646098 0.29524219 0.588500023 0.334075898 0.263952702 0.559000015 0.332286388 0.243093103 0.5 0.323646098 0.263952702 0.5 0.332286388 0.243093103 0.5 0.323646098 0.263952702 0.559000015 0.332286388 0.243093103 0.559000015 0.323646098 0.243093103 0.559000015 0.281926811 0.263952702 0.5 0.273286402 0.243093103 0.5 0.281926811 0.263952702 0.5 0.273286402 0.243093103 0.559000015 0.281926811 0.263952702 0.559000015 0.273286402 0.234452695 0.5 0.30278641 0.243093103 0.559000015 0.281926811 0.243093103 0.5 0.281926811 0.243093103 0.559000015 0.281926811 0.234452695 0.5 0.30278641 0.234452695 0.559000015 0.30278641 0.29524219 0.588500023 0.334075898 0.263952702 0.559000015 0.332286388 0.284812391 0.559000015 0.323646098 0.263952702 0.559000015 0.332286388 0.29524219 0.588500023 0.334075898 0.263952702 0.588500023 0.347036511 0.243093103 0.617999971 0.281926811 0.263952702 0.588500023 0.258536398 0.232663304 0.588500023 0.271497011 0.263952702 0.588500023 0.258536398 0.243093103 0.617999971 0.281926811 0.263952702 0.617999971 0.273286402 0.284812391 0.617999971 0.281926811 0.308202714 0.588500023 0.30278641 0.29524219 0.588500023 0.271497011 0.308202714 0.588500023 0.30278641 0.284812391 0.617999971 0.281926811 0.29345271 0.617999971 0.30278641 0.263952702 0.617999971 0.273286402 0.29524219 0.588500023 0.271497011 0.263952702 0.588500023 0.258536398 0.29524219 0.588500023 0.271497011 0.263952702 0.617999971 0.273286402 0.284812391 0.617999971 0.281926811 0.243093103 0.559000015 0.281926811 0.219702706 0.588500023 0.30278641 0.232663304 0.588500023 0.271497011 0.219702706 0.588500023 0.30278641 0.243093103 0.559000015 0.281926811 0.234452695 0.559000015 0.30278641 0.263952702 0.617999971 0.332286388 0.232663304 0.588500023 0.334075898 0.263952702 0.588500023 0.347036511 0.232663304 0.588500023 0.334075898 0.263952702 0.617999971 0.332286388 0.243093103 0.617999971 0.323646098 0.219702706 0.588500023 0.30278641 0.243093103 0.617999971 0.281926811 0.232663304 0.588500023 0.271497011 0.243093103 0.617999971 0.281926811 0.219702706 0.588500023 0.30278641 0.234452695 0.617999971 0.30278641 0.284812391 0.617999971 0.281926811 0.284812391 0.617999971 0.323646098 0.29345271 0.617999971 0.30278641 0.284812391 0.617999971 0.323646098 0.284812391 0.617999971 0.281926811 0.263952702 0.617999971 0.273286402 0.284812391 0.617999971 0.323646098 0.263952702 0.617999971 0.273286402 0.263952702 0.617999971 0.332286388 0.263952702 0.617999971 0.332286388 0.263952702 0.617999971 0.273286402 0.243093103 0.617999971 0.281926811 0.263952702 0.617999971 0.332286388 0.243093103 0.617999971 0.281926811 0.243093103 0.617999971 0.323646098 0.243093103 0.617999971 0.323646098 0.243093103 0.617999971 0.281926811 0.234452695 0.617999971 0.30278641 0.29345271 0.559000015 0.30278641 0.284812391 0.5 0.281926811 0.284812391 0.559000015 0.281926811 0.284812391 0.5 0.281926811 0.29345271 0.559000015 0.30278641 0.29345271 0.5 0.30278641 0.263952702 0.559000015 0.273286402 0.284812391 0.5 0.281926811 0.263952702 0.5 0.273286402 0.284812391 0.5 0.281926811 0.263952702 0.559000015 0.273286402 0.284812391 0.559000015 0.281926811 0.219702706 0.588500023 0.30278641 0.243093103 0.617999971 0.323646098 0.234452695 0.617999971 0.30278641 0.243093103 0.617999971 0.323646098 0.219702706 0.588500023 0.30278641 0.232663304 0.588500023 0.334075898 0.284812391 0.559000015 0.323646098 0.29345271 0.5 0.30278641 0.29345271 0.559000015 0.30278641 0.29345271 0.5 0.30278641 0.284812391 0.559000015 0.323646098 0.284812391 0.5 0.323646098 0.284812391 0.617999971 0.323646098 0.263952702 0.588500023 0.347036511 0.29524219 0.588500023 0.334075898 0.263952702 0.588500023 0.347036511 0.284812391 0.617999971 0.323646098 0.263952702 0.617999971 0.332286388 0.243093103 0.5 0.323646098 0.234452695 0.559000015 0.30278641 0.234452695 0.5 0.30278641 0.234452695 0.559000015 0.30278641 0.243093103 0.5 0.323646098 0.243093103 0.559000015 0.323646098 0.0217940398 0.5 0.874000013 -0.378206015 0.5 0.874000013 0.0217940398 0.400000006 0.874000013 -0.378206015 0.400000006 0.874000013 0.0217940398 0.400000006 0.874000013 -0.378206015 0.5 0.874000013 0.0217940398 0.400000006 0.474000007 0.0217940398 0.5 0.474000007 0.0217940398 0.400000006 0.874000013 0.0217940398 0.5 0.874000013 0.0217940398 0.400000006 0.874000013 0.0217940398 0.5 0.474000007 -0.77820611 0.5 -0.326000005 -0.378206104 0.5 -0.326000005 -0.77820611 0.400000006 -0.326000005 -0.378206104 0.400000006 -0.326000005 -0.77820611 0.400000006 -0.326000005 -0.378206104 0.5 -0.326000005 -0.77820611 0.400000006 0.0740000233 -0.77820611 0.5 0.0740000233 -0.77820611 0.400000006 -0.326000005 -0.77820611 0.5 -0.326000005 -0.77820611 0.400000006 -0.326000005 -0.77820611 0.5 0.0740000233 -0.378206015 0.5 -0.326000005 0.0217940398 0.5 -0.326000005 -0.378206015 0.400000006 -0.326000005 0.0217940398 0.400000006 -0.326000005 -0.378206015 0.400000006 -0.326000005 0.0217940398 0.5 -0.326000005 0.421794087 0.5 0.474000007 0.0217941292 0.5 0.474000007 0.421794087 0.400000006 0.474000007 0.0217941292 0.400000006 0.474000007 0.421794087 0.400000006 0.474000007 0.0217941292 0.5 0.474000007 0.421794087 0.400000006 0.0739999935 0.421794087 0.5 0.0739999935 0.421794087 0.400000006 0.474000007 0.421794087 0.5 0.474000007 0.421794087 0.400000006 0.474000007 0.421794087 0.5 0.0739999935 -1.17820597 0.5 0.874000072 -1.17820597 0.5 0.474000007 -1.17820597 0.400000006 0.874000072 -1.17820597 0.400000006 0.474000007 -1.17820597 0.400000006 0.874000072 -1.17820597 0.5 0.474000007 -0.77820611 0.400000006 0.874000013 -0.77820611 0.5 0.874000013 -1.17820597 0.400000006 0.874000072 -1.17820597 0.5 0.874000072 -1.17820597 0.400000006 0.874000072 -0.77820611 0.5 0.874000013 0.421794087 0.5 0.0740000233 0.421794087 0.400000006 -0.326000005 0.421794087 0.5 -0.326000005 0.421794087 0.400000006 -0.326000005 0.421794087 0.5 0.0740000233 0.421794087 0.400000006 0.0740000233 0.0217941292 0.5 -0.326000005 0.421794087 0.400000006 -0.326000005 0.0217941292 0.400000006 -0.326000005 0.421794087 0.400000006 -0.326000005 0.0217941292 0.5 -0.326000005 0.421794087 0.5 -0.326000005 -0.378206104 0.5 0.874000013 -0.77820611 0.5 0.874000013 -0.378206104 0.400000006 0.874000013 -0.77820611 0.400000006 0.874000013 -0.378206104 0.400000006 0.874000013 -0.77820611 0.5 0.874000013 -1.17820597 0.5 0.0740000233 -0.778206229 0.5 0.0740000233 -1.17820597 0.400000006 0.0740000233 -0.778206229 0.400000006 0.0740000233 -1.17820597 0.400000006 0.0740000233 -0.778206229 0.5 0.0740000233 -1.17820597 0.400000006 0.474000007 -1.17820597 0.5 0.474000007 -1.17820597 0.400000006 0.0740000233 -1.17820597 0.5 0.0740000233 -1.17820597 0.400000006 0.0740000233 -1.17820597 0.5 0.474000007 -1.10320604 1.35057497 0.0431145802 -1.22237003 1.20114994 -0.00183577801 -1.10320604 1.20114994 0.0475236289 -1.22237003 1.20114994 -0.00183577801 -1.10320604 1.35057497 0.0431145802 -1.21925306 1.35057497 -0.00495345891 -1.10320604 0.9023 0.0563417301 -1.24508405 0.112499997 0.0208782908 -1.10320604 0.112499997 0.0796461925 -1.24508405 0.112499997 0.0208782908 -1.10320604 0.9023 0.0563417301 -1.22860599 0.9023 0.00439955993 -1.10320604 1.35057497 -0.285114497 -0.984041989 1.20114994 -0.240164205 -1.10320604 1.20114994 -0.289523602 -0.984041989 1.20114994 -0.240164205 -1.10320604 1.35057497 -0.285114497 -0.987159729 1.35057497 -0.237046495 -0.977806628 0.9023 0.00439955993 -1.10320604 0.112499997 0.0796461925 -0.96132791 0.112499997 0.0208782908 -1.10320604 0.112499997 0.0796461925 -0.977806628 0.9023 0.00439955993 -1.10320604 0.9023 0.0563417301 -1.20961499 1.8125 -0.227408707 -1.10320604 1.64942503 -0.276296407 -1.21301699 1.64942503 -0.230811104 -1.10320604 1.64942503 -0.276296407 -1.20961499 1.8125 -0.227408707 -1.10320604 1.8125 -0.271484613 -1.10320604 1.8125 0.0294846706 -1.21301699 1.64942503 -0.0111888004 -1.10320604 1.64942503 0.0342964903 -1.21301699 1.64942503 -0.0111888004 -1.10320604 1.8125 0.0294846706 -1.20961499 1.8125 -0.0145912599 -0.996797383 1.8125 -0.0145912599 -1.10320604 1.64942503 0.0342964903 -0.993394971 1.64942503 -0.0111888004 -1.10320604 1.64942503 0.0342964903 -0.996797383 1.8125 -0.0145912599 -1.10320604 1.8125 0.0294846706 -1.22860599 0.9023 -0.246399507 -1.10320604 0.112499997 -0.321646094 -1.24508405 0.112499997 -0.262878209 -1.10320604 0.112499997 -0.321646094 -1.22860599 0.9023 -0.246399507 -1.10320604 0.9023 -0.298341691 -1.10320604 0.9023 -0.298341691 -0.96132791 0.112499997 -0.262878209 -1.10320604 0.112499997 -0.321646094 -0.96132791 0.112499997 -0.262878209 -1.10320604 0.9023 -0.298341691 -0.977806628 0.9023 -0.246399507 -0.977806628 0.9023 -0.246399507 -0.902559996 0.112499997 -0.120999999 -0.96132791 0.112499997 -0.262878209 -0.902559996 0.112499997 -0.120999999 -0.977806628 0.9023 -0.246399507 -0.925864518 0.9023 -0.120999999 -1.25850296 1.64942503 -0.120999999 -1.20961499 1.8125 -0.227408707 -1.21301699 1.64942503 -0.230811104 -1.20961499 1.8125 -0.227408707 -1.25850296 1.64942503 -0.120999999 -1.25369096 1.8125 -0.120999999 -1.30385196 0.112499997 -0.120999999 -1.22860599 0.9023 0.00439955993 -1.28054798 0.9023 -0.120999999 -1.22860599 0.9023 0.00439955993 -1.30385196 0.112499997 -0.120999999 -1.24508405 0.112499997 0.0208782908 -1.30385196 0.112499997 -0.120999999 -1.22860599 0.9023 -0.246399507 -1.24508405 0.112499997 -0.262878209 -1.22860599 0.9023 -0.246399507 -1.30385196 0.112499997 -0.120999999 -1.28054798 0.9023 -0.120999999 -0.987159729 1.35057497 -0.00495345891 -0.934682488 1.20114994 -0.120999999 -0.939091623 1.35057497 -0.120999999 -0.934682488 1.20114994 -0.120999999 -0.987159729 1.35057497 -0.00495345891 -0.984041989 1.20114994 -0.00183577801 -0.996797383 1.8125 -0.0145912599 -0.947909713 1.64942503 -0.120999999 -0.952721477 1.8125 -0.120999999 -0.947909713 1.64942503 -0.120999999 -0.996797383 1.8125 -0.0145912599 -0.993394971 1.64942503 -0.0111888004 -0.987159729 1.35057497 -0.237046495 -0.934682488 1.20114994 -0.120999999 -0.984041989 1.20114994 -0.240164205 -0.934682488 1.20114994 -0.120999999 -0.987159729 1.35057497 -0.237046495 -0.939091623 1.35057497 -0.120999999 -1.22237003 1.20114994 -0.00183577801 -1.26732099 1.35057497 -0.120999999 -1.27172995 1.20114994 -0.120999999 -1.26732099 1.35057497 -0.120999999 -1.22237003 1.20114994 -0.00183577801 -1.21925306 1.35057497 -0.00495345891 -0.987159729 1.35057497 -0.00495345891 -1.10320604 1.20114994 0.0475236289 -0.984041989 1.20114994 -0.00183577801 -1.10320604 1.20114994 0.0475236289 -0.987159729 1.35057497 -0.00495345891 -1.10320604 1.35057497 0.0431145802 -0.977806628 0.9023 0.00439955993 -0.902559996 0.112499997 -0.120999999 -0.925864518 0.9023 -0.120999999 -0.902559996 0.112499997 -0.120999999 -0.977806628 0.9023 0.00439955993 -0.96132791 0.112499997 0.0208782908 -1.27172995 1.20114994 -0.120999999 -1.21925306 1.35057497 -0.237046495 -1.22237003 1.20114994 -0.240164205 -1.21925306 1.35057497 -0.237046495 -1.27172995 1.20114994 -0.120999999 -1.26732099 1.35057497 -0.120999999 -1.22237003 1.20114994 -0.240164205 -1.10320604 1.35057497 -0.285114497 -1.10320604 1.20114994 -0.289523602 -1.10320604 1.35057497 -0.285114497 -1.22237003 1.20114994 -0.240164205 -1.21925306 1.35057497 -0.237046495 -1.10320604 1.8125 -0.271484613 -0.993394971 1.64942503 -0.230811104 -1.10320604 1.64942503 -0.276296407 -0.993394971 1.64942503 -0.230811104 -1.10320604 1.8125 -0.271484613 -0.996797383 1.8125 -0.227408707 -0.996797383 1.8125 -0.227408707 -0.947909713 1.64942503 -0.120999999 -0.993394971 1.64942503 -0.230811104 -0.947909713 1.64942503 -0.120999999 -0.996797383 1.8125 -0.227408707 -0.952721477 1.8125 -0.120999999 -1.21301699 1.64942503 -0.0111888004 -1.25369096 1.8125 -0.120999999 -1.25850296 1.64942503 -0.120999999 -1.25369096 1.8125 -0.120999999 -1.21301699 1.64942503 -0.0111888004 -1.20961499 1.8125 -0.0145912599 -0.71820581 0.848999977 0.00399999321 -0.748205781 0.5 0.00399999321 -0.71820581 0.5 0.00399999321 -0.748205781 0.5 0.00399999321 -0.71820581 0.848999977 0.00399999321 -0.748205781 0.848999977 0.00399999321 -0.71820581 0.848999977 0.00399999321 -0.71820581 0.5 -0.0260000098 -0.71820581 0.839999974 -0.0260000098 -0.71820581 0.5 -0.0260000098 -0.71820581 0.848999977 0.00399999321 -0.71820581 0.5 0.00399999321 -0.748205781 0.5 0.00399999321 -0.748205781 0.839999974 -0.0260000098 -0.748205781 0.5 -0.0260000098 -0.748205781 0.839999974 -0.0260000098 -0.748205781 0.5 0.00399999321 -0.748205781 0.848999977 0.00399999321 -0.748205781 0.839999974 -0.0260000098 -0.71820581 0.5 -0.0260000098 -0.748205781 0.5 -0.0260000098 -0.71820581 0.5 -0.0260000098 -0.748205781 0.839999974 -0.0260000098 -0.71820581 0.839999974 -0.0260000098 -0.748205781 0.5 0.00399999321 -0.71820581 0.5 -0.0260000098 -0.71820581 0.5 0.00399999321 -0.71820581 0.5 -0.0260000098 -0.748205781 0.5 0.00399999321 -0.748205781 0.5 -0.0260000098 -0.438205808 0.839999974 -0.0260000098 -0.408205897 0.5 -0.0260000098 -0.438205808 0.5 -0.0260000098 -0.408205897 0.5 -0.0260000098 -0.438205808 0.839999974 -0.0260000098 -0.408205897 0.839999974 -0.0260000098 -0.438205808 0.5 0.00399999321 -0.408205897 0.5 -0.0260000098 -0.408205897 0.5 0.00399999321 -0.408205897 0.5 -0.0260000098 -0.438205808 0.5 0.00399999321 -0.438205808 0.5 -0.0260000098 -0.408205897 0.848999977 0.00399999321 -0.408205897 0.5 -0.0260000098 -0.408205897 0.839999974 -0.0260000098 -0.408205897 0.5 -0.0260000098 -0.408205897 0.848999977 0.00399999321 -0.408205897 0.5 0.00399999321 -0.438205808 0.5 0.00399999321 -0.438205808 0.839999974 -0.0260000098 -0.438205808 0.5 -0.0260000098 -0.438205808 0.839999974 -0.0260000098 -0.438205808 0.5 0.00399999321 -0.438205808 0.848999977 0.00399999321 -0.408205897 0.848999977 0.00399999321 -0.438205808 0.5 0.00399999321 -0.408205897 0.5 0.00399999321 -0.438205808 0.5 0.00399999321 -0.408205897 0.848999977 0.00399999321 -0.438205808 0.848999977 0.00399999321 0.341794014 0.270000011 -0.326000005 0.1017939 0.270000011 -0.345999986 0.341794014 0.270000011 -0.345999986 0.1017939 0.270000011 -0.345999986 0.341794014 0.270000011 -0.326000005 0.1017939 0.270000011 -0.326000005 0.0217939299 2.70716812e-16 0.0740000308 0.441793889 2.70716812e-16 -0.326000005 0.441793889 2.70716812e-16 0.0740000308 0.441793889 2.70716812e-16 -0.326000005 0.0217939299 2.70716812e-16 0.0740000308 0.421793908 2.70716812e-16 -0.345999986 0.421793908 2.70716812e-16 -0.345999986 0.0217939299 2.70716812e-16 0.0740000308 0.0217939299 2.70716812e-16 -0.345999986 0.341794014 0.129999995 -0.326000005 0.341794014 0.270000011 -0.345999986 0.341794014 0.129999995 -0.345999986 0.341794014 0.270000011 -0.345999986 0.341794014 0.129999995 -0.326000005 0.341794014 0.270000011 -0.326000005 0.1017939 0.270000011 -0.326000005 0.1017939 0.129999995 -0.345999986 0.1017939 0.270000011 -0.345999986 0.1017939 0.129999995 -0.345999986 0.1017939 0.270000011 -0.326000005 0.1017939 0.129999995 -0.326000005 0.421793908 0.0500000007 -0.326000005 0.0217939299 0.0500000007 -0.345999986 0.0217939299 0.0500000007 -0.326000005 0.0217939299 0.0500000007 -0.345999986 0.421793908 0.0500000007 -0.326000005 0.421793908 0.0500000007 -0.345999986 0.421793908 0.0500000007 0.0740000308 0.421793908 0.0500000007 -0.345999986 0.421793908 0.0500000007 -0.326000005 0.421793908 0.0500000007 0.0740000308 0.441793889 0.0500000007 -0.326000005 0.421793908 0.0500000007 -0.345999986 0.441793889 0.0500000007 -0.326000005 0.421793908 0.0500000007 0.0740000308 0.441793889 0.0500000007 0.0740000308 0.441793889 0.0500000007 0.0740000308 0.441793889 2.70716812e-16 -0.326000005 0.441793889 0.0500000007 -0.326000005 0.441793889 2.70716812e-16 -0.326000005 0.441793889 0.0500000007 0.0740000308 0.441793889 2.70716812e-16 0.0740000308 0.0217939299 0.0500000007 -0.345999986 0.421793908 2.70716812e-16 -0.345999986 0.0217939299 2.70716812e-16 -0.345999986 0.421793908 2.70716812e-16 -0.345999986 0.0217939299 0.0500000007 -0.345999986 0.421793908 0.0500000007 -0.345999986 0.441793889 0.0500000007 -0.326000005 0.421793908 2.70716812e-16 -0.345999986 0.421793908 0.0500000007 -0.345999986 0.421793908 2.70716812e-16 -0.345999986 0.441793889 0.0500000007 -0.326000005 0.441793889 2.70716812e-16 -0.326000005 0.0717939436 0.300000012 -0.345999986 0.1017939 0.129999995 -0.345999986 0.0717939436 0.129999995 -0.345999986 0.1017939 0.129999995 -0.345999986 0.0717939436 0.300000012 -0.345999986 0.1017939 0.270000011 -0.345999986 0.1017939 0.270000011 -0.345999986 0.0717939436 0.300000012 -0.345999986 0.341794014 0.270000011 -0.345999986 0.371793896 0.300000012 -0.345999986 0.341794014 0.270000011 -0.345999986 0.0717939436 0.300000012 -0.345999986 0.371793896 0.129999995 -0.345999986 0.341794014 0.270000011 -0.345999986 0.371793896 0.300000012 -0.345999986 0.341794014 0.270000011 -0.345999986 0.371793896 0.129999995 -0.345999986 0.341794014 0.129999995 -0.345999986 0.0717939436 0.129999995 -0.326000005 0.0717939436 0.300000012 -0.345999986 0.0717939436 0.129999995 -0.345999986 0.0717939436 0.300000012 -0.345999986 0.0717939436 0.129999995 -0.326000005 0.0717939436 0.300000012 -0.326000005 0.0717939436 0.300000012 -0.345999986 0.371793896 0.300000012 -0.326000005 0.371793896 0.300000012 -0.345999986 0.371793896 0.300000012 -0.326000005 0.0717939436 0.300000012 -0.345999986 0.0717939436 0.300000012 -0.326000005 0.371793896 0.300000012 -0.326000005 0.371793896 0.129999995 -0.345999986 0.371793896 0.300000012 -0.345999986 0.371793896 0.129999995 -0.345999986 0.371793896 0.300000012 -0.326000005 0.371793896 0.129999995 -0.326000005 0.351794094 0.129999995 -0.386000007 0.371794105 0.129999995 -0.345999986 0.371794105 0.129999995 -0.365999997 0.371794105 0.129999995 -0.345999986 0.351794094 0.129999995 -0.386000007 0.341794103 0.129999995 -0.345999986 0.341794103 0.129999995 -0.345999986 0.351794094 0.129999995 -0.386000007 0.0917941332 0.129999995 -0.386000007 0.341794103 0.129999995 -0.345999986 0.0917941332 0.129999995 -0.386000007 0.341794103 0.129999995 -0.326000005 0.341794103 0.129999995 -0.326000005 0.0917941332 0.129999995 -0.386000007 0.101794101 0.129999995 -0.345999986 0.101794101 0.129999995 -0.326000005 0.341794103 0.129999995 -0.326000005 0.101794101 0.129999995 -0.345999986 0.101794101 0.129999995 -0.345999986 0.0917941332 0.129999995 -0.386000007 0.0717941225 0.129999995 -0.345999986 0.0717941225 0.129999995 -0.345999986 0.0917941332 0.129999995 -0.386000007 0.0717941225 0.129999995 -0.365999997 0.0917941332 0.129999995 -0.386000007 0.351794094 0.109999999 -0.386000007 0.0917941332 0.109999999 -0.386000007 0.351794094 0.109999999 -0.386000007 0.0917941332 0.129999995 -0.386000007 0.351794094 0.129999995 -0.386000007 0.0717941225 0.109999999 -0.326000005 0.371794105 0.109999999 -0.365999997 0.371794105 0.109999999 -0.326000005 0.371794105 0.109999999 -0.365999997 0.0717941225 0.109999999 -0.326000005 0.351794094 0.109999999 -0.386000007 0.351794094 0.109999999 -0.386000007 0.0717941225 0.109999999 -0.326000005 0.0917941332 0.109999999 -0.386000007 0.0917941332 0.109999999 -0.386000007 0.0717941225 0.109999999 -0.326000005 0.0717941225 0.109999999 -0.365999997 0.0717941225 0.109999999 -0.326000005 0.0717941225 0.129999995 -0.365999997 0.0717941225 0.109999999 -0.365999997 0.0717941225 0.129999995 -0.365999997 0.0717941225 0.109999999 -0.326000005 0.0717941225 0.129999995 -0.345999986 0.0717941225 0.129999995 -0.345999986 0.0717941225 0.109999999 -0.326000005 0.0717941225 0.129999995 -0.326000005 0.371794105 0.129999995 -0.345999986 0.371794105 0.109999999 -0.365999997 0.371794105 0.129999995 -0.365999997 0.371794105 0.109999999 -0.365999997 0.371794105 0.129999995 -0.345999986 0.371794105 0.109999999 -0.326000005 0.371794105 0.109999999 -0.326000005 0.371794105 0.129999995 -0.345999986 0.371794105 0.129999995 -0.326000005 0.0717941225 0.129999995 -0.365999997 0.0917941332 0.109999999 -0.386000007 0.0717941225 0.109999999 -0.365999997 0.0917941332 0.109999999 -0.386000007 0.0717941225 0.129999995 -0.365999997 0.0917941332 0.129999995 -0.386000007 0.371794105 0.129999995 -0.365999997 0.351794094 0.109999999 -0.386000007 0.351794094 0.129999995 -0.386000007 0.351794094 0.109999999 -0.386000007 0.371794105 0.129999995 -0.365999997 0.371794105 0.109999999 -0.365999997 0.321794093 0.25 -0.305999994 0.231794104 0.25 -0.326000005 0.321794093 0.25 -0.326000005 0.231794104 0.25 -0.326000005 0.321794093 0.25 -0.305999994 0.121794097 0.25 -0.305999994 0.231794104 0.25 -0.326000005 0.121794097 0.25 -0.305999994 0.211794093 0.25 -0.326000005 0.211794093 0.25 -0.326000005 0.121794097 0.25 -0.305999994 0.121794097 0.25 -0.326000005 0.121794097 0.25 -0.305999994 0.121794097 0.150000006 -0.326000005 0.121794097 0.25 -0.326000005 0.121794097 0.150000006 -0.326000005 0.121794097 0.25 -0.305999994 0.121794097 0.150000006 -0.305999994 0.321794093 0.150000006 -0.305999994 0.321794093 0.25 -0.326000005 0.321794093 0.150000006 -0.326000005 0.321794093 0.25 -0.326000005 0.321794093 0.150000006 -0.305999994 0.321794093 0.25 -0.305999994 0.231794104 0.150000006 -0.326000005 0.321794093 0.150000006 -0.305999994 0.321794093 0.150000006 -0.326000005 0.321794093 0.150000006 -0.305999994 0.231794104 0.150000006 -0.326000005 0.121794097 0.150000006 -0.305999994 0.121794097 0.150000006 -0.305999994 0.231794104 0.150000006 -0.326000005 0.211794093 0.150000006 -0.326000005 0.121794097 0.150000006 -0.305999994 0.211794093 0.150000006 -0.326000005 0.121794097 0.150000006 -0.326000005 0.121794097 0.150000006 -0.326000005 0.101794101 0.270000011 -0.326000005 0.121794097 0.25 -0.326000005 0.121794097 0.25 -0.326000005 0.101794101 0.270000011 -0.326000005 0.211794093 0.25 -0.326000005 0.121794097 0.150000006 -0.326000005 0.101794101 0.129999995 -0.326000005 0.101794101 0.270000011 -0.326000005 0.101794101 0.129999995 -0.326000005 0.121794097 0.150000006 -0.326000005 0.341794103 0.129999995 -0.326000005 0.321794093 0.150000006 -0.326000005 0.341794103 0.129999995 -0.326000005 0.121794097 0.150000006 -0.326000005 0.321794093 0.150000006 -0.326000005 0.121794097 0.150000006 -0.326000005 0.211794093 0.150000006 -0.326000005 0.341794103 0.129999995 -0.326000005 0.321794093 0.150000006 -0.326000005 0.341794103 0.270000011 -0.326000005 0.321794093 0.150000006 -0.326000005 0.211794093 0.150000006 -0.326000005 0.231794104 0.150000006 -0.326000005 0.211794093 0.25 -0.326000005 0.231794104 0.150000006 -0.326000005 0.211794093 0.150000006 -0.326000005 0.341794103 0.270000011 -0.326000005 0.321794093 0.150000006 -0.326000005 0.321794093 0.25 -0.326000005 0.341794103 0.270000011 -0.326000005 0.321794093 0.25 -0.326000005 0.101794101 0.270000011 -0.326000005 0.231794104 0.150000006 -0.326000005 0.211794093 0.25 -0.326000005 0.231794104 0.25 -0.326000005 0.211794093 0.25 -0.326000005 0.101794101 0.270000011 -0.326000005 0.231794104 0.25 -0.326000005 0.231794104 0.25 -0.326000005 0.101794101 0.270000011 -0.326000005 0.321794093 0.25 -0.326000005 -0.678206086 0.25 -0.326000005 -0.458206087 0.270000011 -0.326000005 -0.588206112 0.25 -0.326000005 -0.588206112 0.25 -0.326000005 -0.458206087 0.270000011 -0.326000005 -0.568206072 0.25 -0.326000005 -0.588206112 0.25 -0.326000005 -0.568206072 0.25 -0.326000005 -0.588206112 0.150000006 -0.326000005 -0.458206087 0.270000011 -0.326000005 -0.678206086 0.25 -0.326000005 -0.698206127 0.270000011 -0.326000005 -0.678206086 0.25 -0.326000005 -0.678206086 0.150000006 -0.326000005 -0.698206127 0.270000011 -0.326000005 -0.568206072 0.150000006 -0.326000005 -0.588206112 0.150000006 -0.326000005 -0.568206072 0.25 -0.326000005 -0.588206112 0.150000006 -0.326000005 -0.568206072 0.150000006 -0.326000005 -0.678206086 0.150000006 -0.326000005 -0.698206127 0.270000011 -0.326000005 -0.678206086 0.150000006 -0.326000005 -0.698206127 0.129999995 -0.326000005 -0.568206072 0.150000006 -0.326000005 -0.478206098 0.150000006 -0.326000005 -0.678206086 0.150000006 -0.326000005 -0.478206098 0.150000006 -0.326000005 -0.698206127 0.129999995 -0.326000005 -0.678206086 0.150000006 -0.326000005 -0.698206127 0.129999995 -0.326000005 -0.478206098 0.150000006 -0.326000005 -0.458206087 0.129999995 -0.326000005 -0.458206087 0.270000011 -0.326000005 -0.458206087 0.129999995 -0.326000005 -0.478206098 0.150000006 -0.326000005 -0.568206072 0.25 -0.326000005 -0.458206087 0.270000011 -0.326000005 -0.478206098 0.25 -0.326000005 -0.478206098 0.25 -0.326000005 -0.458206087 0.270000011 -0.326000005 -0.478206098 0.150000006 -0.326000005 -0.478206098 0.150000006 -0.326000005 -0.568206072 0.150000006 -0.326000005 -0.478206098 0.150000006 -0.305999994 -0.568206072 0.150000006 -0.326000005 -0.588206112 0.150000006 -0.326000005 -0.478206098 0.150000006 -0.305999994 -0.478206098 0.150000006 -0.305999994 -0.588206112 0.150000006 -0.326000005 -0.678206086 0.150000006 -0.305999994 -0.678206086 0.150000006 -0.326000005 -0.678206086 0.150000006 -0.305999994 -0.588206112 0.150000006 -0.326000005 -0.678206086 0.25 -0.305999994 -0.678206086 0.150000006 -0.305999994 -0.678206086 0.25 -0.326000005 -0.678206086 0.150000006 -0.326000005 -0.678206086 0.25 -0.326000005 -0.678206086 0.150000006 -0.305999994 -0.478206098 0.150000006 -0.305999994 -0.478206098 0.25 -0.305999994 -0.478206098 0.150000006 -0.326000005 -0.478206098 0.25 -0.326000005 -0.478206098 0.150000006 -0.326000005 -0.478206098 0.25 -0.305999994 -0.478206098 0.25 -0.326000005 -0.478206098 0.25 -0.305999994 -0.568206072 0.25 -0.326000005 -0.568206072 0.25 -0.326000005 -0.478206098 0.25 -0.305999994 -0.588206112 0.25 -0.326000005 -0.478206098 0.25 -0.305999994 -0.678206086 0.25 -0.305999994 -0.588206112 0.25 -0.326000005 -0.678206086 0.25 -0.326000005 -0.588206112 0.25 -0.326000005 -0.678206086 0.25 -0.305999994 -0.728205979 0.109999999 -0.365999997 -0.728205979 0.129999995 -0.365999997 -0.708206117 0.109999999 -0.386000007 -0.708206117 0.129999995 -0.386000007 -0.708206117 0.109999999 -0.386000007 -0.728205979 0.129999995 -0.365999997 -0.448206097 0.129999995 -0.386000007 -0.428206086 0.129999995 -0.365999997 -0.448206097 0.109999999 -0.386000007 -0.428206086 0.109999999 -0.365999997 -0.448206097 0.109999999 -0.386000007 -0.428206086 0.129999995 -0.365999997 -0.728205979 0.129999995 -0.326000005 -0.728205979 0.129999995 -0.345999986 -0.728205979 0.109999999 -0.326000005 -0.728205979 0.109999999 -0.326000005 -0.728205979 0.129999995 -0.345999986 -0.728205979 0.109999999 -0.365999997 -0.728205979 0.129999995 -0.365999997 -0.728205979 0.109999999 -0.365999997 -0.728205979 0.129999995 -0.345999986 -0.428206086 0.129999995 -0.326000005 -0.428206086 0.109999999 -0.326000005 -0.428206086 0.129999995 -0.345999986 -0.428206086 0.129999995 -0.345999986 -0.428206086 0.109999999 -0.326000005 -0.428206086 0.129999995 -0.365999997 -0.428206086 0.109999999 -0.365999997 -0.428206086 0.129999995 -0.365999997 -0.428206086 0.109999999 -0.326000005 -0.428206086 0.109999999 -0.365999997 -0.428206086 0.109999999 -0.326000005 -0.448206097 0.109999999 -0.386000007 -0.448206097 0.109999999 -0.386000007 -0.428206086 0.109999999 -0.326000005 -0.708206117 0.109999999 -0.386000007 -0.708206117 0.109999999 -0.386000007 -0.428206086 0.109999999 -0.326000005 -0.728205979 0.109999999 -0.365999997 -0.728205979 0.109999999 -0.326000005 -0.728205979 0.109999999 -0.365999997 -0.428206086 0.109999999 -0.326000005 -0.708206117 0.129999995 -0.386000007 -0.448206097 0.129999995 -0.386000007 -0.708206117 0.109999999 -0.386000007 -0.448206097 0.109999999 -0.386000007 -0.708206117 0.109999999 -0.386000007 -0.448206097 0.129999995 -0.386000007 -0.428206086 0.129999995 -0.365999997 -0.448206097 0.129999995 -0.386000007 -0.428206086 0.129999995 -0.345999986 -0.428206086 0.129999995 -0.345999986 -0.448206097 0.129999995 -0.386000007 -0.458206087 0.129999995 -0.345999986 -0.458206087 0.129999995 -0.345999986 -0.698206127 0.129999995 -0.326000005 -0.458206087 0.129999995 -0.326000005 -0.458206087 0.129999995 -0.345999986 -0.448206097 0.129999995 -0.386000007 -0.698206127 0.129999995 -0.326000005 -0.698206127 0.129999995 -0.326000005 -0.448206097 0.129999995 -0.386000007 -0.698206127 0.129999995 -0.345999986 -0.448206097 0.129999995 -0.386000007 -0.708206117 0.129999995 -0.386000007 -0.698206127 0.129999995 -0.345999986 -0.698206127 0.129999995 -0.345999986 -0.708206117 0.129999995 -0.386000007 -0.728205979 0.129999995 -0.345999986 -0.728205979 0.129999995 -0.365999997 -0.728205979 0.129999995 -0.345999986 -0.708206117 0.129999995 -0.386000007 -0.728205919 0.129999995 -0.326000005 -0.728205919 0.300000012 -0.326000005 -0.728205919 0.129999995 -0.345999986 -0.728205919 0.300000012 -0.345999986 -0.728205919 0.129999995 -0.345999986 -0.728205919 0.300000012 -0.326000005 -0.428205907 0.300000012 -0.326000005 -0.428205907 0.300000012 -0.345999986 -0.728205919 0.300000012 -0.326000005 -0.728205919 0.300000012 -0.345999986 -0.728205919 0.300000012 -0.326000005 -0.428205907 0.300000012 -0.345999986 -0.428205907 0.300000012 -0.326000005 -0.428205907 0.129999995 -0.326000005 -0.428205907 0.300000012 -0.345999986 -0.428205907 0.129999995 -0.345999986 -0.428205907 0.300000012 -0.345999986 -0.428205907 0.129999995 -0.326000005 -0.698205888 0.129999995 -0.345999986 -0.728205919 0.129999995 -0.345999986 -0.698205888 0.270000011 -0.345999986 -0.728205919 0.300000012 -0.345999986 -0.698205888 0.270000011 -0.345999986 -0.728205919 0.129999995 -0.345999986 -0.428205907 0.300000012 -0.345999986 -0.698205888 0.270000011 -0.345999986 -0.728205919 0.300000012 -0.345999986 -0.698205888 0.270000011 -0.345999986 -0.428205907 0.300000012 -0.345999986 -0.458205909 0.270000011 -0.345999986 -0.458205909 0.270000011 -0.345999986 -0.428205907 0.300000012 -0.345999986 -0.458205909 0.129999995 -0.345999986 -0.428205907 0.129999995 -0.345999986 -0.458205909 0.129999995 -0.345999986 -0.428205907 0.300000012 -0.345999986 -0.798205912 2.70848896e-16 -0.326000005 -0.798205912 0.0500000007 -0.326000005 -0.778205872 2.70848896e-16 -0.345999986 -0.778205872 0.0500000007 -0.345999986 -0.778205872 2.70848896e-16 -0.345999986 -0.798205912 0.0500000007 -0.326000005 -0.778205872 0.0500000007 -0.345999986 -0.378205895 0.0500000007 -0.345999986 -0.778205872 2.70848896e-16 -0.345999986 -0.378205895 2.70848896e-16 -0.345999986 -0.778205872 2.70848896e-16 -0.345999986 -0.378205895 0.0500000007 -0.345999986 -0.798205912 2.70848896e-16 0.0740000308 -0.798205912 0.0500000007 0.0740000308 -0.798205912 2.70848896e-16 -0.326000005 -0.798205912 0.0500000007 -0.326000005 -0.798205912 2.70848896e-16 -0.326000005 -0.798205912 0.0500000007 0.0740000308 -0.798205912 0.0500000007 0.0740000308 -0.778205872 0.0500000007 0.0740000308 -0.798205912 0.0500000007 -0.326000005 -0.778205872 0.0500000007 -0.345999986 -0.798205912 0.0500000007 -0.326000005 -0.778205872 0.0500000007 0.0740000308 -0.778205872 0.0500000007 -0.326000005 -0.778205872 0.0500000007 -0.345999986 -0.778205872 0.0500000007 0.0740000308 -0.778205872 0.0500000007 -0.345999986 -0.778205872 0.0500000007 -0.326000005 -0.378205895 0.0500000007 -0.345999986 -0.378205895 0.0500000007 -0.326000005 -0.378205895 0.0500000007 -0.345999986 -0.778205872 0.0500000007 -0.326000005 -0.458205909 0.129999995 -0.326000005 -0.458205909 0.270000011 -0.326000005 -0.458205909 0.129999995 -0.345999986 -0.458205909 0.270000011 -0.345999986 -0.458205909 0.129999995 -0.345999986 -0.458205909 0.270000011 -0.326000005 -0.698205888 0.270000011 -0.326000005 -0.698205888 0.129999995 -0.326000005 -0.698205888 0.270000011 -0.345999986 -0.698205888 0.129999995 -0.345999986 -0.698205888 0.270000011 -0.345999986 -0.698205888 0.129999995 -0.326000005 -0.378205895 2.70848896e-16 -0.345999986 -0.378205895 2.70848896e-16 0.0740000308 -0.778205872 2.70848896e-16 -0.345999986 -0.778205872 2.70848896e-16 -0.345999986 -0.378205895 2.70848896e-16 0.0740000308 -0.798205912 2.70848896e-16 -0.326000005 -0.798205912 2.70848896e-16 0.0740000308 -0.798205912 2.70848896e-16 -0.326000005 -0.378205895 2.70848896e-16 0.0740000308 -0.458205909 0.270000011 -0.326000005 -0.698205888 0.270000011 -0.326000005 -0.458205909 0.270000011 -0.345999986 -0.698205888 0.270000011 -0.345999986 -0.458205909 0.270000011 -0.345999986 -0.698205888 0.270000011 -0.326000005 -1.17820597 0.769999981 0.203999996 -1.19820595 0.769999981 0.344000012 -1.19820595 0.769999981 0.203999996 -1.19820595 0.769999981 0.344000012 -1.17820597 0.769999981 0.203999996 -1.17820597 0.769999981 0.344000012 -1.19820595 0.680000007 0.344000012 -1.17820597 0.680000007 0.203999996 -1.19820595 0.680000007 0.203999996 -1.17820597 0.680000007 0.203999996 -1.19820595 0.680000007 0.344000012 -1.17820597 0.680000007 0.344000012 -1.19820595 0.800000012 0.194000006 -1.17820597 0.800000012 0.354000002 -1.17820597 0.800000012 0.194000006 -1.17820597 0.800000012 0.354000002 -1.19820595 0.800000012 0.194000006 -1.19820595 0.800000012 0.354000002 -1.17820597 0.649999976 0.354000002 -1.19820595 0.649999976 0.194000006 -1.17820597 0.649999976 0.194000006 -1.19820595 0.649999976 0.194000006 -1.17820597 0.649999976 0.354000002 -1.19820595 0.649999976 0.354000002 -1.17820597 0.779999971 0.374000013 -1.19820595 0.800000012 0.354000002 -1.19820595 0.779999971 0.374000013 -1.19820595 0.800000012 0.354000002 -1.17820597 0.779999971 0.374000013 -1.17820597 0.800000012 0.354000002 -1.19820595 0.649999976 0.354000002 -1.17820597 0.670000017 0.374000013 -1.19820595 0.670000017 0.374000013 -1.17820597 0.670000017 0.374000013 -1.19820595 0.649999976 0.354000002 -1.17820597 0.649999976 0.354000002 -1.17820597 0.670000017 0.173999995 -1.19820595 0.649999976 0.194000006 -1.19820595 0.670000017 0.173999995 -1.19820595 0.649999976 0.194000006 -1.17820597 0.670000017 0.173999995 -1.17820597 0.649999976 0.194000006 -1.17820597 0.800000012 0.194000006 -1.19820595 0.779999971 0.173999995 -1.19820595 0.800000012 0.194000006 -1.19820595 0.779999971 0.173999995 -1.17820597 0.800000012 0.194000006 -1.17820597 0.779999971 0.173999995 -1.19820595 0.5 0.474000096 -1.19820595 0.550000012 0.0739999413 -1.19820595 0.5 0.0739999413 -1.19820595 0.550000012 0.0739999413 -1.19820595 0.5 0.474000096 -1.19820595 0.550000012 0.474000096 -1.17820597 0.550000012 0.0539999492 -1.19820595 0.5 0.0739999413 -1.19820595 0.550000012 0.0739999413 -1.19820595 0.5 0.0739999413 -1.17820597 0.550000012 0.0539999492 -1.17820597 0.5 0.0539999492 -0.778205693 0.5 0.0539998896 -1.19820595 0.5 0.0739999413 -1.17820597 0.5 0.0539999492 -1.19820595 0.5 0.0739999413 -0.778205693 0.5 0.0539998896 -0.778205574 0.5 0.474000007 -1.19820595 0.5 0.0739999413 -0.778205574 0.5 0.474000007 -1.19820595 0.5 0.474000096 -1.17820597 0.550000012 0.0739999413 -1.19820595 0.550000012 0.474000096 -1.17820597 0.550000012 0.474000096 -1.19820595 0.550000012 0.474000096 -1.17820597 0.550000012 0.0739999413 -1.19820595 0.550000012 0.0739999413 -0.778205693 0.550000012 0.0739998817 -1.19820595 0.550000012 0.0739999413 -1.17820597 0.550000012 0.0739999413 -0.778205693 0.550000012 0.0539998896 -1.19820595 0.550000012 0.0739999413 -0.778205693 0.550000012 0.0739998817 -1.19820595 0.550000012 0.0739999413 -0.778205693 0.550000012 0.0539998896 -1.17820597 0.550000012 0.0539999492 -1.17820597 0.680000007 0.203999996 -1.19820595 0.769999981 0.203999996 -1.19820595 0.680000007 0.203999996 -1.19820595 0.769999981 0.203999996 -1.17820597 0.680000007 0.203999996 -1.17820597 0.769999981 0.203999996 -1.17820597 0.769999981 0.344000012 -1.19820595 0.680000007 0.344000012 -1.19820595 0.769999981 0.344000012 -1.19820595 0.680000007 0.344000012 -1.17820597 0.769999981 0.344000012 -1.17820597 0.680000007 0.344000012 -1.17820597 0.670000017 0.374000013 -1.19820595 0.779999971 0.374000013 -1.19820595 0.670000017 0.374000013 -1.19820595 0.779999971 0.374000013 -1.17820597 0.670000017 0.374000013 -1.17820597 0.779999971 0.374000013 -1.17820597 0.779999971 0.173999995 -1.19820595 0.670000017 0.173999995 -1.19820595 0.779999971 0.173999995 -1.19820595 0.670000017 0.173999995 -1.17820597 0.779999971 0.173999995 -1.17820597 0.670000017 0.173999995 -1.19820595 0.670000017 0.374000013 -1.19820595 0.649999976 0.194000006 -1.19820595 0.649999976 0.354000002 -1.19820595 0.649999976 0.194000006 -1.19820595 0.670000017 0.374000013 -1.19820595 0.670000017 0.173999995 -1.19820595 0.670000017 0.173999995 -1.19820595 0.670000017 0.374000013 -1.19820595 0.680000007 0.344000012 -1.19820595 0.680000007 0.344000012 -1.19820595 0.670000017 0.374000013 -1.19820595 0.779999971 0.374000013 -1.19820595 0.680000007 0.203999996 -1.19820595 0.670000017 0.173999995 -1.19820595 0.680000007 0.344000012 -1.19820595 0.680000007 0.344000012 -1.19820595 0.779999971 0.374000013 -1.19820595 0.769999981 0.344000012 -1.19820595 0.670000017 0.173999995 -1.19820595 0.680000007 0.203999996 -1.19820595 0.779999971 0.173999995 -1.19820595 0.769999981 0.344000012 -1.19820595 0.779999971 0.374000013 -1.19820595 0.769999981 0.203999996 -1.19820595 0.779999971 0.173999995 -1.19820595 0.680000007 0.203999996 -1.19820595 0.769999981 0.203999996 -1.19820595 0.779999971 0.173999995 -1.19820595 0.769999981 0.203999996 -1.19820595 0.779999971 0.374000013 -1.19820595 0.779999971 0.173999995 -1.19820595 0.779999971 0.374000013 -1.19820595 0.800000012 0.354000002 -1.19820595 0.779999971 0.173999995 -1.19820595 0.800000012 0.354000002 -1.19820595 0.800000012 0.194000006 -0.778205693 0.550000012 0.0539998896 -1.17820597 0.5 0.0539999492 -1.17820597 0.550000012 0.0539999492 -1.17820597 0.5 0.0539999492 -0.778205693 0.550000012 0.0539998896 -0.778205693 0.5 0.0539998896 -1.15820599 0.699999988 0.224000007 -1.17820597 0.75 0.224000007 -1.17820597 0.699999988 0.224000007 -1.17820597 0.75 0.224000007 -1.15820599 0.699999988 0.224000007 -1.15820599 0.75 0.224000007 -1.15820599 0.75 0.324000001 -1.17820597 0.75 0.224000007 -1.15820599 0.75 0.224000007 -1.17820597 0.75 0.224000007 -1.15820599 0.75 0.324000001 -1.17820597 0.75 0.324000001 -1.17820597 0.699999988 0.224000007 -1.15820599 0.699999988 0.324000001 -1.15820599 0.699999988 0.224000007 -1.15820599 0.699999988 0.324000001 -1.17820597 0.699999988 0.224000007 -1.17820597 0.699999988 0.324000001 -1.15820599 0.75 0.324000001 -1.17820597 0.699999988 0.324000001 -1.17820597 0.75 0.324000001 -1.17820597 0.699999988 0.324000001 -1.15820599 0.75 0.324000001 -1.15820599 0.699999988 0.324000001 -1.17820597 0.699999988 0.324000001 -1.17820597 0.769999981 0.344000012 -1.17820597 0.75 0.324000001 -1.17820597 0.75 0.324000001 -1.17820597 0.769999981 0.344000012 -1.17820597 0.75 0.224000007 -1.17820597 0.699999988 0.324000001 -1.17820597 0.680000007 0.344000012 -1.17820597 0.769999981 0.344000012 -1.17820597 0.769999981 0.203999996 -1.17820597 0.75 0.224000007 -1.17820597 0.769999981 0.344000012 -1.17820597 0.680000007 0.344000012 -1.17820597 0.699999988 0.324000001 -1.17820597 0.680000007 0.203999996 -1.17820597 0.769999981 0.203999996 -1.17820597 0.699999988 0.224000007 -1.17820597 0.75 0.224000007 -1.17820597 0.680000007 0.203999996 -1.17820597 0.699999988 0.224000007 -1.17820597 0.769999981 0.203999996 -1.17820597 0.699999988 0.224000007 -1.17820597 0.680000007 0.203999996 -1.17820597 0.699999988 0.324000001 -0.0582062006 2.70716812e-16 -0.326000005 -0.0582062006 0.270000011 -0.345999986 -0.0582062006 2.70716812e-16 -0.345999986 -0.0582062006 0.270000011 -0.345999986 -0.0582062006 2.70716812e-16 -0.326000005 -0.0582062006 0.270000011 -0.326000005 -0.29820621 0.270000011 -0.326000005 -0.29820621 2.70716812e-16 -0.345999986 -0.29820621 0.270000011 -0.345999986 -0.29820621 2.70716812e-16 -0.345999986 -0.29820621 0.270000011 -0.326000005 -0.29820621 2.70716812e-16 -0.326000005 -0.29820621 0.270000011 -0.326000005 -0.0582062006 0.270000011 -0.345999986 -0.0582062006 0.270000011 -0.326000005 -0.0582062006 0.270000011 -0.345999986 -0.29820621 0.270000011 -0.326000005 -0.29820621 0.270000011 -0.345999986 -0.328206211 0.0500000007 -0.326000005 -0.328206211 0.280000001 -0.345999986 -0.328206211 0.0500000007 -0.345999986 -0.328206211 0.280000001 -0.345999986 -0.328206211 0.0500000007 -0.326000005 -0.328206211 0.280000001 -0.326000005 -0.0282061994 0.280000001 -0.326000005 -0.0282061994 0.0500000007 -0.345999986 -0.0282061994 0.280000001 -0.345999986 -0.0282061994 0.0500000007 -0.345999986 -0.0282061994 0.280000001 -0.326000005 -0.0282061994 0.0500000007 -0.326000005 -0.308206201 0.300000012 -0.345999986 -0.048206199 0.300000012 -0.326000005 -0.048206199 0.300000012 -0.345999986 -0.048206199 0.300000012 -0.326000005 -0.308206201 0.300000012 -0.345999986 -0.308206201 0.300000012 -0.326000005 -0.328206211 0.280000001 -0.326000005 -0.308206201 0.300000012 -0.345999986 -0.328206211 0.280000001 -0.345999986 -0.308206201 0.300000012 -0.345999986 -0.328206211 0.280000001 -0.326000005 -0.308206201 0.300000012 -0.326000005 -0.048206199 0.300000012 -0.326000005 -0.0282061994 0.280000001 -0.345999986 -0.048206199 0.300000012 -0.345999986 -0.0282061994 0.280000001 -0.345999986 -0.048206199 0.300000012 -0.326000005 -0.0282061994 0.280000001 -0.326000005 0.0217937995 0.0500000007 -0.345999986 0.0217937995 2.70849002e-16 -0.345999986 -0.0282061994 0.0500000007 -0.345999986 -0.0582062006 2.70716812e-16 -0.345999986 -0.0282061994 0.0500000007 -0.345999986 0.0217937995 2.70849002e-16 -0.345999986 -0.0282061994 0.0500000007 -0.345999986 -0.0582062006 2.70716812e-16 -0.345999986 -0.0582062006 0.270000011 -0.345999986 -0.0282061994 0.0500000007 -0.345999986 -0.0582062006 0.270000011 -0.345999986 -0.0282061994 0.280000001 -0.345999986 -0.0282061994 0.280000001 -0.345999986 -0.0582062006 0.270000011 -0.345999986 -0.328206211 0.280000001 -0.345999986 -0.29820621 0.270000011 -0.345999986 -0.328206211 0.280000001 -0.345999986 -0.0582062006 0.270000011 -0.345999986 -0.0282061994 0.280000001 -0.345999986 -0.328206211 0.280000001 -0.345999986 -0.308206201 0.300000012 -0.345999986 -0.0282061994 0.280000001 -0.345999986 -0.308206201 0.300000012 -0.345999986 -0.048206199 0.300000012 -0.345999986 -0.29820621 0.270000011 -0.345999986 -0.328206211 0.0500000007 -0.345999986 -0.328206211 0.280000001 -0.345999986 -0.29820621 2.70716812e-16 -0.345999986 -0.328206211 0.0500000007 -0.345999986 -0.29820621 0.270000011 -0.345999986 -0.328206211 0.0500000007 -0.345999986 -0.29820621 2.70716812e-16 -0.345999986 -0.378206193 2.70849002e-16 -0.345999986 -0.328206211 0.0500000007 -0.345999986 -0.378206193 2.70849002e-16 -0.345999986 -0.378206193 0.0500000007 -0.345999986 -0.378206193 2.70716812e-16 0.0740000233 0.0217937995 2.70849002e-16 -0.345999986 0.0217937995 2.70716812e-16 0.0740000233 0.0217937995 2.70849002e-16 -0.345999986 -0.378206193 2.70716812e-16 0.0740000233 -0.0582062006 2.70716812e-16 -0.326000005 -0.0582062006 2.70716812e-16 -0.345999986 0.0217937995 2.70849002e-16 -0.345999986 -0.0582062006 2.70716812e-16 -0.326000005 -0.0582062006 2.70716812e-16 -0.326000005 -0.378206193 2.70716812e-16 0.0740000233 -0.29820621 2.70716812e-16 -0.326000005 -0.29820621 2.70716812e-16 -0.326000005 -0.378206193 2.70716812e-16 0.0740000233 -0.29820621 2.70716812e-16 -0.345999986 -0.29820621 2.70716812e-16 -0.345999986 -0.378206193 2.70716812e-16 0.0740000233 -0.378206193 2.70849002e-16 -0.345999986 -0.0282061994 0.0500000007 -0.345999986 0.0217937995 0.0500000007 -0.326000005 0.0217937995 0.0500000007 -0.345999986 0.0217937995 0.0500000007 -0.326000005 -0.0282061994 0.0500000007 -0.345999986 -0.0282061994 0.0500000007 -0.326000005 -0.378206193 0.0500000007 -0.345999986 -0.328206211 0.0500000007 -0.326000005 -0.328206211 0.0500000007 -0.345999986 -0.328206211 0.0500000007 -0.326000005 -0.378206193 0.0500000007 -0.345999986 -0.378206193 0.0500000007 -0.326000005 -0.207476199 0.155735105 -0.326000005 -0.188206196 0.155735105 -0.326000005 -0.207476199 0.114264898 -0.326000005 -0.188206196 0.114264898 -0.326000005 -0.207476199 0.114264898 -0.326000005 -0.188206196 0.155735105 -0.326000005 -0.188206196 0.155735105 -0.305999994 -0.188206196 0.155735105 -0.326000005 -0.207476199 0.155735105 -0.305999994 -0.207476199 0.155735105 -0.326000005 -0.207476199 0.155735105 -0.305999994 -0.188206196 0.155735105 -0.326000005 -0.188206196 0.155735105 -0.305999994 -0.188206196 0.114264898 -0.305999994 -0.188206196 0.155735105 -0.326000005 -0.188206196 0.114264898 -0.326000005 -0.188206196 0.155735105 -0.326000005 -0.188206196 0.114264898 -0.305999994 -0.207476199 0.114264898 -0.305999994 -0.207476199 0.155735105 -0.305999994 -0.207476199 0.114264898 -0.326000005 -0.207476199 0.155735105 -0.326000005 -0.207476199 0.114264898 -0.326000005 -0.207476199 0.155735105 -0.305999994 -0.188206196 0.114264898 -0.326000005 -0.188206196 0.114264898 -0.305999994 -0.207476199 0.114264898 -0.326000005 -0.207476199 0.114264898 -0.305999994 -0.207476199 0.114264898 -0.326000005 -0.188206196 0.114264898 -0.305999994 -0.168206304 0.155735105 -0.326000005 -0.148936197 0.155735105 -0.326000005 -0.168206304 0.114264898 -0.326000005 -0.148936197 0.114264898 -0.326000005 -0.168206304 0.114264898 -0.326000005 -0.148936197 0.155735105 -0.326000005 -0.148936197 0.155735105 -0.305999994 -0.148936197 0.155735105 -0.326000005 -0.168206304 0.155735105 -0.305999994 -0.168206304 0.155735105 -0.326000005 -0.168206304 0.155735105 -0.305999994 -0.148936197 0.155735105 -0.326000005 -0.148936197 0.155735105 -0.305999994 -0.148936197 0.114264898 -0.305999994 -0.148936197 0.155735105 -0.326000005 -0.148936197 0.114264898 -0.326000005 -0.148936197 0.155735105 -0.326000005 -0.148936197 0.114264898 -0.305999994 -0.168206304 0.114264898 -0.305999994 -0.168206304 0.155735105 -0.305999994 -0.168206304 0.114264898 -0.326000005 -0.168206304 0.155735105 -0.326000005 -0.168206304 0.114264898 -0.326000005 -0.168206304 0.155735105 -0.305999994 -0.148936197 0.114264898 -0.326000005 -0.148936197 0.114264898 -0.305999994 -0.168206304 0.114264898 -0.326000005 -0.168206304 0.114264898 -0.305999994 -0.168206304 0.114264898 -0.326000005 -0.148936197 0.114264898 -0.305999994 -0.828933895 0.449999988 -0.284727901 -0.816205978 0.0499999784 -0.289999992 -0.828933895 0.0499999784 -0.284727901 -0.816205978 0.0499999784 -0.289999992 -0.828933895 0.449999988 -0.284727901 -0.816205978 0.449999988 -0.289999992 -0.803478122 0.449999988 -0.259272099 -0.798205972 0.0499999784 -0.272000015 -0.798205972 0.449999988 -0.272000015 -0.798205972 0.0499999784 -0.272000015 -0.803478122 0.449999988 -0.259272099 -0.803478122 0.0499999784 -0.259272099 -0.816205978 0.449999988 -0.289999992 -0.803478122 0.0499999784 -0.284727901 -0.816205978 0.0499999784 -0.289999992 -0.803478122 0.0499999784 -0.284727901 -0.816205978 0.449999988 -0.289999992 -0.803478122 0.449999988 -0.284727901 -0.798205972 0.449999988 -0.272000015 -0.803478122 0.0499999784 -0.284727901 -0.803478122 0.449999988 -0.284727901 -0.803478122 0.0499999784 -0.284727901 -0.798205972 0.449999988 -0.272000015 -0.798205972 0.0499999784 -0.272000015 -0.803478122 0.449999988 -0.259272099 -0.816205978 0.0499999784 -0.254000008 -0.803478122 0.0499999784 -0.259272099 -0.816205978 0.0499999784 -0.254000008 -0.803478122 0.449999988 -0.259272099 -0.816205978 0.449999988 -0.254000008 -0.816205978 0.449999988 -0.254000008 -0.828933895 0.0499999784 -0.259272099 -0.816205978 0.0499999784 -0.254000008 -0.828933895 0.0499999784 -0.259272099 -0.816205978 0.449999988 -0.254000008 -0.828933895 0.449999988 -0.259272099 -0.828933895 0.0499999784 -0.259272099 -0.834205985 0.449999988 -0.272000015 -0.834205985 0.0499999784 -0.272000015 -0.834205985 0.449999988 -0.272000015 -0.828933895 0.0499999784 -0.259272099 -0.828933895 0.449999988 -0.259272099 -0.834205985 0.0499999784 -0.272000015 -0.828933895 0.449999988 -0.284727901 -0.828933895 0.0499999784 -0.284727901 -0.828933895 0.449999988 -0.284727901 -0.834205985 0.0499999784 -0.272000015 -0.834205985 0.449999988 -0.272000015 -0.803478122 0.0499999784 -0.259272099 -0.803478122 0.0499999784 -0.284727901 -0.798205972 0.0499999784 -0.272000015 -0.803478122 0.0499999784 -0.284727901 -0.803478122 0.0499999784 -0.259272099 -0.816205978 0.0499999784 -0.254000008 -0.803478122 0.0499999784 -0.284727901 -0.816205978 0.0499999784 -0.254000008 -0.816205978 0.0499999784 -0.289999992 -0.816205978 0.0499999784 -0.289999992 -0.816205978 0.0499999784 -0.254000008 -0.828933895 0.0499999784 -0.259272099 -0.816205978 0.0499999784 -0.289999992 -0.828933895 0.0499999784 -0.259272099 -0.828933895 0.0499999784 -0.284727901 -0.828933895 0.0499999784 -0.284727901 -0.828933895 0.0499999784 -0.259272099 -0.834205985 0.0499999784 -0.272000015 -0.834205985 0.449999988 -0.254000008 -0.778205991 0.449999988 -0.289999992 -0.778205991 0.449999988 -0.254000008 -0.778205991 0.449999988 -0.289999992 -0.834205985 0.449999988 -0.254000008 -0.834205985 0.449999988 -0.289999992 -0.824205995 0.486000001 -0.289999992 -0.778205991 0.486000001 -0.254000008 -0.778205991 0.486000001 -0.289999992 -0.778205991 0.486000001 -0.254000008 -0.824205995 0.486000001 -0.289999992 -0.824205995 0.486000001 -0.254000008 -0.778205991 0.486000001 -0.254000008 -0.834205985 0.449999988 -0.254000008 -0.778205991 0.449999988 -0.254000008 -0.834205985 0.449999988 -0.254000008 -0.778205991 0.486000001 -0.254000008 -0.834205985 0.476000011 -0.254000008 -0.834205985 0.476000011 -0.254000008 -0.778205991 0.486000001 -0.254000008 -0.824205995 0.486000001 -0.254000008 -0.778205991 0.486000001 -0.254000008 -0.778205991 0.449999988 -0.289999992 -0.778205991 0.486000001 -0.289999992 -0.778205991 0.449999988 -0.289999992 -0.778205991 0.486000001 -0.254000008 -0.778205991 0.449999988 -0.254000008 -0.834205985 0.476000011 -0.289999992 -0.778205991 0.449999988 -0.289999992 -0.834205985 0.449999988 -0.289999992 -0.778205991 0.449999988 -0.289999992 -0.834205985 0.476000011 -0.289999992 -0.778205991 0.486000001 -0.289999992 -0.778205991 0.486000001 -0.289999992 -0.834205985 0.476000011 -0.289999992 -0.824205995 0.486000001 -0.289999992 -0.834205985 0.449999988 -0.254000008 -0.834205985 0.476000011 -0.289999992 -0.834205985 0.449999988 -0.289999992 -0.834205985 0.476000011 -0.289999992 -0.834205985 0.449999988 -0.254000008 -0.834205985 0.476000011 -0.254000008 -0.834205985 0.476000011 -0.254000008 -0.824205995 0.486000001 -0.289999992 -0.834205985 0.476000011 -0.289999992 -0.824205995 0.486000001 -0.289999992 -0.834205985 0.476000011 -0.254000008 -0.824205995 0.486000001 -0.254000008 -0.841793895 0.110784501 -0.272000015 -0.834299326 0.139215499 -0.290093392 -0.834299326 0.110784501 -0.290093392 -0.834299326 0.139215499 -0.290093392 -0.841793895 0.110784501 -0.272000015 -0.841793895 0.139215499 -0.272000015 -0.834299326 0.139215499 -0.290093392 -0.816205978 0.110784501 -0.297587901 -0.834299326 0.110784501 -0.290093392 -0.816205978 0.110784501 -0.297587901 -0.834299326 0.139215499 -0.290093392 -0.816205978 0.139215499 -0.297587901 -0.798112571 0.139215499 -0.253906608 -0.790618122 0.110784501 -0.272000015 -0.790618122 0.139215499 -0.272000015 -0.790618122 0.110784501 -0.272000015 -0.798112571 0.139215499 -0.253906608 -0.798112571 0.110784501 -0.253906608 -0.790618122 0.139215499 -0.272000015 -0.798112571 0.110784501 -0.290093392 -0.798112571 0.139215499 -0.290093392 -0.798112571 0.110784501 -0.290093392 -0.790618122 0.139215499 -0.272000015 -0.790618122 0.110784501 -0.272000015 -0.834299326 0.110784501 -0.253906608 -0.841793895 0.139215499 -0.272000015 -0.841793895 0.110784501 -0.272000015 -0.841793895 0.139215499 -0.272000015 -0.834299326 0.110784501 -0.253906608 -0.834299326 0.139215499 -0.253906608 -0.816205978 0.139215499 -0.246412098 -0.834299326 0.110784501 -0.253906608 -0.816205978 0.110784501 -0.246412098 -0.834299326 0.110784501 -0.253906608 -0.816205978 0.139215499 -0.246412098 -0.834299326 0.139215499 -0.253906608 -0.816205978 0.139215499 -0.297587901 -0.798112571 0.110784501 -0.290093392 -0.816205978 0.110784501 -0.297587901 -0.798112571 0.110784501 -0.290093392 -0.816205978 0.139215499 -0.297587901 -0.798112571 0.139215499 -0.290093392 -0.798112571 0.139215499 -0.253906608 -0.816205978 0.110784501 -0.246412098 -0.798112571 0.110784501 -0.253906608 -0.816205978 0.110784501 -0.246412098 -0.798112571 0.139215499 -0.253906608 -0.816205978 0.139215499 -0.246412098 -0.798112571 0.139215499 -0.290093392 -0.798112571 0.139215499 -0.253906608 -0.790618122 0.139215499 -0.272000015 -0.798112571 0.139215499 -0.253906608 -0.798112571 0.139215499 -0.290093392 -0.816205978 0.139215499 -0.297587901 -0.798112571 0.139215499 -0.253906608 -0.816205978 0.139215499 -0.297587901 -0.816205978 0.139215499 -0.246412098 -0.816205978 0.139215499 -0.246412098 -0.816205978 0.139215499 -0.297587901 -0.834299326 0.139215499 -0.290093392 -0.816205978 0.139215499 -0.246412098 -0.834299326 0.139215499 -0.290093392 -0.834299326 0.139215499 -0.253906608 -0.834299326 0.139215499 -0.253906608 -0.834299326 0.139215499 -0.290093392 -0.841793895 0.139215499 -0.272000015 -0.798112571 0.110784501 -0.253906608 -0.798112571 0.110784501 -0.290093392 -0.790618122 0.110784501 -0.272000015 -0.798112571 0.110784501 -0.290093392 -0.798112571 0.110784501 -0.253906608 -0.816205978 0.110784501 -0.246412098 -0.798112571 0.110784501 -0.290093392 -0.816205978 0.110784501 -0.246412098 -0.816205978 0.110784501 -0.297587901 -0.816205978 0.110784501 -0.297587901 -0.816205978 0.110784501 -0.246412098 -0.834299326 0.110784501 -0.253906608 -0.816205978 0.110784501 -0.297587901 -0.834299326 0.110784501 -0.253906608 -0.834299326 0.110784501 -0.290093392 -0.834299326 0.110784501 -0.290093392 -0.834299326 0.110784501 -0.253906608 -0.841793895 0.110784501 -0.272000015 -0.841793895 0.364706993 -0.272000015 -0.834299326 0.393137991 -0.290093392 -0.834299326 0.364706993 -0.290093392 -0.834299326 0.393137991 -0.290093392 -0.841793895 0.364706993 -0.272000015 -0.841793895 0.393137991 -0.272000015 -0.834299326 0.393137991 -0.290093392 -0.816205978 0.364706993 -0.297587901 -0.834299326 0.364706993 -0.290093392 -0.816205978 0.364706993 -0.297587901 -0.834299326 0.393137991 -0.290093392 -0.816205978 0.393137991 -0.297587901 -0.798112571 0.393137991 -0.253906608 -0.790618122 0.364706993 -0.272000015 -0.790618122 0.393137991 -0.272000015 -0.790618122 0.364706993 -0.272000015 -0.798112571 0.393137991 -0.253906608 -0.798112571 0.364706993 -0.253906608 -0.790618122 0.393137991 -0.272000015 -0.798112571 0.364706993 -0.290093392 -0.798112571 0.393137991 -0.290093392 -0.798112571 0.364706993 -0.290093392 -0.790618122 0.393137991 -0.272000015 -0.790618122 0.364706993 -0.272000015 -0.834299326 0.364706993 -0.253906608 -0.841793895 0.393137991 -0.272000015 -0.841793895 0.364706993 -0.272000015 -0.841793895 0.393137991 -0.272000015 -0.834299326 0.364706993 -0.253906608 -0.834299326 0.393137991 -0.253906608 -0.816205978 0.393137991 -0.246412098 -0.834299326 0.364706993 -0.253906608 -0.816205978 0.364706993 -0.246412098 -0.834299326 0.364706993 -0.253906608 -0.816205978 0.393137991 -0.246412098 -0.834299326 0.393137991 -0.253906608 -0.816205978 0.393137991 -0.297587901 -0.798112571 0.364706993 -0.290093392 -0.816205978 0.364706993 -0.297587901 -0.798112571 0.364706993 -0.290093392 -0.816205978 0.393137991 -0.297587901 -0.798112571 0.393137991 -0.290093392 -0.798112571 0.393137991 -0.253906608 -0.816205978 0.364706993 -0.246412098 -0.798112571 0.364706993 -0.253906608 -0.816205978 0.364706993 -0.246412098 -0.798112571 0.393137991 -0.253906608 -0.816205978 0.393137991 -0.246412098 -0.798112571 0.393137991 -0.290093392 -0.798112571 0.393137991 -0.253906608 -0.790618122 0.393137991 -0.272000015 -0.798112571 0.393137991 -0.253906608 -0.798112571 0.393137991 -0.290093392 -0.816205978 0.393137991 -0.297587901 -0.798112571 0.393137991 -0.253906608 -0.816205978 0.393137991 -0.297587901 -0.816205978 0.393137991 -0.246412098 -0.816205978 0.393137991 -0.246412098 -0.816205978 0.393137991 -0.297587901 -0.834299326 0.393137991 -0.290093392 -0.816205978 0.393137991 -0.246412098 -0.834299326 0.393137991 -0.290093392 -0.834299326 0.393137991 -0.253906608 -0.834299326 0.393137991 -0.253906608 -0.834299326 0.393137991 -0.290093392 -0.841793895 0.393137991 -0.272000015 -0.798112571 0.364706993 -0.253906608 -0.798112571 0.364706993 -0.290093392 -0.790618122 0.364706993 -0.272000015 -0.798112571 0.364706993 -0.290093392 -0.798112571 0.364706993 -0.253906608 -0.816205978 0.364706993 -0.246412098 -0.798112571 0.364706993 -0.290093392 -0.816205978 0.364706993 -0.246412098 -0.816205978 0.364706993 -0.297587901 -0.816205978 0.364706993 -0.297587901 -0.816205978 0.364706993 -0.246412098 -0.834299326 0.364706993 -0.253906608 -0.816205978 0.364706993 -0.297587901 -0.834299326 0.364706993 -0.253906608 -0.834299326 0.364706993 -0.290093392 -0.834299326 0.364706993 -0.290093392 -0.834299326 0.364706993 -0.253906608 -0.841793895 0.364706993 -0.272000015 -0.508205771 0.5 0.0740000233 -0.508205771 0.769999981 0.0540000089 -0.508205771 0.5 0.0540000089 -0.508205771 0.769999981 0.0540000089 -0.508205771 0.5 0.0740000233 -0.508205771 0.769999981 0.0740000233 -0.648205817 0.769999981 0.0740000233 -0.648205817 0.5 0.0540000089 -0.648205817 0.769999981 0.0540000089 -0.648205817 0.5 0.0540000089 -0.648205817 0.769999981 0.0740000233 -0.648205817 0.5 0.0740000233 -0.648205817 0.769999981 0.0740000233 -0.508205771 0.769999981 0.0540000089 -0.508205771 0.769999981 0.0740000233 -0.508205771 0.769999981 0.0540000089 -0.648205817 0.769999981 0.0740000233 -0.648205817 0.769999981 0.0540000089 -0.778205812 0.550000012 0.0540000089 -0.678205788 0.550000012 0.0740000233 -0.678205788 0.550000012 0.0540000089 -0.678205788 0.550000012 0.0740000233 -0.778205812 0.550000012 0.0540000089 -0.778205812 0.550000012 0.0740000233 -0.678205788 0.550000012 0.0740000233 -0.678205788 0.779999971 0.0540000089 -0.678205788 0.550000012 0.0540000089 -0.678205788 0.779999971 0.0540000089 -0.678205788 0.550000012 0.0740000233 -0.678205788 0.779999971 0.0740000233 -0.778205812 0.550000012 0.0540000089 -0.648205817 0.5 0.0540000089 -0.778205812 0.5 0.0540000089 -0.648205817 0.5 0.0540000089 -0.778205812 0.550000012 0.0540000089 -0.678205788 0.550000012 0.0540000089 -0.648205817 0.5 0.0540000089 -0.678205788 0.550000012 0.0540000089 -0.648205817 0.769999981 0.0540000089 -0.648205817 0.769999981 0.0540000089 -0.678205788 0.550000012 0.0540000089 -0.678205788 0.779999971 0.0540000089 -0.648205817 0.769999981 0.0540000089 -0.678205788 0.779999971 0.0540000089 -0.508205771 0.769999981 0.0540000089 -0.4782058 0.779999971 0.0540000089 -0.508205771 0.769999981 0.0540000089 -0.678205788 0.779999971 0.0540000089 -0.4782058 0.779999971 0.0540000089 -0.678205788 0.779999971 0.0540000089 -0.658205807 0.800000012 0.0540000089 -0.4782058 0.779999971 0.0540000089 -0.658205807 0.800000012 0.0540000089 -0.498205811 0.800000012 0.0540000089 -0.4782058 0.550000012 0.0540000089 -0.508205771 0.769999981 0.0540000089 -0.4782058 0.779999971 0.0540000089 -0.508205771 0.769999981 0.0540000089 -0.4782058 0.550000012 0.0540000089 -0.508205771 0.5 0.0540000089 -0.378205806 0.550000012 0.0540000089 -0.508205771 0.5 0.0540000089 -0.4782058 0.550000012 0.0540000089 -0.508205771 0.5 0.0540000089 -0.378205806 0.550000012 0.0540000089 -0.378205806 0.5 0.0540000089 -0.4782058 0.550000012 0.0540000089 -0.378205806 0.550000012 0.0740000233 -0.378205806 0.550000012 0.0540000089 -0.378205806 0.550000012 0.0740000233 -0.4782058 0.550000012 0.0540000089 -0.4782058 0.550000012 0.0740000233 -0.658205807 0.800000012 0.0540000089 -0.498205811 0.800000012 0.0740000233 -0.498205811 0.800000012 0.0540000089 -0.498205811 0.800000012 0.0740000233 -0.658205807 0.800000012 0.0540000089 -0.658205807 0.800000012 0.0740000233 -0.4782058 0.779999971 0.0740000233 -0.4782058 0.550000012 0.0540000089 -0.4782058 0.779999971 0.0540000089 -0.4782058 0.550000012 0.0540000089 -0.4782058 0.779999971 0.0740000233 -0.4782058 0.550000012 0.0740000233 -0.498205811 0.800000012 0.0740000233 -0.4782058 0.779999971 0.0540000089 -0.498205811 0.800000012 0.0540000089 -0.4782058 0.779999971 0.0540000089 -0.498205811 0.800000012 0.0740000233 -0.4782058 0.779999971 0.0740000233 -0.678205788 0.779999971 0.0740000233 -0.658205807 0.800000012 0.0540000089 -0.678205788 0.779999971 0.0540000089 -0.658205807 0.800000012 0.0540000089 -0.678205788 0.779999971 0.0740000233 -0.658205807 0.800000012 0.0740000233 -0.648205817 0.5 0.0540000089 -0.778205812 0.5 0.474000007 -0.778205812 0.5 0.0540000089 -0.648205817 0.5 0.0740000233 -0.778205812 0.5 0.474000007 -0.648205817 0.5 0.0540000089 -0.508205771 0.5 0.0740000233 -0.778205812 0.5 0.474000007 -0.648205817 0.5 0.0740000233 -0.778205812 0.5 0.474000007 -0.508205771 0.5 0.0740000233 -0.378205806 0.5 0.474000007 -0.508205771 0.5 0.0540000089 -0.378205806 0.5 0.474000007 -0.508205771 0.5 0.0740000233 -0.378205806 0.5 0.474000007 -0.508205771 0.5 0.0540000089 -0.378205806 0.5 0.0540000089 -0.630687773 0.595346808 0.0740000233 -0.611417711 0.595346808 0.0630000085 -0.611417711 0.595346808 0.0740000233 -0.611417711 0.595346808 0.0630000085 -0.630687773 0.595346808 0.0740000233 -0.630687773 0.595346808 0.0630000085 -0.611417711 0.636817098 0.0740000233 -0.611417711 0.595346808 0.0630000085 -0.611417711 0.636817098 0.0630000085 -0.611417711 0.595346808 0.0630000085 -0.611417711 0.636817098 0.0740000233 -0.611417711 0.595346808 0.0740000233 -0.630687773 0.595346808 0.0740000233 -0.630687773 0.636817098 0.0630000085 -0.630687773 0.595346808 0.0630000085 -0.630687773 0.636817098 0.0630000085 -0.630687773 0.595346808 0.0740000233 -0.630687773 0.636817098 0.0740000233 -0.630687773 0.636817098 0.0630000085 -0.611417711 0.636817098 0.0740000233 -0.611417711 0.636817098 0.0630000085 -0.611417711 0.636817098 0.0740000233 -0.630687773 0.636817098 0.0630000085 -0.630687773 0.636817098 0.0740000233 -0.630687773 0.636817098 0.0630000085 -0.611417711 0.595346808 0.0630000085 -0.630687773 0.595346808 0.0630000085 -0.611417711 0.595346808 0.0630000085 -0.630687773 0.636817098 0.0630000085 -0.611417711 0.636817098 0.0630000085 -0.593188226 0.614286304 0.0630000085 -0.624101698 0.62739718 0.0630000085 -0.624101698 0.614286304 0.0630000085 -0.624101698 0.62739718 0.0630000085 -0.593188226 0.614286304 0.0630000085 -0.593188226 0.62739718 0.0630000085 -0.624101698 0.62739718 0.0520000011 -0.593188226 0.614286304 0.0520000011 -0.624101698 0.614286304 0.0520000011 -0.593188226 0.614286304 0.0520000011 -0.624101698 0.62739718 0.0520000011 -0.593188226 0.62739718 0.0520000011 -0.624101698 0.614286304 0.0630000085 -0.624101698 0.62739718 0.0520000011 -0.624101698 0.614286304 0.0520000011 -0.624101698 0.62739718 0.0520000011 -0.624101698 0.614286304 0.0630000085 -0.624101698 0.62739718 0.0630000085 -0.624101698 0.62739718 0.0520000011 -0.593188226 0.62739718 0.0630000085 -0.593188226 0.62739718 0.0520000011 -0.593188226 0.62739718 0.0630000085 -0.624101698 0.62739718 0.0520000011 -0.624101698 0.62739718 0.0630000085 -0.624101698 0.614286304 0.0630000085 -0.593188226 0.614286304 0.0520000011 -0.593188226 0.614286304 0.0630000085 -0.593188226 0.614286304 0.0520000011 -0.624101698 0.614286304 0.0630000085 -0.624101698 0.614286304 0.0520000011 -0.593188226 0.62739718 0.0630000085 -0.593188226 0.614286304 0.0520000011 -0.593188226 0.62739718 0.0520000011 -0.593188226 0.614286304 0.0520000011 -0.593188226 0.62739718 0.0630000085 -0.593188226 0.614286304 0.0630000085 -0.778206229 0.400000006 0.0739999935 0.0217937492 0.400000006 0.474000007 0.0217937492 0.400000006 0.0739999935 0.0217937492 0.400000006 0.474000007 -0.778206229 0.400000006 0.0739999935 -0.778206229 0.400000006 0.474000007 -0.378206313 0.899999976 0.874000013 -0.378206313 0.550000012 0.874000013 0.0217937808 0.899999976 0.874000072 0.0217937808 0.550000012 0.874000072 0.0217937808 0.899999976 0.874000072 -0.378206313 0.550000012 0.874000013 0.0217938405 0.899999976 0.474000007 0.0217937808 0.899999976 0.874000072 0.0217938405 0.550000012 0.474000007 0.0217937808 0.550000012 0.874000072 0.0217938405 0.550000012 0.474000007 0.0217937808 0.899999976 0.874000072 0.0217937808 0.899999976 0.474000007 0.0217937808 0.550000012 0.474000007 0.0217937808 0.899999976 0.074000001 0.0217937808 0.550000012 0.074000001 0.0217937808 0.899999976 0.074000001 0.0217937808 0.550000012 0.474000007 -0.378206193 0.899999976 0.074000001 0.0217937808 0.899999976 0.074000001 -0.378206193 0.550000012 0.074000001 0.0217937808 0.550000012 0.074000001 -0.378206193 0.550000012 0.074000001 0.0217937808 0.899999976 0.074000001 -1.25320601 9.30617361e-09 0.596129179 -1.34820604 2.44899789e-09 0.61612922 -1.32820606 4.40819381e-09 0.596129179 -1.34820604 2.44899789e-09 0.61612922 -1.25320601 9.30617361e-09 0.596129179 -1.23320603 9.95923521e-09 0.61612922 -1.34820604 2.44899789e-09 0.61612922 -1.23320603 9.95923521e-09 0.61612922 -1.23320603 7.51023688e-09 0.691129208 -1.34820604 2.44899789e-09 0.61612922 -1.23320603 7.51023688e-09 0.691129208 -1.34820604 0 0.691129208 -1.34820604 0 0.691129208 -1.23320603 7.51023688e-09 0.691129208 -1.25320601 5.55104274e-09 0.711129189 -1.34820604 0 0.691129208 -1.25320601 5.55104274e-09 0.711129189 -1.32820606 6.53061993e-10 0.711129189 -1.25320601 9.30617361e-09 0.396129191 -1.34820604 2.44899789e-09 0.416129202 -1.32820606 4.40819381e-09 0.396129191 -1.34820604 2.44899789e-09 0.416129202 -1.25320601 9.30617361e-09 0.396129191 -1.23320603 9.95923521e-09 0.416129202 -1.34820604 2.44899789e-09 0.416129202 -1.23320603 9.95923521e-09 0.416129202 -1.23320603 7.51023688e-09 0.49112919 -1.34820604 2.44899789e-09 0.416129202 -1.23320603 7.51023688e-09 0.49112919 -1.34820604 0 0.49112919 -1.34820604 0 0.49112919 -1.23320603 7.51023688e-09 0.49112919 -1.25320601 5.55104274e-09 0.5111292 -1.34820604 0 0.49112919 -1.25320601 5.55104274e-09 0.5111292 -1.32820606 6.53061993e-10 0.5111292 -1.17820597 0.899999976 0.474000007 -1.17820597 0.550000012 0.474000007 -1.17820597 0.899999976 0.874000013 -1.17820597 0.550000012 0.874000013 -1.17820597 0.899999976 0.874000013 -1.17820597 0.550000012 0.474000007 -0.778205872 0.899999976 0.874000013 -1.17820597 0.899999976 0.874000013 -0.778205872 0.550000012 0.874000013 -1.17820597 0.550000012 0.874000013 -0.778205872 0.550000012 0.874000013 -1.17820597 0.899999976 0.874000013 -0.378206104 0.899999976 0.874000013 -0.77820611 0.550000012 0.874000013 -0.378206104 0.550000012 0.874000013 -0.77820611 0.550000012 0.874000013 -0.378206104 0.899999976 0.874000013 -0.77820611 0.899999976 0.874000013 -0.925864518 0.902299881 -0.120999999 -0.984041989 1.20114994 -0.240164205 -0.934682488 1.20114994 -0.120999999 -0.984041989 1.20114994 -0.00183577801 -0.925864518 0.902299881 -0.120999999 -0.934682488 1.20114994 -0.120999999 -0.984041989 1.20114994 -0.240164205 -0.925864518 0.902299881 -0.120999999 -0.977806628 0.902299881 -0.246399507 -0.925864518 0.902299881 -0.120999999 -0.984041989 1.20114994 -0.00183577801 -0.977806628 0.902299881 0.00439955993 -0.977806628 0.902299881 -0.246399507 -1.10320604 1.20114994 -0.289523602 -0.984041989 1.20114994 -0.240164205 -1.10320604 1.20114994 -0.289523602 -0.977806628 0.902299881 -0.246399507 -1.10320604 0.902299881 -0.298341691 -1.10320604 1.20114994 0.0475236289 -0.977806628 0.902299881 0.00439955993 -0.984041989 1.20114994 -0.00183577801 -0.977806628 0.902299881 0.00439955993 -1.10320604 1.20114994 0.0475236289 -1.10320604 0.902299881 0.0563417301 -1.10320604 0.902299881 -0.298341691 -1.22237003 1.20114994 -0.240164205 -1.10320604 1.20114994 -0.289523602 -1.22237003 1.20114994 -0.240164205 -1.10320604 0.902299881 -0.298341691 -1.22860599 0.902299881 -0.246399507 -1.28054798 0.902299881 -0.120999999 -1.22237003 1.20114994 -0.240164205 -1.22860599 0.902299881 -0.246399507 -1.22237003 1.20114994 -0.240164205 -1.28054798 0.902299881 -0.120999999 -1.27172995 1.20114994 -0.120999999 -1.10320604 1.20114994 0.0475236289 -1.22860599 0.902299881 0.00439955993 -1.10320604 0.902299881 0.0563417301 -1.22860599 0.902299881 0.00439955993 -1.27172995 1.20114994 -0.120999999 -1.28054798 0.902299881 -0.120999999 -1.22860599 0.902299881 0.00439955993 -1.10320604 1.20114994 0.0475236289 -1.22237003 1.20114994 -0.00183577801 -1.27172995 1.20114994 -0.120999999 -1.22860599 0.902299881 0.00439955993 -1.22237003 1.20114994 -0.00183577801 -1.25850296 1.64942503 -0.120999999 -1.21925306 1.35057497 -0.00495345891 -1.21301699 1.64942503 -0.0111888004 -1.21925306 1.35057497 -0.00495345891 -1.10320604 1.64942503 0.0342964903 -1.21301699 1.64942503 -0.0111888004 -1.21925306 1.35057497 -0.00495345891 -1.25850296 1.64942503 -0.120999999 -1.26732099 1.35057497 -0.120999999 -1.10320604 1.64942503 0.0342964903 -1.21925306 1.35057497 -0.00495345891 -1.10320604 1.35057497 0.0431145802 -1.21301699 1.64942503 -0.230811104 -1.26732099 1.35057497 -0.120999999 -1.25850296 1.64942503 -0.120999999 -1.26732099 1.35057497 -0.120999999 -1.21301699 1.64942503 -0.230811104 -1.21925306 1.35057497 -0.237046495 -1.21301699 1.64942503 -0.230811104 -1.10320604 1.35057497 -0.285114497 -1.21925306 1.35057497 -0.237046495 -1.10320604 1.35057497 -0.285114497 -1.21301699 1.64942503 -0.230811104 -1.10320604 1.64942503 -0.276296407 -1.10320604 1.64942503 -0.276296407 -0.987159729 1.35057497 -0.237046495 -1.10320604 1.35057497 -0.285114497 -0.987159729 1.35057497 -0.237046495 -1.10320604 1.64942503 -0.276296407 -0.993394971 1.64942503 -0.230811104 -1.10320604 1.35057497 0.0431145802 -0.993394971 1.64942503 -0.0111888004 -1.10320604 1.64942503 0.0342964903 -0.993394971 1.64942503 -0.0111888004 -1.10320604 1.35057497 0.0431145802 -0.987159729 1.35057497 -0.00495345891 -0.993394971 1.64942503 -0.230811104 -0.939091623 1.35057497 -0.120999999 -0.987159729 1.35057497 -0.237046495 -0.939091623 1.35057497 -0.120999999 -0.993394971 1.64942503 -0.0111888004 -0.987159729 1.35057497 -0.00495345891 -0.939091623 1.35057497 -0.120999999 -0.993394971 1.64942503 -0.230811104 -0.947909713 1.64942503 -0.120999999 -0.993394971 1.64942503 -0.0111888004 -0.939091623 1.35057497 -0.120999999 -0.947909713 1.64942503 -0.120999999 -0.778205693 0.899999976 0.0739998817 -1.17820597 0.550000012 0.0739999413 -1.17820597 0.899999976 0.0739999413 -1.17820597 0.550000012 0.0739999413 -0.778205693 0.899999976 0.0739998817 -0.778205693 0.550000012 0.0739998817 -1.17820597 0.899999976 0.0739999413 -1.17820597 0.670000017 0.173999995 -1.17820597 0.779999971 0.173999995 -1.17820597 0.899999976 0.0739999413 -1.17820597 0.779999971 0.173999995 -1.17820597 0.800000012 0.194000006 -1.17820597 0.550000012 0.0739999413 -1.17820597 0.670000017 0.173999995 -1.17820597 0.899999976 0.0739999413 -1.17820597 0.670000017 0.173999995 -1.17820597 0.550000012 0.0739999413 -1.17820597 0.649999976 0.194000006 -1.17820597 0.649999976 0.194000006 -1.17820597 0.550000012 0.0739999413 -1.17820597 0.649999976 0.354000002 -1.17820597 0.550000012 0.474000096 -1.17820597 0.649999976 0.354000002 -1.17820597 0.550000012 0.0739999413 -1.17820597 0.649999976 0.354000002 -1.17820597 0.550000012 0.474000096 -1.17820597 0.670000017 0.374000013 -1.17820597 0.899999976 0.0739999413 -1.17820597 0.800000012 0.194000006 -1.17820597 0.899999976 0.474000096 -1.17820597 0.670000017 0.374000013 -1.17820597 0.550000012 0.474000096 -1.17820597 0.899999976 0.474000096 -1.17820597 0.800000012 0.354000002 -1.17820597 0.899999976 0.474000096 -1.17820597 0.800000012 0.194000006 -1.17820597 0.670000017 0.374000013 -1.17820597 0.899999976 0.474000096 -1.17820597 0.779999971 0.374000013 -1.17820597 0.779999971 0.374000013 -1.17820597 0.899999976 0.474000096 -1.17820597 0.800000012 0.354000002 -0.778205812 0.899999976 0.0740000233 -0.678205788 0.550000012 0.0740000233 -0.778205812 0.550000012 0.0740000233 -0.678205788 0.550000012 0.0740000233 -0.778205812 0.899999976 0.0740000233 -0.678205788 0.779999971 0.0740000233 -0.678205788 0.779999971 0.0740000233 -0.778205812 0.899999976 0.0740000233 -0.658205807 0.800000012 0.0740000233 -0.658205807 0.800000012 0.0740000233 -0.778205812 0.899999976 0.0740000233 -0.498205811 0.800000012 0.0740000233 -0.378205806 0.899999976 0.0740000233 -0.498205811 0.800000012 0.0740000233 -0.778205812 0.899999976 0.0740000233 -0.378205806 0.899999976 0.0740000233 -0.4782058 0.779999971 0.0740000233 -0.498205811 0.800000012 0.0740000233 -0.378205806 0.550000012 0.0740000233 -0.4782058 0.779999971 0.0740000233 -0.378205806 0.899999976 0.0740000233 -0.4782058 0.779999971 0.0740000233 -0.378205806 0.550000012 0.0740000233 -0.4782058 0.550000012 0.0740000233 -0.958206117 1.10000002 0.674000025 -0.958206117 0.949999988 0.273999989 -0.958206117 0.949999988 0.674000025 -0.958206117 0.949999988 0.273999989 -0.958206117 1.10000002 0.674000025 -0.958206117 1 0.273999989 -0.658206105 1 0.2739999 -0.658205986 0.949999988 0.674000025 -0.658206105 0.949999988 0.2739999 -0.658205986 0.949999988 0.674000025 -0.658206105 1 0.2739999 -0.658205986 1.10000002 0.674000025 -0.718205988 1.06604505 0.620642126 -0.718206108 1.014552 0.332208514 -0.718206108 0.995149314 0.3370592 -0.718206108 1.014552 0.332208514 -0.718205988 1.06604505 0.620642126 -0.718206108 1.02985096 0.393402815 -0.718206108 1.02985096 0.393402815 -0.718205988 1.06604505 0.620642126 -0.718206108 1.03470099 0.412805587 -0.718206108 1.03470099 0.412805587 -0.718205988 1.06604505 0.620642126 -0.718205988 1.06529903 0.535194278 -0.718205988 1.06529903 0.535194278 -0.718205988 1.06604505 0.620642126 -0.718205988 1.07014894 0.55459708 -0.718205988 1.07014894 0.55459708 -0.718205988 1.06604505 0.620642126 -0.718205988 1.08544803 0.61579138 -0.898206115 1.014552 0.332208514 -0.898206115 1.06604505 0.620642185 -0.898206115 0.995149314 0.337059289 -0.898206115 1.06604505 0.620642185 -0.898206115 1.014552 0.332208514 -0.898206115 1.02985096 0.393402815 -0.898206115 1.06604505 0.620642185 -0.898206115 1.02985096 0.393402815 -0.898206115 1.03470099 0.412805706 -0.898206115 1.06604505 0.620642185 -0.898206115 1.03470099 0.412805706 -0.898206115 1.06529903 0.535194278 -0.898206115 1.06604505 0.620642185 -0.898206115 1.06529903 0.535194278 -0.898206115 1.07014894 0.55459708 -0.898206115 1.06604505 0.620642185 -0.898206115 1.07014894 0.55459708 -0.898206115 1.08544803 0.61579138 -0.718206108 0.995149314 0.3370592 -0.898206115 1.014552 0.332208514 -0.898206115 0.995149314 0.337059289 -0.898206115 1.014552 0.332208514 -0.718206108 0.995149314 0.3370592 -0.718206108 1.014552 0.332208514 -0.658205986 0.949999988 0.674000025 -0.958206117 1.10000002 0.674000025 -0.958206117 0.949999988 0.674000025 -0.958206117 1.10000002 0.674000025 -0.658205986 0.949999988 0.674000025 -0.658205986 1.10000002 0.674000025 -0.658206105 1 0.2739999 -0.958206117 0.949999988 0.273999989 -0.958206117 1 0.273999989 -0.958206117 0.949999988 0.273999989 -0.658206105 1 0.2739999 -0.658206105 0.949999988 0.2739999 -0.718205988 1.08544803 0.61579138 -0.898206115 1.06604505 0.620642185 -0.898206115 1.08544803 0.61579138 -0.898206115 1.06604505 0.620642185 -0.718205988 1.08544803 0.61579138 -0.718205988 1.06604505 0.620642126 -0.658205986 1.10000002 0.674000025 -0.678206086 1.00970101 0.312805712 -0.678206086 1.09029901 0.635194302 -0.658205986 1.10000002 0.674000025 -0.678206086 1.09029901 0.635194302 -0.698206127 1.09514904 0.654597223 -0.658206105 1 0.2739999 -0.678206086 1.00970101 0.312805712 -0.658205986 1.10000002 0.674000025 -0.678206086 1.00970101 0.312805712 -0.658206105 1 0.2739999 -0.698206127 1.00485098 0.293402791 -0.698206127 1.00485098 0.293402791 -0.658206105 1 0.2739999 -0.918206096 1.00485098 0.293402791 -0.958206117 1 0.273999989 -0.918206096 1.00485098 0.293402791 -0.658206105 1 0.2739999 -0.918206096 1.00485098 0.293402791 -0.958206117 1 0.273999989 -0.938206077 1.00970101 0.312805712 -0.658205986 1.10000002 0.674000025 -0.698206127 1.09514904 0.654597223 -0.958206117 1.10000002 0.674000025 -0.938206077 1.00970101 0.312805712 -0.958206117 1 0.273999989 -0.958206117 1.10000002 0.674000025 -0.918206096 1.09514904 0.654597223 -0.958206117 1.10000002 0.674000025 -0.698206127 1.09514904 0.654597223 -0.938206077 1.00970101 0.312805712 -0.958206117 1.10000002 0.674000025 -0.938206077 1.09029901 0.635194302 -0.938206077 1.09029901 0.635194302 -0.958206117 1.10000002 0.674000025 -0.918206096 1.09514904 0.654597223 -0.898206115 1.07014894 0.55459708 -0.918206096 1.09029901 0.635194302 -0.898206115 1.08544803 0.61579138 -0.898206115 1.08544803 0.61579138 -0.918206096 1.09029901 0.635194302 -0.718205988 1.08544803 0.61579138 -0.698206127 1.09029901 0.635194302 -0.718205988 1.08544803 0.61579138 -0.918206096 1.09029901 0.635194302 -0.698206127 1.09029901 0.635194302 -0.718205988 1.07014894 0.55459708 -0.718205988 1.08544803 0.61579138 -0.718205988 1.06529903 0.535194278 -0.898206115 1.07014894 0.55459708 -0.718205988 1.07014894 0.55459708 -0.698206127 1.09029901 0.635194302 -0.718205988 1.06529903 0.535194278 -0.718205988 1.07014894 0.55459708 -0.898206115 1.07014894 0.55459708 -0.718205988 1.06529903 0.535194278 -0.898206115 1.06529903 0.535194278 -0.898206115 1.06529903 0.535194278 -0.918206096 1.09029901 0.635194302 -0.898206115 1.07014894 0.55459708 -0.698206127 1.09029901 0.635194302 -0.718206108 1.03470099 0.412805587 -0.718205988 1.06529903 0.535194278 -0.898206115 1.03470099 0.412805706 -0.918206096 1.09029901 0.635194302 -0.898206115 1.06529903 0.535194278 -0.718206108 1.02985096 0.393402815 -0.898206115 1.03470099 0.412805706 -0.718206108 1.03470099 0.412805587 -0.698206127 1.09029901 0.635194302 -0.718206108 1.02985096 0.393402815 -0.718206108 1.03470099 0.412805587 -0.898206115 1.03470099 0.412805706 -0.718206108 1.02985096 0.393402815 -0.898206115 1.02985096 0.393402815 -0.898206115 1.02985096 0.393402815 -0.918206096 1.09029901 0.635194302 -0.898206115 1.03470099 0.412805706 -0.698206127 1.09029901 0.635194302 -0.718206108 1.014552 0.332208514 -0.718206108 1.02985096 0.393402815 -0.718206108 1.014552 0.332208514 -0.698206127 1.09029901 0.635194302 -0.698206127 1.00970101 0.312805712 -0.898206115 1.014552 0.332208514 -0.918206096 1.09029901 0.635194302 -0.898206115 1.02985096 0.393402815 -0.698206127 1.00970101 0.312805712 -0.898206115 1.014552 0.332208514 -0.718206108 1.014552 0.332208514 -0.898206115 1.014552 0.332208514 -0.918206096 1.00970101 0.312805712 -0.918206096 1.09029901 0.635194302 -0.918206096 1.00970101 0.312805712 -0.898206115 1.014552 0.332208514 -0.698206127 1.00970101 0.312805712 -0.49820599 1.10000002 0.674000025 -0.498206109 0.949999988 0.273999989 -0.49820599 0.949999988 0.674000025 -0.498206109 0.949999988 0.273999989 -0.49820599 1.10000002 0.674000025 -0.498206109 1 0.273999989 -0.198206097 1 0.2739999 -0.198205993 0.949999988 0.674000025 -0.198206097 0.949999988 0.2739999 -0.198205993 0.949999988 0.674000025 -0.198206097 1 0.2739999 -0.198205993 1.10000002 0.674000025 -0.25820601 1.06604505 0.620642126 -0.258206099 1.014552 0.332208514 -0.258206099 0.995149314 0.3370592 -0.258206099 1.014552 0.332208514 -0.25820601 1.06604505 0.620642126 -0.25820601 1.02985096 0.393402815 -0.25820601 1.02985096 0.393402815 -0.25820601 1.06604505 0.620642126 -0.25820601 1.03470099 0.412805587 -0.25820601 1.03470099 0.412805587 -0.25820601 1.06604505 0.620642126 -0.25820601 1.06529903 0.535194278 -0.25820601 1.06529903 0.535194278 -0.25820601 1.06604505 0.620642126 -0.25820601 1.07014894 0.55459708 -0.25820601 1.07014894 0.55459708 -0.25820601 1.06604505 0.620642126 -0.25820601 1.08544803 0.61579138 -0.438206106 1.014552 0.332208514 -0.438205987 1.06604505 0.620642185 -0.438206106 0.995149314 0.337059289 -0.438205987 1.06604505 0.620642185 -0.438206106 1.014552 0.332208514 -0.438205987 1.02985096 0.393402815 -0.438205987 1.06604505 0.620642185 -0.438205987 1.02985096 0.393402815 -0.438205987 1.03470099 0.412805706 -0.438205987 1.06604505 0.620642185 -0.438205987 1.03470099 0.412805706 -0.438205987 1.06529903 0.535194278 -0.438205987 1.06604505 0.620642185 -0.438205987 1.06529903 0.535194278 -0.438205987 1.07014894 0.55459708 -0.438205987 1.06604505 0.620642185 -0.438205987 1.07014894 0.55459708 -0.438205987 1.08544803 0.61579138 -0.258206099 0.995149314 0.3370592 -0.438206106 1.014552 0.332208514 -0.438206106 0.995149314 0.337059289 -0.438206106 1.014552 0.332208514 -0.258206099 0.995149314 0.3370592 -0.258206099 1.014552 0.332208514 -0.198205993 0.949999988 0.674000025 -0.49820599 1.10000002 0.674000025 -0.49820599 0.949999988 0.674000025 -0.49820599 1.10000002 0.674000025 -0.198205993 0.949999988 0.674000025 -0.198205993 1.10000002 0.674000025 -0.198206097 1 0.2739999 -0.498206109 0.949999988 0.273999989 -0.498206109 1 0.273999989 -0.498206109 0.949999988 0.273999989 -0.198206097 1 0.2739999 -0.198206097 0.949999988 0.2739999 -0.25820601 1.08544803 0.61579138 -0.438205987 1.06604505 0.620642185 -0.438205987 1.08544803 0.61579138 -0.438205987 1.06604505 0.620642185 -0.25820601 1.08544803 0.61579138 -0.25820601 1.06604505 0.620642126 -0.198205993 1.10000002 0.674000025 -0.218206003 1.00970101 0.312805712 -0.218206003 1.09029901 0.635194302 -0.198205993 1.10000002 0.674000025 -0.218206003 1.09029901 0.635194302 -0.238205999 1.09514904 0.654597223 -0.198206097 1 0.2739999 -0.218206003 1.00970101 0.312805712 -0.198205993 1.10000002 0.674000025 -0.218206003 1.00970101 0.312805712 -0.198206097 1 0.2739999 -0.238206103 1.00485098 0.293402791 -0.238206103 1.00485098 0.293402791 -0.198206097 1 0.2739999 -0.458206087 1.00485098 0.293402791 -0.498206109 1 0.273999989 -0.458206087 1.00485098 0.293402791 -0.198206097 1 0.2739999 -0.458206087 1.00485098 0.293402791 -0.498206109 1 0.273999989 -0.478206098 1.00970101 0.312805712 -0.198205993 1.10000002 0.674000025 -0.238205999 1.09514904 0.654597223 -0.49820599 1.10000002 0.674000025 -0.478206098 1.00970101 0.312805712 -0.498206109 1 0.273999989 -0.49820599 1.10000002 0.674000025 -0.458205998 1.09514904 0.654597223 -0.49820599 1.10000002 0.674000025 -0.238205999 1.09514904 0.654597223 -0.478206098 1.00970101 0.312805712 -0.49820599 1.10000002 0.674000025 -0.478206009 1.09029901 0.635194302 -0.478206009 1.09029901 0.635194302 -0.49820599 1.10000002 0.674000025 -0.458205998 1.09514904 0.654597223 -0.438205987 1.07014894 0.55459708 -0.458205998 1.09029901 0.635194302 -0.438205987 1.08544803 0.61579138 -0.438205987 1.08544803 0.61579138 -0.458205998 1.09029901 0.635194302 -0.25820601 1.08544803 0.61579138 -0.238205999 1.09029901 0.635194302 -0.25820601 1.08544803 0.61579138 -0.458205998 1.09029901 0.635194302 -0.238205999 1.09029901 0.635194302 -0.25820601 1.07014894 0.55459708 -0.25820601 1.08544803 0.61579138 -0.25820601 1.06529903 0.535194278 -0.438205987 1.07014894 0.55459708 -0.25820601 1.07014894 0.55459708 -0.238205999 1.09029901 0.635194302 -0.25820601 1.06529903 0.535194278 -0.25820601 1.07014894 0.55459708 -0.438205987 1.07014894 0.55459708 -0.25820601 1.06529903 0.535194278 -0.438205987 1.06529903 0.535194278 -0.438205987 1.06529903 0.535194278 -0.458205998 1.09029901 0.635194302 -0.438205987 1.07014894 0.55459708 -0.238205999 1.09029901 0.635194302 -0.25820601 1.03470099 0.412805587 -0.25820601 1.06529903 0.535194278 -0.438205987 1.03470099 0.412805706 -0.458205998 1.09029901 0.635194302 -0.438205987 1.06529903 0.535194278 -0.25820601 1.02985096 0.393402815 -0.438205987 1.03470099 0.412805706 -0.25820601 1.03470099 0.412805587 -0.238205999 1.09029901 0.635194302 -0.25820601 1.02985096 0.393402815 -0.25820601 1.03470099 0.412805587 -0.438205987 1.03470099 0.412805706 -0.25820601 1.02985096 0.393402815 -0.438205987 1.02985096 0.393402815 -0.438205987 1.02985096 0.393402815 -0.458205998 1.09029901 0.635194302 -0.438205987 1.03470099 0.412805706 -0.238205999 1.09029901 0.635194302 -0.258206099 1.014552 0.332208514 -0.25820601 1.02985096 0.393402815 -0.258206099 1.014552 0.332208514 -0.238205999 1.09029901 0.635194302 -0.238206103 1.00970101 0.312805712 -0.438206106 1.014552 0.332208514 -0.458205998 1.09029901 0.635194302 -0.438205987 1.02985096 0.393402815 -0.238206103 1.00970101 0.312805712 -0.438206106 1.014552 0.332208514 -0.258206099 1.014552 0.332208514 -0.438206106 1.014552 0.332208514 -0.458206087 1.00970101 0.312805712 -0.458205998 1.09029901 0.635194302 -0.458206087 1.00970101 0.312805712 -0.438206106 1.014552 0.332208514 -0.238206103 1.00970101 0.312805712 0.0217938293 0.400000006 0.474000007 0.0217938293 0.0500000007 0.474000007 0.421793908 0.400000006 0.474000096 0.421793908 0.0500000007 0.474000096 0.421793908 0.400000006 0.474000096 0.0217938293 0.0500000007 0.474000007 0.421793908 0.400000006 0.0740000233 0.421793908 0.400000006 0.474000096 0.421793908 0.0500000007 0.0740000233 0.421793908 0.0500000007 0.474000096 0.421793908 0.0500000007 0.0740000233 0.421793908 0.400000006 0.474000096 -0.378206313 0.400000006 0.874000013 -0.378206313 0.0500000007 0.874000013 0.0217937808 0.400000006 0.874000072 0.0217937808 0.0500000007 0.874000072 0.0217937808 0.400000006 0.874000072 -0.378206313 0.0500000007 0.874000013 0.0217938405 0.400000006 0.474000007 0.0217937808 0.400000006 0.874000072 0.0217938405 0.0500000007 0.474000007 0.0217937808 0.0500000007 0.874000072 0.0217938405 0.0500000007 0.474000007 0.0217937808 0.400000006 0.874000072 -0.778205872 0.400000006 0.0739999712 -0.778205872 0.0500000007 0.0739999712 -1.17820597 0.400000006 0.0740000308 -1.17820597 0.0500000007 0.0740000308 -1.17820597 0.400000006 0.0740000308 -0.778205872 0.0500000007 0.0739999712 -1.17820597 0.400000006 0.474000096 -1.17820597 0.400000006 0.0740000308 -1.17820597 0.0500000007 0.474000096 -1.17820597 0.0500000007 0.0740000308 -1.17820597 0.0500000007 0.474000096 -1.17820597 0.400000006 0.0740000308 -1.17820597 0.400000006 0.474000007 -1.17820597 0.0500000007 0.474000007 -1.17820597 0.400000006 0.874000013 -1.17820597 0.0500000007 0.874000013 -1.17820597 0.400000006 0.874000013 -1.17820597 0.0500000007 0.474000007 -0.778205872 0.400000006 0.874000013 -1.17820597 0.400000006 0.874000013 -0.778205872 0.0500000007 0.874000013 -1.17820597 0.0500000007 0.874000013 -0.778205872 0.0500000007 0.874000013 -1.17820597 0.400000006 0.874000013 -0.378206104 0.400000006 0.874000013 -0.77820611 0.0500000007 0.874000013 -0.378206104 0.0500000007 0.874000013 -0.77820611 0.0500000007 0.874000013 -0.378206104 0.400000006 0.874000013 -0.77820611 0.400000006 0.874000013 -0.0282061808 0.899999976 0.123999998 -0.378206313 0.899999976 0.474000007 -0.0282062292 0.899999976 0.474000007 -0.378206313 0.899999976 0.474000007 -0.0282061808 0.899999976 0.123999998 -0.378206193 0.899999976 0.123999998 -0.0282062106 0.899999976 0.824000001 -0.378206193 0.899999976 0.474000007 -0.378206193 0.899999976 0.824000001 -0.378206193 0.899999976 0.474000007 -0.0282062106 0.899999976 0.824000001 -0.0282062106 0.899999976 0.474000007 0.0217940398 0.5 0.0740000829 -0.378206015 0.5 -0.275999993 -0.378206015 0.5 0.0740000233 -0.378206015 0.5 -0.275999993 0.0217940398 0.5 0.0740000829 0.0217940807 0.5 -0.275999993 0.371793896 0.5 -0.275999993 0.0217938293 0.5 0.0740000233 0.371793896 0.5 0.0740000606 0.0217938293 0.5 0.0740000233 0.371793896 0.5 -0.275999993 0.0217938703 0.5 -0.275999993 -0.728206277 0.5 -0.275999993 -0.378206313 0.5 0.0740000233 -0.378206313 0.5 -0.275999993 -0.378206313 0.5 0.0740000233 -0.728206277 0.5 -0.275999993 -0.728206277 0.5 0.0740000233 0.0217938405 0.5 0.423999995 0.371793896 0.5 0.423999995 0.0217938907 0.5 0.0739999637 0.371793896 0.5 0.074000001 0.0217938907 0.5 0.0739999637 0.371793896 0.5 0.423999995 -1.12820601 0.899999976 0.82400012 -0.778205872 0.899999976 0.474000007 -1.12820601 0.899999976 0.474000007 -0.778205872 0.899999976 0.474000007 -1.12820601 0.899999976 0.82400012 -0.778205872 0.899999976 0.824000001 -1.12820601 0.899999976 0.123999998 -0.778205872 0.899999976 0.474000007 -0.778205872 0.899999976 0.123999998 -0.778205872 0.899999976 0.474000007 -1.12820601 0.899999976 0.123999998 -1.12820601 0.899999976 0.474000007 -0.378206104 0.899999976 0.474000007 -0.77820611 0.899999976 0.123999998 -0.77820611 0.899999976 0.474000007 -0.77820611 0.899999976 0.123999998 -0.378206104 0.899999976 0.474000007 -0.378206015 0.899999976 0.123999998 -0.77820611 0.899999976 0.474000007 -0.378206015 0.899999976 0.824000001 -0.378206104 0.899999976 0.474000007 -0.378206015 0.899999976 0.824000001 -0.77820611 0.899999976 0.474000007 -0.77820611 0.899999976 0.82400012 -0.979576707 1.92499995 0.00262948894 -1.10320604 1.8125 0.0538384803 -0.979576707 1.8125 0.00262948894 -1.10320604 1.8125 0.0538384803 -0.979576707 1.92499995 0.00262948894 -1.10320604 1.92499995 0.0538384803 -1.10320604 1.92499995 -0.295838386 -0.979576707 1.8125 -0.244629398 -1.10320604 1.8125 -0.295838386 -0.979576707 1.8125 -0.244629398 -1.10320604 1.92499995 -0.295838386 -0.979576707 1.92499995 -0.244629398 -0.979576707 1.8125 0.00262948894 -0.979576707 1.8125 -0.244629398 -0.928367674 1.8125 -0.120999999 -0.979576707 1.8125 -0.244629398 -0.979576707 1.8125 0.00262948894 -1.10320604 1.8125 0.0538384803 -0.979576707 1.8125 -0.244629398 -1.10320604 1.8125 0.0538384803 -1.10320604 1.8125 -0.295838386 -1.10320604 1.8125 -0.295838386 -1.10320604 1.8125 0.0538384803 -1.22683597 1.8125 0.00262948894 -1.10320604 1.8125 -0.295838386 -1.22683597 1.8125 0.00262948894 -1.22683597 1.8125 -0.244629398 -1.22683597 1.8125 -0.244629398 -1.22683597 1.8125 0.00262948894 -1.27804494 1.8125 -0.120999999 -0.979576707 1.92499995 0.00262948894 -0.928367674 1.8125 -0.120999999 -0.928367674 1.92499995 -0.120999999 -0.928367674 1.8125 -0.120999999 -0.979576707 1.92499995 0.00262948894 -0.979576707 1.8125 0.00262948894 -1.01401806 1.86874998 -0.210187897 -1.01401806 1.86874998 -0.0318120196 -0.977075279 1.86874998 -0.120999999 -1.01401806 1.86874998 -0.0318120196 -1.01401806 1.86874998 -0.210187897 -1.10320604 1.86874998 -0.247130796 -1.01401806 1.86874998 -0.0318120196 -1.10320604 1.86874998 -0.247130796 -1.10320604 1.86874998 0.00513083488 -1.10320604 1.86874998 0.00513083488 -1.10320604 1.86874998 -0.247130796 -1.19239402 1.86874998 -0.210187897 -1.10320604 1.86874998 0.00513083488 -1.19239402 1.86874998 -0.210187897 -1.19239402 1.86874998 -0.0318120196 -1.19239402 1.86874998 -0.0318120196 -1.19239402 1.86874998 -0.210187897 -1.22933698 1.86874998 -0.120999999 -1.22683597 1.92499995 -0.244629398 -1.10320604 1.8125 -0.295838386 -1.22683597 1.8125 -0.244629398 -1.10320604 1.8125 -0.295838386 -1.22683597 1.92499995 -0.244629398 -1.10320604 1.92499995 -0.295838386 -1.27804494 1.8125 -0.120999999 -1.22683597 1.92499995 -0.244629398 -1.22683597 1.8125 -0.244629398 -1.22683597 1.92499995 -0.244629398 -1.27804494 1.8125 -0.120999999 -1.27804494 1.92499995 -0.120999999 -1.22683597 1.8125 0.00262948894 -1.27804494 1.92499995 -0.120999999 -1.27804494 1.8125 -0.120999999 -1.27804494 1.92499995 -0.120999999 -1.22683597 1.8125 0.00262948894 -1.22683597 1.92499995 0.00262948894 -1.10320604 1.92499995 0.0538384803 -1.22683597 1.8125 0.00262948894 -1.10320604 1.8125 0.0538384803 -1.22683597 1.8125 0.00262948894 -1.10320604 1.92499995 0.0538384803 -1.22683597 1.92499995 0.00262948894 -0.928367674 1.92499995 -0.120999999 -0.979576707 1.8125 -0.244629398 -0.979576707 1.92499995 -0.244629398 -0.979576707 1.8125 -0.244629398 -0.928367674 1.92499995 -0.120999999 -0.928367674 1.8125 -0.120999999 -1.19239402 1.92499995 -0.0318120196 -1.10320604 1.86874998 0.00513083488 -1.19239402 1.86874998 -0.0318120196 -1.10320604 1.86874998 0.00513083488 -1.19239402 1.92499995 -0.0318120196 -1.10320604 1.92499995 0.00513083488 -1.01401806 1.86874998 -0.0318120196 -0.977075279 1.92499995 -0.120999999 -0.977075279 1.86874998 -0.120999999 -0.977075279 1.92499995 -0.120999999 -1.01401806 1.86874998 -0.0318120196 -1.01401806 1.92499995 -0.0318120196 -0.977075279 1.86874998 -0.120999999 -1.01401806 1.92499995 -0.210187897 -1.01401806 1.86874998 -0.210187897 -1.01401806 1.92499995 -0.210187897 -0.977075279 1.86874998 -0.120999999 -0.977075279 1.92499995 -0.120999999 -1.19239402 1.92499995 -0.0318120196 -1.22933698 1.86874998 -0.120999999 -1.22933698 1.92499995 -0.120999999 -1.22933698 1.86874998 -0.120999999 -1.19239402 1.92499995 -0.0318120196 -1.19239402 1.86874998 -0.0318120196 -1.10320604 1.92499995 0.00513083488 -1.01401806 1.86874998 -0.0318120196 -1.10320604 1.86874998 0.00513083488 -1.01401806 1.86874998 -0.0318120196 -1.10320604 1.92499995 0.00513083488 -1.01401806 1.92499995 -0.0318120196 -1.01401806 1.92499995 -0.210187897 -1.10320604 1.86874998 -0.247130796 -1.01401806 1.86874998 -0.210187897 -1.10320604 1.86874998 -0.247130796 -1.01401806 1.92499995 -0.210187897 -1.10320604 1.92499995 -0.247130796 -1.22933698 1.92499995 -0.120999999 -1.19239402 1.86874998 -0.210187897 -1.19239402 1.92499995 -0.210187897 -1.19239402 1.86874998 -0.210187897 -1.22933698 1.92499995 -0.120999999 -1.22933698 1.86874998 -0.120999999 -1.10320604 1.92499995 -0.247130796 -1.19239402 1.86874998 -0.210187897 -1.10320604 1.86874998 -0.247130796 -1.19239402 1.86874998 -0.210187897 -1.10320604 1.92499995 -0.247130796 -1.19239402 1.92499995 -0.210187897 -1.22933698 1.92499995 -0.120999999 -1.22683597 1.92499995 -0.244629398 -1.27804494 1.92499995 -0.120999999 -1.22683597 1.92499995 0.00262948894 -1.22933698 1.92499995 -0.120999999 -1.27804494 1.92499995 -0.120999999 -1.19239402 1.92499995 -0.210187897 -1.22683597 1.92499995 -0.244629398 -1.22933698 1.92499995 -0.120999999 -1.22683597 1.92499995 0.00262948894 -1.19239402 1.92499995 -0.0318120196 -1.22933698 1.92499995 -0.120999999 -1.10320604 1.92499995 -0.247130796 -1.22683597 1.92499995 -0.244629398 -1.19239402 1.92499995 -0.210187897 -1.10320604 1.92499995 -0.247130796 -1.10320604 1.92499995 -0.295838386 -1.22683597 1.92499995 -0.244629398 -1.01401806 1.92499995 -0.210187897 -1.10320604 1.92499995 -0.295838386 -1.10320604 1.92499995 -0.247130796 -1.01401806 1.92499995 -0.210187897 -0.979576707 1.92499995 -0.244629398 -1.10320604 1.92499995 -0.295838386 -1.10320604 1.92499995 0.0538384803 -1.19239402 1.92499995 -0.0318120196 -1.22683597 1.92499995 0.00262948894 -1.10320604 1.92499995 0.0538384803 -1.10320604 1.92499995 0.00513083488 -1.19239402 1.92499995 -0.0318120196 -1.10320604 1.92499995 0.0538384803 -1.01401806 1.92499995 -0.0318120196 -1.10320604 1.92499995 0.00513083488 -0.979576707 1.92499995 0.00262948894 -1.01401806 1.92499995 -0.0318120196 -1.10320604 1.92499995 0.0538384803 -0.977075279 1.92499995 -0.120999999 -0.979576707 1.92499995 -0.244629398 -1.01401806 1.92499995 -0.210187897 -0.979576707 1.92499995 0.00262948894 -0.977075279 1.92499995 -0.120999999 -1.01401806 1.92499995 -0.0318120196 -0.979576707 1.92499995 -0.244629398 -0.977075279 1.92499995 -0.120999999 -0.928367674 1.92499995 -0.120999999 -0.977075279 1.92499995 -0.120999999 -0.979576707 1.92499995 0.00262948894 -0.928367674 1.92499995 -0.120999999 -1.26230502 2.70716812e-16 0.0380990393 -1.32820606 0.112499997 -0.120999999 -1.32820606 2.70716812e-16 -0.120999999 -1.32820606 0.112499997 -0.120999999 -1.26230502 2.70716812e-16 0.0380990393 -1.26230502 0.112499997 0.0380990393 -1.10320604 0.112499997 0.104000002 -1.26230502 2.70716812e-16 0.0380990393 -1.10320604 2.70716812e-16 0.104000002 -1.26230502 2.70716812e-16 0.0380990393 -1.10320604 0.112499997 0.104000002 -1.26230502 0.112499997 0.0380990393 -0.944107175 0.112499997 -0.280099005 -0.944107175 0.112499997 0.0380990393 -0.878206074 0.112499997 -0.120999999 -0.944107175 0.112499997 0.0380990393 -0.944107175 0.112499997 -0.280099005 -1.10320604 0.112499997 -0.345999986 -0.944107175 0.112499997 0.0380990393 -1.10320604 0.112499997 -0.345999986 -1.10320604 0.112499997 0.104000002 -1.10320604 0.112499997 0.104000002 -1.10320604 0.112499997 -0.345999986 -1.26230502 0.112499997 -0.280099005 -1.10320604 0.112499997 0.104000002 -1.26230502 0.112499997 -0.280099005 -1.26230502 0.112499997 0.0380990393 -1.26230502 0.112499997 0.0380990393 -1.26230502 0.112499997 -0.280099005 -1.32820606 0.112499997 -0.120999999 -1.32820606 2.70716812e-16 -0.120999999 -1.26230502 0.112499997 -0.280099005 -1.26230502 2.70716812e-16 -0.280099005 -1.26230502 0.112499997 -0.280099005 -1.32820606 2.70716812e-16 -0.120999999 -1.32820606 0.112499997 -0.120999999 -0.944107175 0.112499997 0.0380990393 -0.878206074 2.70716812e-16 -0.120999999 -0.878206074 0.112499997 -0.120999999 -0.878206074 2.70716812e-16 -0.120999999 -0.944107175 0.112499997 0.0380990393 -0.944107175 2.70716812e-16 0.0380990393 -0.944107175 0.112499997 0.0380990393 -1.10320604 2.70716812e-16 0.104000002 -0.944107175 2.70716812e-16 0.0380990393 -1.10320604 2.70716812e-16 0.104000002 -0.944107175 0.112499997 0.0380990393 -1.10320604 0.112499997 0.104000002 -0.878206074 0.112499997 -0.120999999 -0.944107175 2.70716812e-16 -0.280099005 -0.944107175 0.112499997 -0.280099005 -0.944107175 2.70716812e-16 -0.280099005 -0.878206074 0.112499997 -0.120999999 -0.878206074 2.70716812e-16 -0.120999999 -1.26230502 0.112499997 -0.280099005 -1.10320604 2.70716812e-16 -0.345999986 -1.26230502 2.70716812e-16 -0.280099005 -1.10320604 2.70716812e-16 -0.345999986 -1.26230502 0.112499997 -0.280099005 -1.10320604 0.112499997 -0.345999986 -1.10320604 0.112499997 -0.345999986 -0.944107175 2.70716812e-16 -0.280099005 -1.10320604 2.70716812e-16 -0.345999986 -0.944107175 2.70716812e-16 -0.280099005 -1.10320604 0.112499997 -0.345999986 -0.944107175 0.112499997 -0.280099005 -0.944107175 2.70716812e-16 0.0380990393 -0.944107175 2.70716812e-16 -0.280099005 -0.878206074 2.70716812e-16 -0.120999999 -0.944107175 2.70716812e-16 -0.280099005 -0.944107175 2.70716812e-16 0.0380990393 -1.10320604 2.70716812e-16 0.104000002 -0.944107175 2.70716812e-16 -0.280099005 -1.10320604 2.70716812e-16 0.104000002 -1.10320604 2.70716812e-16 -0.345999986 -1.10320604 2.70716812e-16 -0.345999986 -1.10320604 2.70716812e-16 0.104000002 -1.26230502 2.70716812e-16 0.0380990393 -1.10320604 2.70716812e-16 -0.345999986 -1.26230502 2.70716812e-16 0.0380990393 -1.26230502 2.70716812e-16 -0.280099005 -1.26230502 2.70716812e-16 -0.280099005 -1.26230502 2.70716812e-16 0.0380990393 -1.32820606 2.70716812e-16 -0.120999999 -0.77820611 0.870000005 0.0739999935 -0.77820611 0.861632586 -0.0538913198 -0.77820611 0.831632614 -0.0538913198 -0.77820611 0.861632586 -0.0538913198 -0.77820611 0.870000005 0.0739999935 -0.77820611 0.899999976 0.0739999935 -0.758206129 0.855632484 -0.0738913193 -0.398206115 0.825632572 -0.0738913193 -0.758206129 0.825632572 -0.0738913193 -0.398206115 0.825632572 -0.0738913193 -0.758206129 0.855632484 -0.0738913193 -0.398206115 0.855632484 -0.0738913193 -0.398206115 0.855632484 -0.0738913193 -0.378206104 0.831632614 -0.0538913198 -0.398206115 0.825632572 -0.0738913193 -0.378206104 0.831632614 -0.0538913198 -0.398206115 0.855632484 -0.0738913193 -0.378206104 0.861632586 -0.0538913198 -0.378206104 0.899999976 0.0739999935 -0.378206104 0.831632614 -0.0538913198 -0.378206104 0.861632586 -0.0538913198 -0.378206104 0.831632614 -0.0538913198 -0.378206104 0.899999976 0.0739999935 -0.378206104 0.870000005 0.0739999935 -0.77820611 0.831632614 -0.0538913198 -0.758206129 0.855632484 -0.0738913193 -0.758206129 0.825632572 -0.0738913193 -0.758206129 0.855632484 -0.0738913193 -0.77820611 0.831632614 -0.0538913198 -0.77820611 0.861632586 -0.0538913198 -0.398206115 0.855632484 -0.0738913193 -0.378206104 0.899999976 0.0739999935 -0.378206104 0.861632586 -0.0538913198 -0.378206104 0.899999976 0.0739999935 -0.398206115 0.855632484 -0.0738913193 -0.77820611 0.899999976 0.0739999935 -0.77820611 0.899999976 0.0739999935 -0.398206115 0.855632484 -0.0738913193 -0.758206129 0.855632484 -0.0738913193 -0.77820611 0.899999976 0.0739999935 -0.758206129 0.855632484 -0.0738913193 -0.77820611 0.861632586 -0.0538913198 -0.77820611 0.870000005 0.0739999935 -0.378206104 0.831632614 -0.0538913198 -0.378206104 0.870000005 0.0739999935 -0.378206104 0.831632614 -0.0538913198 -0.77820611 0.870000005 0.0739999935 -0.398206115 0.825632572 -0.0738913193 -0.398206115 0.825632572 -0.0738913193 -0.77820611 0.870000005 0.0739999935 -0.758206129 0.825632572 -0.0738913193 -0.758206129 0.825632572 -0.0738913193 -0.77820611 0.870000005 0.0739999935 -0.77820611 0.831632614 -0.0538913198 0.371793896 0.129999995 -0.326000005 0.1017939 0.129999995 -0.326000005 0.341794014 0.129999995 -0.326000005 0.371793896 0.129999995 -0.326000005 0.0717939436 0.129999995 -0.326000005 0.1017939 0.129999995 -0.326000005 0.371793896 0.129999995 -0.326000005 0.421793908 0.0500000007 -0.326000005 0.0717939436 0.129999995 -0.326000005 0.0217939299 0.0500000007 -0.326000005 0.0717939436 0.129999995 -0.326000005 0.421793908 0.0500000007 -0.326000005 0.421793908 0.0500000007 -0.326000005 0.371793896 0.129999995 -0.326000005 0.421793908 0.400000006 -0.326000005 0.421793908 0.400000006 -0.326000005 0.371793896 0.129999995 -0.326000005 0.371793896 0.300000012 -0.326000005 0.0717939436 0.129999995 -0.326000005 0.0217939299 0.0500000007 -0.326000005 0.0217939299 0.400000006 -0.326000005 0.421793908 0.400000006 -0.326000005 0.371793896 0.300000012 -0.326000005 0.0217939299 0.400000006 -0.326000005 0.0717939436 0.129999995 -0.326000005 0.0217939299 0.400000006 -0.326000005 0.0717939436 0.300000012 -0.326000005 0.0717939436 0.300000012 -0.326000005 0.0217939299 0.400000006 -0.326000005 0.371793896 0.300000012 -0.326000005 0.421793908 0.400000006 0.0740000308 0.421793908 0.0500000007 -0.326000005 0.421793908 0.400000006 -0.326000005 0.421793908 0.0500000007 -0.326000005 0.421793908 0.400000006 0.0740000308 0.421793908 0.0500000007 0.0740000308 -0.778205872 0.0500000007 0.0740000308 -0.778205872 0.400000006 0.0740000308 -0.778205872 0.0500000007 -0.326000005 -0.778205872 0.400000006 -0.326000005 -0.778205872 0.0500000007 -0.326000005 -0.778205872 0.400000006 0.0740000308 -0.728205919 0.300000012 -0.326000005 -0.378205895 0.400000006 -0.326000005 -0.428205907 0.300000012 -0.326000005 -0.428205907 0.300000012 -0.326000005 -0.378205895 0.400000006 -0.326000005 -0.428205907 0.129999995 -0.326000005 -0.378205895 0.400000006 -0.326000005 -0.728205919 0.300000012 -0.326000005 -0.778205872 0.400000006 -0.326000005 -0.378205895 0.400000006 -0.326000005 -0.378205895 0.0500000007 -0.326000005 -0.428205907 0.129999995 -0.326000005 -0.728205919 0.300000012 -0.326000005 -0.728205919 0.129999995 -0.326000005 -0.778205872 0.400000006 -0.326000005 -0.778205872 0.400000006 -0.326000005 -0.728205919 0.129999995 -0.326000005 -0.778205872 0.0500000007 -0.326000005 -0.778205872 0.0500000007 -0.326000005 -0.428205907 0.129999995 -0.326000005 -0.378205895 0.0500000007 -0.326000005 -0.428205907 0.129999995 -0.326000005 -0.778205872 0.0500000007 -0.326000005 -0.728205919 0.129999995 -0.326000005 -0.458205909 0.129999995 -0.326000005 -0.428205907 0.129999995 -0.326000005 -0.728205919 0.129999995 -0.326000005 -0.698205888 0.129999995 -0.326000005 -0.458205909 0.129999995 -0.326000005 -0.728205919 0.129999995 -0.326000005 -0.378206193 0.400000006 -0.326000005 -0.328206211 0.0500000007 -0.326000005 -0.378206193 0.0500000007 -0.326000005 -0.328206211 0.0500000007 -0.326000005 -0.378206193 0.400000006 -0.326000005 -0.328206211 0.280000001 -0.326000005 -0.328206211 0.280000001 -0.326000005 -0.378206193 0.400000006 -0.326000005 -0.308206201 0.300000012 -0.326000005 -0.308206201 0.300000012 -0.326000005 -0.378206193 0.400000006 -0.326000005 -0.048206199 0.300000012 -0.326000005 0.0217937995 0.400000006 -0.326000005 -0.048206199 0.300000012 -0.326000005 -0.378206193 0.400000006 -0.326000005 0.0217937995 0.400000006 -0.326000005 -0.0282061994 0.280000001 -0.326000005 -0.048206199 0.300000012 -0.326000005 0.0217937995 0.0500000007 -0.326000005 -0.0282061994 0.280000001 -0.326000005 0.0217937995 0.400000006 -0.326000005 -0.0282061994 0.280000001 -0.326000005 0.0217937995 0.0500000007 -0.326000005 -0.0282061994 0.0500000007 -0.326000005 -0.278205991 0.25 -0.305999994 -0.278205991 0.0199999996 -0.326000005 -0.278205991 0.25 -0.326000005 -0.278205991 0.0199999996 -0.326000005 -0.278205991 0.25 -0.305999994 -0.278205991 0.0199999996 -0.305999994 -0.168206006 0.0199999996 -0.326000005 -0.0782059729 0.0199999996 -0.305999994 -0.0782059729 0.0199999996 -0.326000005 -0.0782059729 0.0199999996 -0.305999994 -0.168206006 0.0199999996 -0.326000005 -0.168206006 0.0199999996 -0.305999994 -0.0782059729 0.0199999996 -0.305999994 -0.0782059729 0.25 -0.326000005 -0.0782059729 0.0199999996 -0.326000005 -0.0782059729 0.25 -0.326000005 -0.0782059729 0.0199999996 -0.305999994 -0.0782059729 0.25 -0.305999994 -0.168206006 0.25 -0.305999994 -0.168206006 0.0199999996 -0.326000005 -0.168206006 0.25 -0.326000005 -0.168206006 0.0199999996 -0.326000005 -0.168206006 0.25 -0.305999994 -0.168206006 0.0199999996 -0.305999994 -0.188206002 0.0199999996 -0.305999994 -0.188206002 0.25 -0.326000005 -0.188206002 0.0199999996 -0.326000005 -0.188206002 0.25 -0.326000005 -0.188206002 0.0199999996 -0.305999994 -0.188206002 0.25 -0.305999994 -0.188206002 0.0199999996 -0.326000005 -0.188206002 0.25 -0.326000005 -0.188206002 0.0199999996 -0.305999994 -0.188206002 0.25 -0.305999994 -0.188206002 0.0199999996 -0.305999994 -0.188206002 0.25 -0.326000005 -0.278205991 0.0199999996 -0.326000005 -0.188206002 0.0199999996 -0.305999994 -0.188206002 0.0199999996 -0.326000005 -0.188206002 0.0199999996 -0.305999994 -0.278205991 0.0199999996 -0.326000005 -0.278205991 0.0199999996 -0.305999994 -0.278205991 0.25 -0.305999994 -0.188206002 0.25 -0.326000005 -0.188206002 0.25 -0.305999994 -0.188206002 0.25 -0.326000005 -0.278205991 0.25 -0.305999994 -0.278205991 0.25 -0.326000005 -0.168206006 0.25 -0.305999994 -0.0782059729 0.25 -0.326000005 -0.0782059729 0.25 -0.305999994 -0.0782059729 0.25 -0.326000005 -0.168206006 0.25 -0.305999994 -0.168206006 0.25 -0.326000005 -0.278205991 0.0199999996 -0.326000005 -0.298206002 0.270000011 -0.326000005 -0.278205991 0.25 -0.326000005 -0.278205991 0.25 -0.326000005 -0.298206002 0.270000011 -0.326000005 -0.188206002 0.25 -0.326000005 -0.278205991 0.0199999996 -0.326000005 -0.298206002 2.70716812e-16 -0.326000005 -0.298206002 0.270000011 -0.326000005 -0.298206002 2.70716812e-16 -0.326000005 -0.278205991 0.0199999996 -0.326000005 -0.0582059585 2.70716812e-16 -0.326000005 -0.0582059585 2.70716812e-16 -0.326000005 -0.278205991 0.0199999996 -0.326000005 -0.188206002 0.0199999996 -0.326000005 -0.0582059585 2.70716812e-16 -0.326000005 -0.188206002 0.0199999996 -0.326000005 -0.0782059729 0.0199999996 -0.326000005 -0.0782059729 0.0199999996 -0.326000005 -0.0582059585 0.270000011 -0.326000005 -0.0582059585 2.70716812e-16 -0.326000005 -0.188206002 0.0199999996 -0.326000005 -0.168206006 0.0199999996 -0.326000005 -0.0782059729 0.0199999996 -0.326000005 -0.168206006 0.0199999996 -0.326000005 -0.188206002 0.0199999996 -0.326000005 -0.188206002 0.25 -0.326000005 -0.0582059585 0.270000011 -0.326000005 -0.0782059729 0.0199999996 -0.326000005 -0.0782059729 0.25 -0.326000005 -0.0582059585 0.270000011 -0.326000005 -0.0782059729 0.25 -0.326000005 -0.298206002 0.270000011 -0.326000005 -0.168206006 0.0199999996 -0.326000005 -0.188206002 0.25 -0.326000005 -0.168206006 0.25 -0.326000005 -0.188206002 0.25 -0.326000005 -0.298206002 0.270000011 -0.326000005 -0.168206006 0.25 -0.326000005 -0.168206006 0.25 -0.326000005 -0.298206002 0.270000011 -0.326000005 -0.0782059729 0.25 -0.326000005 -0.648205817 0.769999981 0.0740000233 -0.508205771 0.5 0.0740000233 -0.648205817 0.5 0.0740000233 -0.508205771 0.5 0.0740000233 -0.648205817 0.769999981 0.0740000233 -0.508205771 0.769999981 0.0740000233 </float_array>
          <technique_common>
            <accessor count="4614" offset="0" source="#colormap_1-positions-array" stride="3">
              <param name="X" type="float" />
              <param name="Y" type="float" />
              <param name="Z" type="float" />
            </accessor>
          </technique_common>
        </source>
        <source id="colormap_1-normals" name="colormap_1-normals">
          <float_array id="colormap_1-normals-array" count="13842"> 0 -1 0 0 -1 0 0 -1 0 0 -1 0 0 -1 0 0 -1 0 -0.382683396 0 0.923879683 -0.923879623 0 0.382683605 -0.382683396 0 0.923879683 -0.923879623 0 0.382683605 -0.382683396 0 0.923879683 -0.923879623 0 0.382683605 -0.923879623 0 0.382683605 -0.923879683 0 -0.382683396 -0.923879623 0 0.382683605 -0.923879683 0 -0.382683396 -0.923879623 0 0.382683605 -0.923879683 0 -0.382683396 -0.923879683 0 -0.382683396 -0.382683605 0 -0.923879623 -0.923879683 0 -0.382683396 -0.382683605 0 -0.923879623 -0.923879683 0 -0.382683396 -0.382683605 0 -0.923879623 1 0 -1.19209304e-07 1 0 -1.19209304e-07 1 0 -1.19209304e-07 1 0 -1.19209304e-07 1 0 -1.19209304e-07 1 0 -1.19209304e-07 -1 0 1.19209304e-07 -1 0 1.19209304e-07 -1 0 1.19209304e-07 -1 0 1.19209304e-07 -1 0 1.19209304e-07 -1 0 1.19209304e-07 -0.923879623 0.0928143635 0.371257603 -0.923879683 -0.0928143635 -0.371257395 -0.923879683 -0.0928143635 -0.371257395 -0.923879683 -0.0928143635 -0.371257395 -0.923879623 0.0928143635 0.371257603 -0.923879623 0.0928143635 0.371257603 -0.923879683 -0.0928143635 -0.371257395 -0.382683605 -0.224073693 -0.896294892 -0.382683605 -0.224073693 -0.896294892 -0.382683605 -0.224073693 -0.896294892 -0.923879683 -0.0928143635 -0.371257395 -0.923879683 -0.0928143635 -0.371257395 -0.382683396 0.224073693 0.896295011 -0.923879623 0.0928143635 0.371257603 -0.923879623 0.0928143635 0.371257603 -0.923879623 0.0928143635 0.371257603 -0.382683396 0.224073693 0.896295011 -0.382683396 0.224073693 0.896295011 -2.89125008e-08 0.970142484 -0.242535695 -2.89125008e-08 0.970142484 -0.242535695 -2.89125008e-08 0.970142484 -0.242535695 -2.89125008e-08 0.970142484 -0.242535695 -2.89125008e-08 0.970142484 -0.242535695 -2.89125008e-08 0.970142484 -0.242535695 -2.89125008e-08 0.970142484 -0.242535695 -2.89125008e-08 0.970142484 -0.242535695 -2.89125008e-08 0.970142484 -0.242535695 -2.89125008e-08 0.970142484 -0.242535695 -2.89125008e-08 0.970142484 -0.242535695 -2.89125008e-08 0.970142484 -0.242535695 -2.89125008e-08 0.970142484 -0.242535695 -2.89125008e-08 0.970142484 -0.242535695 -2.89125008e-08 0.970142484 -0.242535695 -2.89125008e-08 0.970142484 -0.242535695 -2.89125008e-08 0.970142484 -0.242535695 -2.89125008e-08 0.970142484 -0.242535695 -2.89125008e-08 0.970142484 -0.242535695 -2.89125008e-08 0.970142484 -0.242535695 -2.89125008e-08 0.970142484 -0.242535695 -2.89125008e-08 0.970142484 -0.242535695 -2.89125008e-08 0.970142484 -0.242535695 -2.89125008e-08 0.970142484 -0.242535695 -2.89125008e-08 0.970142484 -0.242535695 -2.89125008e-08 0.970142484 -0.242535695 -2.89125008e-08 0.970142484 -0.242535695 -2.89125008e-08 0.970142484 -0.242535695 -2.89125008e-08 0.970142484 -0.242535695 -2.89125008e-08 0.970142484 -0.242535695 -2.89125008e-08 0.970142484 -0.242535695 -2.89125008e-08 0.970142484 -0.242535695 -2.89125008e-08 0.970142484 -0.242535695 -2.89125008e-08 0.970142484 -0.242535695 -2.89125008e-08 0.970142484 -0.242535695 -2.89125008e-08 0.970142484 -0.242535695 -1.15649996e-07 -0.242535606 -0.970142722 -1.15649996e-07 -0.242535606 -0.970142722 -1.15649996e-07 -0.242535606 -0.970142722 -1.15649996e-07 -0.242535606 -0.970142722 -1.15649996e-07 -0.242535606 -0.970142722 -1.15649996e-07 -0.242535606 -0.970142722 0.382683396 -0.224073693 -0.896295011 -0.382683605 -0.224073693 -0.896294892 -0.382683605 -0.224073693 -0.896294892 -0.382683605 -0.224073693 -0.896294892 0.382683396 -0.224073693 -0.896295011 0.382683396 -0.224073693 -0.896295011 0.382683396 -0.224073693 -0.896295011 0.923879623 -0.0928143635 -0.371257603 0.382683396 -0.224073693 -0.896295011 0.923879623 -0.0928143635 -0.371257603 0.382683396 -0.224073693 -0.896295011 0.923879623 -0.0928143635 -0.371257603 0.923879683 0.0928143635 0.371257395 0.382683605 0.224073693 0.896294892 0.923879683 0.0928143635 0.371257395 0.382683605 0.224073693 0.896294892 0.923879683 0.0928143635 0.371257395 0.382683605 0.224073693 0.896294892 -0.382683396 0.224073693 0.896295011 0.382683605 0.224073693 0.896294892 -0.382683396 0.224073693 0.896295011 0.382683605 0.224073693 0.896294892 -0.382683396 0.224073693 0.896295011 0.382683605 0.224073693 0.896294892 0.382683396 0 -0.923879683 0.923879623 0 -0.382683605 0.923879623 0 -0.382683605 0.923879623 0 -0.382683605 0.382683396 0 -0.923879683 0.382683396 0 -0.923879683 0.923879623 -0.0928143635 -0.371257603 0.923879683 0.0928143635 0.371257395 0.923879623 -0.0928143635 -0.371257603 0.923879683 0.0928143635 0.371257395 0.923879623 -0.0928143635 -0.371257603 0.923879683 0.0928143635 0.371257395 0.382683396 0 -0.923879683 -0.382683605 0 -0.923879623 -0.382683605 0 -0.923879623 -0.382683605 0 -0.923879623 0.382683396 0 -0.923879683 0.382683396 0 -0.923879683 1.15649996e-07 0.242535606 0.970142722 1.15649996e-07 0.242535606 0.970142722 1.15649996e-07 0.242535606 0.970142722 1.15649996e-07 0.242535606 0.970142722 1.15649996e-07 0.242535606 0.970142722 1.15649996e-07 0.242535606 0.970142722 0.923879683 0 0.382683396 0.382683605 0 0.923879623 0.382683605 0 0.923879623 0.382683605 0 0.923879623 0.923879683 0 0.382683396 0.923879683 0 0.382683396 0.382683605 0 0.923879623 -0.382683396 0 0.923879683 -0.382683396 0 0.923879683 -0.382683396 0 0.923879683 0.382683605 0 0.923879623 0.382683605 0 0.923879623 0 1 0 0 1 0 0 1 0 0 1 0 0 1 0 0 1 0 0 1 0 0 1 0 0 1 0 0 1 0 0 1 0 0 1 0 0 1 0 0 1 0 0 1 0 0 1 0 0 1 0 0 1 0 0 1 0 0 1 0 0 1 0 0 1 0 0 1 0 0 1 0 0 1 0 0 1 0 0 1 0 0 1 0 0 1 0 0 1 0 0 1 0 0 1 0 0 1 0 0 1 0 0 1 0 0 1 0 0.923879623 0 -0.382683605 0.923879683 0 0.382683396 0.923879683 0 0.382683396 0.923879683 0 0.382683396 0.923879623 0 -0.382683605 0.923879623 0 -0.382683605 -0.382683396 0 0.923879683 -0.923879623 0 0.382683605 -0.382683396 0 0.923879683 -0.923879623 0 0.382683605 -0.382683396 0 0.923879683 -0.923879623 0 0.382683605 -0.923879623 0 0.382683605 -0.923879683 0 -0.382683396 -0.923879623 0 0.382683605 -0.923879683 0 -0.382683396 -0.923879623 0 0.382683605 -0.923879683 0 -0.382683396 -0.923879683 0 -0.382683396 -0.382683605 0 -0.923879623 -0.923879683 0 -0.382683396 -0.382683605 0 -0.923879623 -0.923879683 0 -0.382683396 -0.382683605 0 -0.923879623 1 0 -1.19209304e-07 1 0 -1.19209304e-07 1 0 -1.19209304e-07 1 0 -1.19209304e-07 1 0 -1.19209304e-07 1 0 -1.19209304e-07 -1 0 1.19209304e-07 -1 0 1.19209304e-07 -1 0 1.19209304e-07 -1 0 1.19209304e-07 -1 0 1.19209304e-07 -1 0 1.19209304e-07 -0.923879623 0.0928143635 0.371257603 -0.923879683 -0.0928143635 -0.371257395 -0.923879683 -0.0928143635 -0.371257395 -0.923879683 -0.0928143635 -0.371257395 -0.923879623 0.0928143635 0.371257603 -0.923879623 0.0928143635 0.371257603 -0.923879683 -0.0928143635 -0.371257395 -0.382683605 -0.224073693 -0.896294892 -0.382683605 -0.224073693 -0.896294892 -0.382683605 -0.224073693 -0.896294892 -0.923879683 -0.0928143635 -0.371257395 -0.923879683 -0.0928143635 -0.371257395 -0.382683396 0.224073693 0.896295011 -0.923879623 0.0928143635 0.371257603 -0.923879623 0.0928143635 0.371257603 -0.923879623 0.0928143635 0.371257603 -0.382683396 0.224073693 0.896295011 -0.382683396 0.224073693 0.896295011 -2.89125008e-08 0.970142484 -0.242535695 -2.89125008e-08 0.970142484 -0.242535695 -2.89125008e-08 0.970142484 -0.242535695 -2.89125008e-08 0.970142484 -0.242535695 -2.89125008e-08 0.970142484 -0.242535695 -2.89125008e-08 0.970142484 -0.242535695 -2.89125008e-08 0.970142484 -0.242535695 -2.89125008e-08 0.970142484 -0.242535695 -2.89125008e-08 0.970142484 -0.242535695 -2.89125008e-08 0.970142484 -0.242535695 -2.89125008e-08 0.970142484 -0.242535695 -2.89125008e-08 0.970142484 -0.242535695 -2.89125008e-08 0.970142484 -0.242535695 -2.89125008e-08 0.970142484 -0.242535695 -2.89125008e-08 0.970142484 -0.242535695 -2.89125008e-08 0.970142484 -0.242535695 -2.89125008e-08 0.970142484 -0.242535695 -2.89125008e-08 0.970142484 -0.242535695 -2.89125008e-08 0.970142484 -0.242535695 -2.89125008e-08 0.970142484 -0.242535695 -2.89125008e-08 0.970142484 -0.242535695 -2.89125008e-08 0.970142484 -0.242535695 -2.89125008e-08 0.970142484 -0.242535695 -2.89125008e-08 0.970142484 -0.242535695 -2.89125008e-08 0.970142484 -0.242535695 -2.89125008e-08 0.970142484 -0.242535695 -2.89125008e-08 0.970142484 -0.242535695 -2.89125008e-08 0.970142484 -0.242535695 -2.89125008e-08 0.970142484 -0.242535695 -2.89125008e-08 0.970142484 -0.242535695 -2.89125008e-08 0.970142484 -0.242535695 -2.89125008e-08 0.970142484 -0.242535695 -2.89125008e-08 0.970142484 -0.242535695 -2.89125008e-08 0.970142484 -0.242535695 -2.89125008e-08 0.970142484 -0.242535695 -2.89125008e-08 0.970142484 -0.242535695 -1.15649996e-07 -0.242535606 -0.970142722 -1.15649996e-07 -0.242535606 -0.970142722 -1.15649996e-07 -0.242535606 -0.970142722 -1.15649996e-07 -0.242535606 -0.970142722 -1.15649996e-07 -0.242535606 -0.970142722 -1.15649996e-07 -0.242535606 -0.970142722 0.382683396 -0.224073693 -0.896295011 -0.382683605 -0.224073693 -0.896294892 -0.382683605 -0.224073693 -0.896294892 -0.382683605 -0.224073693 -0.896294892 0.382683396 -0.224073693 -0.896295011 0.382683396 -0.224073693 -0.896295011 0.382683396 -0.224073693 -0.896295011 0.923879623 -0.0928143635 -0.371257603 0.382683396 -0.224073693 -0.896295011 0.923879623 -0.0928143635 -0.371257603 0.382683396 -0.224073693 -0.896295011 0.923879623 -0.0928143635 -0.371257603 0.923879683 0.0928143635 0.371257395 0.382683605 0.224073693 0.896294892 0.923879683 0.0928143635 0.371257395 0.382683605 0.224073693 0.896294892 0.923879683 0.0928143635 0.371257395 0.382683605 0.224073693 0.896294892 -0.382683396 0.224073693 0.896295011 0.382683605 0.224073693 0.896294892 -0.382683396 0.224073693 0.896295011 0.382683605 0.224073693 0.896294892 -0.382683396 0.224073693 0.896295011 0.382683605 0.224073693 0.896294892 0.382683396 0 -0.923879683 0.923879623 0 -0.382683605 0.923879623 0 -0.382683605 0.923879623 0 -0.382683605 0.382683396 0 -0.923879683 0.382683396 0 -0.923879683 0.923879623 -0.0928143635 -0.371257603 0.923879683 0.0928143635 0.371257395 0.923879623 -0.0928143635 -0.371257603 0.923879683 0.0928143635 0.371257395 0.923879623 -0.0928143635 -0.371257603 0.923879683 0.0928143635 0.371257395 0.382683396 0 -0.923879683 -0.382683605 0 -0.923879623 -0.382683605 0 -0.923879623 -0.382683605 0 -0.923879623 0.382683396 0 -0.923879683 0.382683396 0 -0.923879683 1.15649996e-07 0.242535606 0.970142722 1.15649996e-07 0.242535606 0.970142722 1.15649996e-07 0.242535606 0.970142722 1.15649996e-07 0.242535606 0.970142722 1.15649996e-07 0.242535606 0.970142722 1.15649996e-07 0.242535606 0.970142722 0.923879683 0 0.382683396 0.382683605 0 0.923879623 0.382683605 0 0.923879623 0.382683605 0 0.923879623 0.923879683 0 0.382683396 0.923879683 0 0.382683396 0.382683605 0 0.923879623 -0.382683396 0 0.923879683 -0.382683396 0 0.923879683 -0.382683396 0 0.923879683 0.382683605 0 0.923879623 0.382683605 0 0.923879623 0 1 0 0 1 0 0 1 0 0 1 0 0 1 0 0 1 0 0 1 0 0 1 0 0 1 0 0 1 0 0 1 0 0 1 0 0 1 0 0 1 0 0 1 0 0 1 0 0 1 0 0 1 0 0 1 0 0 1 0 0 1 0 0 1 0 0 1 0 0 1 0 0 1 0 0 1 0 0 1 0 0 1 0 0 1 0 0 1 0 0 1 0 0 1 0 0 1 0 0 1 0 0 1 0 0 1 0 0.923879623 0 -0.382683605 0.923879683 0 0.382683396 0.923879683 0 0.382683396 0.923879683 0 0.382683396 0.923879623 0 -0.382683605 0.923879623 0 -0.382683605 0 1 0 0 1 0 0 1 0 0 1 0 0 1 0 0 1 0 0 1 0 0 1 0 0 1 0 0 1 0 0 1 0 0 1 0 0 1 0 0 1 0 0 1 0 0 -1 0 0 -1 0 0 -1 0 0 -1 0 0 -1 0 0 -1 0 0 -1 0 0 -1 0 0 -1 0 0.923879623 0 0.382683605 0.382683396 0 0.923879683 0.923879623 0 0.382683605 0.382683396 0 0.923879683 0.923879623 0 0.382683605 0.382683396 0 0.923879683 -1.19209304e-07 0 1 -1.19209304e-07 0 1 0.382683396 0 0.923879683 0.382683396 0 0.923879683 0.382683396 0 0.923879683 -1.19209304e-07 0 1 1 0 1.19209304e-07 0.923879623 0 0.382683605 1 0 1.19209304e-07 0.923879623 0 0.382683605 1 0 1.19209304e-07 0.923879623 0 0.382683605 0 1 0 0 1 0 0 1 0 0 1 0 0 1 0 0 1 0 0 1 0 0 1 0 0 1 0 0 1 0 0 1 0 0 1 0 0 1 0 0 1 0 0 1 0 0 -1 0 0 -1 0 0 -1 0 0 -1 0 0 -1 0 0 -1 0 0 -1 0 0 -1 0 0 -1 0 0.923879623 0 0.382683605 0.382683396 0 0.923879683 0.923879623 0 0.382683605 0.382683396 0 0.923879683 0.923879623 0 0.382683605 0.382683396 0 0.923879683 -1.19209304e-07 0 1 -1.19209304e-07 0 1 0.382683396 0 0.923879683 0.382683396 0 0.923879683 0.382683396 0 0.923879683 -1.19209304e-07 0 1 1 0 1.19209304e-07 0.923879623 0 0.382683605 1 0 1.19209304e-07 0.923879623 0 0.382683605 1 0 1.19209304e-07 0.923879623 0 0.382683605 0 1 0 0 1 0 0 1 0 0 1 0 0 1 0 0 1 0 0 1 0 0 1 0 0 1 0 0 1 0 0 1 0 0 1 0 0 1 0 0 1 0 0 1 0 0 -1 0 0 -1 0 0 -1 0 0 -1 0 0 -1 0 0 -1 0 0 -1 0 0 -1 0 0 -1 0 0.923879623 0 0.382683605 0.382683396 0 0.923879683 0.923879623 0 0.382683605 0.382683396 0 0.923879683 0.923879623 0 0.382683605 0.382683396 0 0.923879683 -1.19209304e-07 0 1 -1.19209304e-07 0 1 0.382683396 0 0.923879683 0.382683396 0 0.923879683 0.382683396 0 0.923879683 -1.19209304e-07 0 1 1 0 1.19209304e-07 0.923879623 0 0.382683605 1 0 1.19209304e-07 0.923879623 0 0.382683605 1 0 1.19209304e-07 0.923879623 0 0.382683605 0 1 0 0 1 0 0 1 0 0 1 0 0 1 0 0 1 0 0 1 0 0 1 0 0 1 0 0 1 0 0 1 0 0 1 0 0 1 0 0 1 0 0 1 0 0 -1 0 0 -1 0 0 -1 0 0 -1 0 0 -1 0 0 -1 0 0 -1 0 0 -1 0 0 -1 0 0.382683396 0 -0.923879504 0.923879504 0 -0.382683396 0.382683396 0 -0.923879504 0.923879504 0 -0.382683396 0.382683396 0 -0.923879504 0.923879504 0 -0.382683396 1 0 -3.47971706e-13 1 0 -3.47971706e-13 0.923879504 0 -0.382683396 0.923879504 0 -0.382683396 0.923879504 0 -0.382683396 1 0 -3.47971706e-13 -3.47971706e-13 0 -1 0.382683396 0 -0.923879504 -3.47971706e-13 0 -1 0.382683396 0 -0.923879504 -3.47971706e-13 0 -1 0.382683396 0 -0.923879504 -1.19209304e-07 0 -1 -1.19209304e-07 0 -1 -1.19209304e-07 0 -1 -1.19209304e-07 0 -1 -1.19209304e-07 0 -1 -1.19209304e-07 0 -1 -1.19209304e-07 0 -1 -1.19209304e-07 0 -1 -1.19209304e-07 0 -1 -1.19209304e-07 0 -1 -1.19209304e-07 0 -1 -1.19209304e-07 0 -1 -1.19209304e-07 0 -1 -1.19209304e-07 0 -1 -1.19209304e-07 0 -1 -1.19209304e-07 0 -1 -1.19209304e-07 0 -1 -1.19209304e-07 0 -1 -0.707106829 0.707106829 8.42936956e-08 -0.987087607 0.160182402 1.17669998e-07 -0.987087607 0.160182402 1.17669998e-07 -0.987087607 0.160182402 1.17669998e-07 -0.707106829 0.707106829 8.42936956e-08 -0.707106829 0.707106829 8.42936956e-08 0 -1 0 0 -1 0 0 -1 0 0 -1 0 0 -1 0 0 -1 0 1.19209304e-07 0 1 1.19209304e-07 0 1 1.19209304e-07 0 1 1.19209304e-07 0 1 1.19209304e-07 0 1 1.19209304e-07 0 1 1.19209304e-07 0 1 1.19209304e-07 0 1 1.19209304e-07 0 1 1.19209304e-07 0 1 1.19209304e-07 0 1 1.19209304e-07 0 1 1.19209304e-07 0 1 1.19209304e-07 0 1 1.19209304e-07 0 1 1.19209304e-07 0 1 1.19209304e-07 0 1 1.19209304e-07 0 1 -0.987087607 0.160182402 1.17669998e-07 -1 0 1.19209304e-07 -1 0 1.19209304e-07 -1 0 1.19209304e-07 -0.987087607 0.160182402 1.17669998e-07 -0.987087607 0.160182402 1.17669998e-07 1 0 -1.19209304e-07 1 0 -1.19209304e-07 1 0 -1.19209304e-07 1 0 -1.19209304e-07 1 0 -1.19209304e-07 1 0 -1.19209304e-07 -0.160182297 0.987087488 1.9095209e-08 0 1 0 -0.160182297 0.987087488 1.9095209e-08 0 1 0 -0.160182297 0.987087488 1.9095209e-08 0 1 0 -0.707106829 0.707106829 8.42936956e-08 -0.160182297 0.987087488 1.9095209e-08 -0.160182297 0.987087488 1.9095209e-08 -0.160182297 0.987087488 1.9095209e-08 -0.707106829 0.707106829 8.42936956e-08 -0.707106829 0.707106829 8.42936956e-08 0.382683307 0 -0.923879683 -0.382683486 0 -0.923879623 -0.382683814 0 -0.923879504 -0.382683486 0 -0.923879623 0.382683307 0 -0.923879683 0.382683307 0 -0.923879683 -0.923879623 -3.46927692e-07 0.382683605 -0.923879683 0 -0.382683396 -0.923879623 -3.46927692e-07 0.382683694 -0.923879683 0 -0.382683396 -0.923879623 -3.46927692e-07 0.382683605 -0.923879683 0 -0.382683188 0.923879623 0 -0.382683605 0.923879683 0 0.382683307 0.923879683 0 0.382683396 0.923879683 0 0.382683307 0.923879623 0 -0.382683605 0.923879623 0 -0.382683694 -0.382683307 0 0.923879683 0.382683605 0 0.923879623 -0.382683396 0 0.923879683 0.382683605 0 0.923879623 -0.382683307 0 0.923879683 0.382683605 0 0.923879623 -0.923879623 -3.46927692e-07 0.382683694 -0.382683396 0 0.923879683 -0.923879623 -3.46927692e-07 0.382683605 -0.382683396 0 0.923879683 -0.923879623 -3.46927692e-07 0.382683694 -0.382683307 0 0.923879683 -0.923879683 0 -0.382683188 -0.382683486 0 -0.923879623 -0.923879683 0 -0.382683396 -0.382683486 0 -0.923879623 -0.923879683 0 -0.382683188 -0.382683814 0 -0.923879504 0.923879623 0 -0.382683694 0.382683307 0 -0.923879683 0.382683307 0 -0.923879683 0.382683307 0 -0.923879683 0.923879623 0 -0.382683694 0.923879623 0 -0.382683605 0.923879683 0 0.382683396 0.382683605 0 0.923879623 0.382683605 0 0.923879623 0.382683605 0 0.923879623 0.923879683 0 0.382683396 0.923879683 0 0.382683307 0 1 0 0 1 0 0 1 0 0 1 0 0 1 0 0 1 0 0 1 0 0 1 0 0 1 0 0 1 0 0 1 0 0 1 0 0 1 0 0 1 0 0 1 0 0 1 0 0 1 0 0 1 0 0 1 0 0 1 0 0 1 0 0 1 0 0 1 0 0 1 0 0 1 0 0 1 0 0 1 0 0 1 0 0 1 0 0 1 0 0 1 0 0 1 0 0 1 0 0 1 0 0 1 0 0 1 0 -1.19209304e-07 0 -1 -1.19209304e-07 0 -1 -1.19209304e-07 0 -1 -1.19209304e-07 0 -1 -1.19209304e-07 0 -1 -1.19209304e-07 0 -1 -1.19209304e-07 0 -1 -1.19209304e-07 0 -1 -1.19209304e-07 0 -1 -1.19209304e-07 0 -1 -1.19209304e-07 0 -1 -1.19209304e-07 0 -1 -1.19209304e-07 0 -1 -1.19209304e-07 0 -1 -1.19209304e-07 0 -1 -1.19209304e-07 0 -1 -1.19209304e-07 0 -1 -1.19209304e-07 0 -1 -0.707106829 0.707106829 8.42936956e-08 -0.987087607 0.160182402 1.17669998e-07 -0.987087607 0.160182402 1.17669998e-07 -0.987087607 0.160182402 1.17669998e-07 -0.707106829 0.707106829 8.42936956e-08 -0.707106829 0.707106829 8.42936956e-08 0 -1 0 0 -1 0 0 -1 0 0 -1 0 0 -1 0 0 -1 0 1.19209304e-07 0 1 1.19209304e-07 0 1 1.19209304e-07 0 1 1.19209304e-07 0 1 1.19209304e-07 0 1 1.19209304e-07 0 1 1.19209304e-07 0 1 1.19209304e-07 0 1 1.19209304e-07 0 1 1.19209304e-07 0 1 1.19209304e-07 0 1 1.19209304e-07 0 1 1.19209304e-07 0 1 1.19209304e-07 0 1 1.19209304e-07 0 1 1.19209304e-07 0 1 1.19209304e-07 0 1 1.19209304e-07 0 1 -0.987087607 0.160182402 1.17669998e-07 -1 0 1.19209304e-07 -1 0 1.19209304e-07 -1 0 1.19209304e-07 -0.987087607 0.160182402 1.17669998e-07 -0.987087607 0.160182402 1.17669998e-07 1 0 -1.19209304e-07 1 0 -1.19209304e-07 1 0 -1.19209304e-07 1 0 -1.19209304e-07 1 0 -1.19209304e-07 1 0 -1.19209304e-07 -0.160182297 0.987087488 1.9095209e-08 0 1 0 -0.160182297 0.987087488 1.9095209e-08 0 1 0 -0.160182297 0.987087488 1.9095209e-08 0 1 0 -0.707106829 0.707106829 8.42936956e-08 -0.160182297 0.987087488 1.9095209e-08 -0.160182297 0.987087488 1.9095209e-08 -0.160182297 0.987087488 1.9095209e-08 -0.707106829 0.707106829 8.42936956e-08 -0.707106829 0.707106829 8.42936956e-08 0.382683307 0 -0.923879683 -0.382683486 0 -0.923879623 -0.382683814 0 -0.923879504 -0.382683486 0 -0.923879623 0.382683307 0 -0.923879683 0.382683307 0 -0.923879683 -0.923879623 -3.46927692e-07 0.382683605 -0.923879683 0 -0.382683396 -0.923879623 -3.46927692e-07 0.382683694 -0.923879683 0 -0.382683396 -0.923879623 -3.46927692e-07 0.382683605 -0.923879683 0 -0.382683188 0.923879623 0 -0.382683605 0.923879683 0 0.382683307 0.923879683 0 0.382683396 0.923879683 0 0.382683307 0.923879623 0 -0.382683605 0.923879623 0 -0.382683694 -0.382683307 0 0.923879683 0.382683605 0 0.923879623 -0.382683396 0 0.923879683 0.382683605 0 0.923879623 -0.382683307 0 0.923879683 0.382683605 0 0.923879623 -0.923879623 -3.46927692e-07 0.382683694 -0.382683396 0 0.923879683 -0.923879623 -3.46927692e-07 0.382683605 -0.382683396 0 0.923879683 -0.923879623 -3.46927692e-07 0.382683694 -0.382683307 0 0.923879683 -0.923879683 0 -0.382683188 -0.382683486 0 -0.923879623 -0.923879683 0 -0.382683396 -0.382683486 0 -0.923879623 -0.923879683 0 -0.382683188 -0.382683814 0 -0.923879504 0.923879623 0 -0.382683694 0.382683307 0 -0.923879683 0.382683307 0 -0.923879683 0.382683307 0 -0.923879683 0.923879623 0 -0.382683694 0.923879623 0 -0.382683605 0.923879683 0 0.382683396 0.382683605 0 0.923879623 0.382683605 0 0.923879623 0.382683605 0 0.923879623 0.923879683 0 0.382683396 0.923879683 0 0.382683307 0 1 0 0 1 0 0 1 0 0 1 0 0 1 0 0 1 0 0 1 0 0 1 0 0 1 0 0 1 0 0 1 0 0 1 0 0 1 0 0 1 0 0 1 0 0 1 0 0 1 0 0 1 0 0 1 0 0 1 0 0 1 0 0 1 0 0 1 0 0 1 0 0 1 0 0 1 0 0 1 0 0 1 0 0 1 0 0 1 0 0 1 0 0 1 0 0 1 0 0 1 0 0 1 0 0 1 0 0 1 0 0 1 0 0 1 0 0 1 0 0 1 0 0 1 0 0 1 0 0 1 0 0 1 0 0 1 0 0 1 0 0 1 0 0 1 0 0 1 0 0 1 0 0 -1 0 0 -1 0 0 -1 0 0 -1 0 0 -1 0 0 -1 0 0 -1 0 0 -1 0 0 -1 0 -0.923879683 0 -0.382683396 -0.382683605 0 -0.923879623 -0.923879683 0 -0.382683396 -0.382683605 0 -0.923879623 -0.923879683 0 -0.382683396 -0.382683605 0 -0.923879623 -1.19209304e-07 0 -1 -1.19209304e-07 0 -1 -0.382683605 0 -0.923879623 -0.382683605 0 -0.923879623 -0.382683605 0 -0.923879623 -1.19209304e-07 0 -1 -1 0 1.19209304e-07 -0.923879683 0 -0.382683396 -1 0 1.19209304e-07 -0.923879683 0 -0.382683396 -1 0 1.19209304e-07 -0.923879683 0 -0.382683396 0 1 0 0 1 0 0 1 0 0 1 0 0 1 0 0 1 0 0 1 0 0 1 0 0 1 0 0 1 0 0 1 0 0 1 0 0 1 0 0 1 0 0 1 0 0 -1 0 0 -1 0 0 -1 0 0 -1 0 0 -1 0 0 -1 0 0 -1 0 0 -1 0 0 -1 0 -0.382683396 0 0.923879504 -0.923879504 0 0.382683396 -0.382683396 0 0.923879504 -0.923879504 0 0.382683396 -0.382683396 0 0.923879504 -0.923879504 0 0.382683396 -1 0 -1.49007997e-08 -1 0 -1.49007997e-08 -0.923879504 0 0.382683396 -0.923879504 0 0.382683396 -0.923879504 0 0.382683396 -1 0 -1.49007997e-08 -1.49007997e-08 0 1 -0.382683396 0 0.923879504 -1.49007997e-08 0 1 -0.382683396 0 0.923879504 -1.49007997e-08 0 1 -0.382683396 0 0.923879504 0 1 0 0 1 0 0 1 0 0 1 0 0 1 0 0 1 0 0 1 0 0 1 0 0 1 0 0 1 0 0 1 0 0 1 0 0 1 0 0 1 0 0 1 0 0 -1 0 0 -1 0 0 -1 0 0 -1 0 0 -1 0 0 -1 0 0 -1 0 0 -1 0 0 -1 0 -0.382683396 0 0.923879504 -0.923879504 0 0.382683486 -0.382683396 0 0.923879504 -0.923879504 0 0.382683486 -0.382683396 0 0.923879504 -0.923879504 0 0.382683486 -1 0 4.47038602e-08 -1 0 4.47038602e-08 -0.923879504 0 0.382683486 -0.923879504 0 0.382683486 -0.923879504 0 0.382683486 -1 0 4.47038602e-08 4.47038602e-08 0 1 -0.382683396 0 0.923879504 4.47038602e-08 0 1 -0.382683396 0 0.923879504 4.47038602e-08 0 1 -0.382683396 0 0.923879504 0 -1 0 0 -1 0 0 -1 0 0 -1 0 0 -1 0 0 -1 0 -7.63694731e-14 0 1 -7.63694731e-14 0 1 -7.63694731e-14 0 1 -7.63694731e-14 0 1 -7.63694731e-14 0 1 -7.63694731e-14 0 1 0 1 0 0 1 0 0 1 0 0 1 0 0 1 0 0 1 0 0 -1 0 0 -1 0 0 -1 0 0 -1 0 0 -1 0 0 -1 0 -7.63694731e-14 0 1 -7.63694731e-14 0 1 -7.63694731e-14 0 1 -7.63694731e-14 0 1 -7.63694731e-14 0 1 -7.63694731e-14 0 1 0 1 0 0 1 0 0 1 0 0 1 0 0 1 0 0 1 0 1.19209304e-07 0 -1 1.19209304e-07 0 -1 1.19209304e-07 0 -1 1.19209304e-07 0 -1 1.19209304e-07 0 -1 1.19209304e-07 0 -1 1 0 1.19209304e-07 1 0 1.19209304e-07 1 0 1.19209304e-07 1 0 1.19209304e-07 1 0 1.19209304e-07 1 0 1.19209304e-07 -1.19209304e-07 0 1 -1.19209304e-07 0 1 -1.19209304e-07 0 1 -1.19209304e-07 0 1 -1.19209304e-07 0 1 -1.19209304e-07 0 1 0.923879683 0 -0.382683396 1 0 1.19209304e-07 0.923879683 0 -0.382683396 1 0 1.19209304e-07 0.923879683 0 -0.382683396 1 0 1.19209304e-07 0 -1 0 0 -1 0 0 -1 0 0 -1 0 0 -1 0 0 -1 0 0 -1 0 0 -1 0 0 -1 0 0 -1 0 0 -1 0 0 -1 0 0 -1 0 0 -1 0 0 -1 0 0 1 0 0 1 0 0 1 0 0 1 0 0 1 0 0 1 0 0 1 0 0 1 0 0 1 0 0 1 0 0 1 0 0 1 0 0 1 0 0 1 0 0 1 0 1.19209304e-07 0 -1 0.382683605 0 -0.923879623 0.382683605 0 -0.923879623 0.382683605 0 -0.923879623 1.19209304e-07 0 -1 1.19209304e-07 0 -1 0.382683605 0 -0.923879623 0.923879683 0 -0.382683396 0.923879683 0 -0.382683396 0.923879683 0 -0.382683396 0.382683605 0 -0.923879623 0.382683605 0 -0.923879623 -1 0 -1.19209304e-07 -1 0 -1.19209304e-07 -1 0 -1.19209304e-07 -1 0 -1.19209304e-07 -1 0 -1.19209304e-07 -1 0 -1.19209304e-07 1 0 -1.04749502e-13 1 0 -1.04749502e-13 1 0 -1.04749502e-13 1 0 -1.04749502e-13 1 0 -1.04749502e-13 1 0 -1.04749502e-13 1.04749502e-13 0 1 1.04749502e-13 0 1 1.04749502e-13 0 1 1.04749502e-13 0 1 1.04749502e-13 0 1 1.04749502e-13 0 1 -1 0 1.04749502e-13 -1 0 1.04749502e-13 -1 0 1.04749502e-13 -1 0 1.04749502e-13 -1 0 1.04749502e-13 -1 0 1.04749502e-13 0.382683396 0 0.923879504 1.04749502e-13 0 1 0.382683396 0 0.923879504 1.04749502e-13 0 1 0.382683396 0 0.923879504 1.04749502e-13 0 1 0 -1 0 0 -1 0 0 -1 0 0 -1 0 0 -1 0 0 -1 0 0 -1 0 0 -1 0 0 -1 0 0 -1 0 0 -1 0 0 -1 0 0 -1 0 0 -1 0 0 -1 0 0 1 0 0 1 0 0 1 0 0 1 0 0 1 0 0 1 0 0 1 0 0 1 0 0 1 0 0 1 0 0 1 0 0 1 0 0 1 0 0 1 0 0 1 0 1 0 -1.04749502e-13 0.923879504 0 0.382683396 0.923879504 0 0.382683396 0.923879504 0 0.382683396 1 0 -1.04749502e-13 1 0 -1.04749502e-13 0.923879504 0 0.382683396 0.382683396 0 0.923879504 0.382683396 0 0.923879504 0.382683396 0 0.923879504 0.923879504 0 0.382683396 0.923879504 0 0.382683396 -1.04749502e-13 0 -1 -1.04749502e-13 0 -1 -1.04749502e-13 0 -1 -1.04749502e-13 0 -1 -1.04749502e-13 0 -1 -1.04749502e-13 0 -1 0 -1 0 0 -1 0 0 -1 0 0 -1 0 0 -1 0 0 -1 0 1.19209304e-07 0 -1 1.19209304e-07 0 -1 1.19209304e-07 0 -1 1.19209304e-07 0 -1 1.19209304e-07 0 -1 1.19209304e-07 0 -1 -1.19209304e-07 0 1 -1.19209304e-07 0 1 -1.19209304e-07 0 1 -1.19209304e-07 0 1 -1.19209304e-07 0 1 -1.19209304e-07 0 1 0 1 0 0 1 0 0 1 0 0 1 0 0 1 0 0 1 0 1.19209304e-07 0 -1 1.19209304e-07 0 -1 1.19209304e-07 0 -1 1.19209304e-07 0 -1 1.19209304e-07 0 -1 1.19209304e-07 0 -1 1.19209304e-07 0 -1 1.19209304e-07 0 -1 1.19209304e-07 0 -1 1.19209304e-07 0 -1 1.19209304e-07 0 -1 1.19209304e-07 0 -1 1 0 1.19209304e-07 1 0 1.19209304e-07 1 0 1.19209304e-07 1 0 1.19209304e-07 1 0 1.19209304e-07 1 0 1.19209304e-07 -1.19209304e-07 0 1 -1.19209304e-07 0 1 -1.19209304e-07 0 1 -1.19209304e-07 0 1 -1.19209304e-07 0 1 -1.19209304e-07 0 1 0.923879683 0 -0.382683396 1 0 1.19209304e-07 0.923879683 0 -0.382683396 1 0 1.19209304e-07 0.923879683 0 -0.382683396 1 0 1.19209304e-07 0 -1 0 0 -1 0 0 -1 0 0 -1 0 0 -1 0 0 -1 0 0 -1 0 0 -1 0 0 -1 0 0 -1 0 0 -1 0 0 -1 0 0 -1 0 0 -1 0 0 -1 0 0 1 0 0 1 0 0 1 0 0 1 0 0 1 0 0 1 0 0 1 0 0 1 0 0 1 0 0 1 0 0 1 0 0 1 0 0 1 0 0 1 0 0 1 0 1.19209304e-07 0 -1 0.382683605 0 -0.923879623 0.382683605 0 -0.923879623 0.382683605 0 -0.923879623 1.19209304e-07 0 -1 1.19209304e-07 0 -1 0.382683605 0 -0.923879623 0.923879683 0 -0.382683396 0.923879683 0 -0.382683396 0.923879683 0 -0.382683396 0.382683605 0 -0.923879623 0.382683605 0 -0.923879623 -1 0 -1.19209304e-07 -1 0 -1.19209304e-07 -1 0 -1.19209304e-07 -1 0 -1.19209304e-07 -1 0 -1.19209304e-07 -1 0 -1.19209304e-07 -1 0 0 -1 0 0 -1 0 0 -1 0 0 -1 0 0 -1 0 0 0 0 -1 0 0 -1 0 0 -1 0 0 -1 0 0 -1 0 0 -1 1 0 0 1 0 0 1 0 0 1 0 0 1 0 0 1 0 0 -0.382683396 0 -0.923879504 0 0 -1 -0.382683396 0 -0.923879504 0 0 -1 -0.382683396 0 -0.923879504 0 0 -1 0 -1 0 0 -1 0 0 -1 0 0 -1 0 0 -1 0 0 -1 0 0 -1 0 0 -1 0 0 -1 0 0 -1 0 0 -1 0 0 -1 0 0 -1 0 0 -1 0 0 -1 0 0 1 0 0 1 0 0 1 0 0 1 0 0 1 0 0 1 0 0 1 0 0 1 0 0 1 0 0 1 0 0 1 0 0 1 0 0 1 0 0 1 0 0 1 0 -1 0 0 -0.923879504 0 -0.382683396 -0.923879504 0 -0.382683396 -0.923879504 0 -0.382683396 -1 0 0 -1 0 0 -0.923879504 0 -0.382683396 -0.382683396 0 -0.923879504 -0.382683396 0 -0.923879504 -0.382683396 0 -0.923879504 -0.923879504 0 -0.382683396 -0.923879504 0 -0.382683396 0 0 1 0 0 1 0 0 1 0 0 1 0 0 1 0 0 1 -1 0 -1.19209304e-07 -1 0 -1.19209304e-07 -1 0 -1.19209304e-07 -1 0 -1.19209304e-07 -1 0 -1.19209304e-07 -1 0 -1.19209304e-07 0.382683396 0 0.923879683 0.382683396 0 0.923879683 0.923879623 0 0.382683605 0.923879623 0 0.382683605 0.923879623 0 0.382683605 0.382683396 0 0.923879683 -1.19209304e-07 0 1 -1.19209304e-07 0 1 0.382683396 0 0.923879683 0.382683396 0 0.923879683 0.382683396 0 0.923879683 -1.19209304e-07 0 1 0 1 0 0 1 0 0 1 0 0 1 0 0 1 0 0 1 0 0 1 0 0 1 0 0 1 0 0 1 0 0 1 0 0 1 0 0 1 0 0 1 0 0 1 0 0 -1 0 0 -1 0 0 -1 0 0 -1 0 0 -1 0 0 -1 0 0 -1 0 0 -1 0 0 -1 0 0 -1 0 0 -1 0 0 -1 0 0 -1 0 0 -1 0 0 -1 0 1 0 1.19209304e-07 0.923879623 0 0.382683605 1 0 1.19209304e-07 0.923879623 0 0.382683605 1 0 1.19209304e-07 0.923879623 0 0.382683605 1.19209304e-07 0 -1 1.19209304e-07 0 -1 1.19209304e-07 0 -1 1.19209304e-07 0 -1 1.19209304e-07 0 -1 1.19209304e-07 0 -1 1 0 1.19209304e-07 1 0 1.19209304e-07 1 0 1.19209304e-07 1 0 1.19209304e-07 1 0 1.19209304e-07 1 0 1.19209304e-07 -1.19209304e-07 0 1 -1.19209304e-07 0 1 -1.19209304e-07 0 1 -1.19209304e-07 0 1 -1.19209304e-07 0 1 -1.19209304e-07 0 1 1.19209304e-07 0 1 1.19209304e-07 0 1 1.19209304e-07 0 1 1.19209304e-07 0 1 1.19209304e-07 0 1 1.19209304e-07 0 1 -1 0 1.19209304e-07 -1 0 1.19209304e-07 -1 0 1.19209304e-07 -1 0 1.19209304e-07 -1 0 1.19209304e-07 -1 0 1.19209304e-07 -1.19209304e-07 0 -1 -1.19209304e-07 0 -1 -1.19209304e-07 0 -1 -1.19209304e-07 0 -1 -1.19209304e-07 0 -1 -1.19209304e-07 0 -1 -0.923879623 0 0.382683605 -1 0 1.19209304e-07 -0.923879623 0 0.382683605 -1 0 1.19209304e-07 -0.923879623 0 0.382683605 -1 0 1.19209304e-07 0 -1 0 0 -1 0 0 -1 0 0 -1 0 0 -1 0 0 -1 0 0 -1 0 0 -1 0 0 -1 0 0 -1 0 0 -1 0 0 -1 0 0 -1 0 0 -1 0 0 -1 0 0 1 0 0 1 0 0 1 0 0 1 0 0 1 0 0 1 0 0 1 0 0 1 0 0 1 0 0 1 0 0 1 0 0 1 0 0 1 0 0 1 0 0 1 0 1.19209304e-07 0 1 -0.382683396 0 0.923879683 -0.382683396 0 0.923879683 -0.382683396 0 0.923879683 1.19209304e-07 0 1 1.19209304e-07 0 1 -0.382683396 0 0.923879683 -0.923879623 0 0.382683605 -0.923879623 0 0.382683605 -0.923879623 0 0.382683605 -0.382683396 0 0.923879683 -0.382683396 0 0.923879683 1 0 -1.19209304e-07 1 0 -1.19209304e-07 1 0 -1.19209304e-07 1 0 -1.19209304e-07 1 0 -1.19209304e-07 1 0 -1.19209304e-07 -1 0 0 -1 0 0 -1 0 0 -1 0 0 -1 0 0 -1 0 0 0 0 -1 0 0 -1 0 0 -1 0 0 -1 0 0 -1 0 0 -1 1 0 0 1 0 0 1 0 0 1 0 0 1 0 0 1 0 0 -0.382683396 0 -0.923879504 0 0 -1 -0.382683396 0 -0.923879504 0 0 -1 -0.382683396 0 -0.923879504 0 0 -1 0 -1 0 0 -1 0 0 -1 0 0 -1 0 0 -1 0 0 -1 0 0 -1 0 0 -1 0 0 -1 0 0 -1 0 0 -1 0 0 -1 0 0 -1 0 0 -1 0 0 -1 0 0 1 0 0 1 0 0 1 0 0 1 0 0 1 0 0 1 0 0 1 0 0 1 0 0 1 0 0 1 0 0 1 0 0 1 0 0 1 0 0 1 0 0 1 0 -1 0 0 -0.923879504 0 -0.382683396 -0.923879504 0 -0.382683396 -0.923879504 0 -0.382683396 -1 0 0 -1 0 0 -0.923879504 0 -0.382683396 -0.382683396 0 -0.923879504 -0.382683396 0 -0.923879504 -0.382683396 0 -0.923879504 -0.923879504 0 -0.382683396 -0.923879504 0 -0.382683396 0 0 1 0 0 1 0 0 1 0 0 1 0 0 1 0 0 1 0 -1 0 0 -1 0 0 -1 0 0 -1 0 0 -1 0 0 -1 0 1.19209304e-07 0 -1 1.19209304e-07 0 -1 1.19209304e-07 0 -1 1.19209304e-07 0 -1 1.19209304e-07 0 -1 1.19209304e-07 0 -1 -1.19209304e-07 0 1 -1.19209304e-07 0 1 -1.19209304e-07 0 1 -1.19209304e-07 0 1 -1.19209304e-07 0 1 -1.19209304e-07 0 1 0 1 0 0 1 0 0 1 0 0 1 0 0 1 0 0 1 0 1.19209304e-07 0 -1 1.19209304e-07 0 -1 1.19209304e-07 0 -1 1.19209304e-07 0 -1 1.19209304e-07 0 -1 1.19209304e-07 0 -1 0 -1 0 0 -1 0 0 -1 0 0 -1 0 0 -1 0 0 -1 0 1.19209304e-07 0 1 1.19209304e-07 0 1 1.19209304e-07 0 1 1.19209304e-07 0 1 1.19209304e-07 0 1 1.19209304e-07 0 1 -1.19209304e-07 0 -1 -1.19209304e-07 0 -1 -1.19209304e-07 0 -1 -1.19209304e-07 0 -1 -1.19209304e-07 0 -1 -1.19209304e-07 0 -1 0 1 0 0 1 0 0 1 0 0 1 0 0 1 0 0 1 0 1.19209304e-07 0 1 1.19209304e-07 0 1 1.19209304e-07 0 1 1.19209304e-07 0 1 1.19209304e-07 0 1 1.19209304e-07 0 1 1 0 0 0.632455528 -0.44721359 0.632455528 0.89442718 -0.44721359 0 0.632455528 -0.44721359 0.632455528 1 0 0 0.707106829 0 0.707106829 -0.632455528 -0.44721359 0.632455528 -1 0 0 -0.89442718 -0.44721359 0 -1 0 0 -0.632455528 -0.44721359 0.632455528 -0.707106829 0 0.707106829 0.707106829 0 0.707106829 0 0 1 0.707106829 0 0.707106829 0 0 1 0.707106829 0 0.707106829 0 0 1 1 0 0 0.632455528 -0.44721359 -0.632455528 0.707106829 0 -0.707106829 0.632455528 -0.44721359 -0.632455528 1 0 0 0.89442718 -0.44721359 0 0 0 1 -0.632455528 -0.44721359 0.632455528 0 -0.44721359 0.89442718 -0.632455528 -0.44721359 0.632455528 0 0 1 -0.707106829 0 0.707106829 0 0 -1 0.632455528 -0.44721359 -0.632455528 0 -0.44721359 -0.89442718 0.632455528 -0.44721359 -0.632455528 0 0 -1 0.707106829 0 -0.707106829 -0.707106829 0 -0.707106829 0 -0.44721359 -0.89442718 -0.632455528 -0.44721359 -0.632455528 0 -0.44721359 -0.89442718 -0.707106829 0 -0.707106829 0 0 -1 0.632455528 0.44721359 0.632455528 1 0 0 0.89442718 0.44721359 0 1 0 0 0.632455528 0.44721359 0.632455528 0.707106829 0 0.707106829 0 0 1 -0.707106829 0 0.707106829 0 0 1 -0.707106829 0 0.707106829 0 0 1 -0.707106829 0 0.707106829 -0.707106829 0 -0.707106829 0 0 -1 -0.707106829 0 -0.707106829 0 0 -1 -0.707106829 0 -0.707106829 0 0 -1 -1 0 0 -0.707106829 0 -0.707106829 -0.707106829 0 -0.707106829 -0.707106829 0 -0.707106829 -1 0 0 -1 0 0 0.707106829 0 0.707106829 0 -0.44721359 0.89442718 0.632455528 -0.44721359 0.632455528 0 -0.44721359 0.89442718 0.707106829 0 0.707106829 0 0 1 -0.632455528 0.44721359 -0.632455528 0 0 -1 -0.707106829 0 -0.707106829 0 0 -1 -0.632455528 0.44721359 -0.632455528 0 0.44721359 -0.89442718 0.632455528 0.44721359 -0.632455528 1 0 0 0.707106829 0 -0.707106829 1 0 0 0.632455528 0.44721359 -0.632455528 0.89442718 0.44721359 0 0 0.44721359 -0.89442718 0.707106829 0 -0.707106829 0 0 -1 0.707106829 0 -0.707106829 0 0.44721359 -0.89442718 0.632455528 0.44721359 -0.632455528 -0.632455528 -0.44721359 -0.632455528 -1 0 0 -0.707106829 0 -0.707106829 -1 0 0 -0.632455528 -0.44721359 -0.632455528 -0.89442718 -0.44721359 0 0 0.44721359 0.89442718 -0.707106829 0 0.707106829 0 0 1 -0.707106829 0 0.707106829 0 0.44721359 0.89442718 -0.632455528 0.44721359 0.632455528 -1 0 0 -0.632455528 0.44721359 -0.632455528 -0.707106829 0 -0.707106829 -0.632455528 0.44721359 -0.632455528 -1 0 0 -0.89442718 0.44721359 0 0 1 0 0 1 0 0 1 0 0 1 0 0 1 0 0 1 0 0 1 0 0 1 0 0 1 0 0 1 0 0 1 0 0 1 0 0 1 0 0 1 0 0 1 0 0 1 0 0 1 0 0 1 0 1 0 0 0.707106829 0 -0.707106829 0.707106829 0 -0.707106829 0.707106829 0 -0.707106829 1 0 0 1 0 0 0 0 -1 0.707106829 0 -0.707106829 0 0 -1 0.707106829 0 -0.707106829 0 0 -1 0.707106829 0 -0.707106829 -1 0 0 -0.632455528 0.44721359 0.632455528 -0.89442718 0.44721359 0 -0.632455528 0.44721359 0.632455528 -1 0 0 -0.707106829 0 0.707106829 0.707106829 0 0.707106829 1 0 0 1 0 0 1 0 0 0.707106829 0 0.707106829 0.707106829 0 0.707106829 0.632455528 0.44721359 0.632455528 0 0 1 0.707106829 0 0.707106829 0 0 1 0.632455528 0.44721359 0.632455528 0 0.44721359 0.89442718 -0.707106829 0 0.707106829 -1 0 0 -1 0 0 -1 0 0 -0.707106829 0 0.707106829 -0.707106829 0 0.707106829 1.49002801e-08 0 1 1.49002801e-08 0 1 1.49002801e-08 0 1 1.49002801e-08 0 1 1.49002801e-08 0 1 1.49002801e-08 0 1 1 0 -1.49002801e-08 1 0 -1.49002801e-08 1 0 -1.49002801e-08 1 0 -1.49002801e-08 1 0 -1.49002801e-08 1 0 -1.49002801e-08 0 0 -1 0 0 -1 0 0 -1 0 0 -1 0 0 -1 0 0 -1 -1 0 0 -1 0 0 -1 0 0 -1 0 0 -1 0 0 -1 0 0 0 0 -1 0 0 -1 0 0 -1 0 0 -1 0 0 -1 0 0 -1 2.13717881e-14 0 1 2.13717881e-14 0 1 2.13717881e-14 0 1 2.13717881e-14 0 1 2.13717881e-14 0 1 2.13717881e-14 0 1 1 0 -2.13717881e-14 1 0 -2.13717881e-14 1 0 -2.13717881e-14 1 0 -2.13717881e-14 1 0 -2.13717881e-14 1 0 -2.13717881e-14 -1 0 1.19209304e-07 -1 0 1.19209304e-07 -1 0 1.19209304e-07 -1 0 1.19209304e-07 -1 0 1.19209304e-07 -1 0 1.19209304e-07 1.19209304e-07 0 1 1.19209304e-07 0 1 1.19209304e-07 0 1 1.19209304e-07 0 1 1.19209304e-07 0 1 1.19209304e-07 0 1 1 0 0 1 0 0 1 0 0 1 0 0 1 0 0 1 0 0 0 0 -1 0 0 -1 0 0 -1 0 0 -1 0 0 -1 0 0 -1 -7.63694731e-14 0 1 -7.63694731e-14 0 1 -7.63694731e-14 0 1 -7.63694731e-14 0 1 -7.63694731e-14 0 1 -7.63694731e-14 0 1 0 0 -1 0 0 -1 0 0 -1 0 0 -1 0 0 -1 0 0 -1 -1 0 0 -1 0 0 -1 0 0 -1 0 0 -1 0 0 -1 0 0 0 0.0294939503 0.999564886 -0.70679909 0.0294939503 0.70679909 0 0.0294939503 0.999564886 -0.70679909 0.0294939503 0.70679909 0 0.0294939503 0.999564886 -0.70679909 0.0294939503 0.70679909 0 0.0294939503 0.999564886 -0.70679909 0.0294939503 0.70679909 0 0.0294939503 0.999564886 -0.70679909 0.0294939503 0.70679909 0 0.0294939503 0.999564886 -0.70679909 0.0294939503 0.70679909 0 0.0294939503 -0.999564886 0.70679909 0.0294939503 -0.70679909 0 0.0294939503 -0.999564886 0.70679909 0.0294939503 -0.70679909 0 0.0294939503 -0.999564886 0.70679909 0.0294939503 -0.70679909 0.70679909 0.0294939503 0.70679909 0 0.0294939503 0.999564886 0.70679909 0.0294939503 0.70679909 0 0.0294939503 0.999564886 0.70679909 0.0294939503 0.70679909 0 0.0294939503 0.999564886 -0.70679909 0.0294939503 -0.70679909 0 0.0294939503 -0.999564886 -0.70679909 0.0294939503 -0.70679909 0 0.0294939503 -0.999564886 -0.70679909 0.0294939503 -0.70679909 0 0.0294939503 -0.999564886 0 0.0294939503 0.999564886 -0.70679909 0.0294939503 0.70679909 0 0.0294939503 0.999564886 -0.70679909 0.0294939503 0.70679909 0 0.0294939503 0.999564886 -0.70679909 0.0294939503 0.70679909 0.70679909 0.0294939503 0.70679909 0 0.0294939503 0.999564886 0.70679909 0.0294939503 0.70679909 0 0.0294939503 0.999564886 0.70679909 0.0294939503 0.70679909 0 0.0294939503 0.999564886 -0.70679909 0.0294939503 -0.70679909 0 0.0294939503 -0.999564886 -0.70679909 0.0294939503 -0.70679909 0 0.0294939503 -0.999564886 -0.70679909 0.0294939503 -0.70679909 0 0.0294939503 -0.999564886 0 0.0294939503 -0.999564886 0.70679909 0.0294939503 -0.70679909 0 0.0294939503 -0.999564886 0.70679909 0.0294939503 -0.70679909 0 0.0294939503 -0.999564886 0.70679909 0.0294939503 -0.70679909 0.70679909 0.0294939503 -0.70679909 0.999564886 0.0294939503 0 0.70679909 0.0294939503 -0.70679909 0.999564886 0.0294939503 0 0.70679909 0.0294939503 -0.70679909 0.999564886 0.0294939503 0 -0.999564886 0.0294939503 0 -0.70679909 0.0294939503 -0.70679909 -0.70679909 0.0294939503 -0.70679909 -0.70679909 0.0294939503 -0.70679909 -0.999564886 0.0294939503 0 -0.999564886 0.0294939503 0 -0.999564886 0.0294939503 0 -0.70679909 0.0294939503 0.70679909 -0.999564886 0.0294939503 0 -0.70679909 0.0294939503 0.70679909 -0.999564886 0.0294939503 0 -0.70679909 0.0294939503 0.70679909 -0.999564886 0.0294939503 0 -0.70679909 0.0294939503 -0.70679909 -0.70679909 0.0294939503 -0.70679909 -0.70679909 0.0294939503 -0.70679909 -0.999564886 0.0294939503 0 -0.999564886 0.0294939503 0 0.70679909 0.0294939503 0.70679909 0.999564886 0.0294939503 0 0.999564886 0.0294939503 0 0.999564886 0.0294939503 0 0.70679909 0.0294939503 0.70679909 0.70679909 0.0294939503 0.70679909 0.70679909 0.0294939503 0.70679909 0.999564886 0.0294939503 0 0.999564886 0.0294939503 0 0.999564886 0.0294939503 0 0.70679909 0.0294939503 0.70679909 0.70679909 0.0294939503 0.70679909 0.70679909 0.0294939503 -0.70679909 0.999564886 0.0294939503 0 0.70679909 0.0294939503 -0.70679909 0.999564886 0.0294939503 0 0.70679909 0.0294939503 -0.70679909 0.999564886 0.0294939503 0 -0.70679909 0.0294939503 0.70679909 -0.999564886 0.0294939503 0 -0.999564886 0.0294939503 0 -0.999564886 0.0294939503 0 -0.70679909 0.0294939503 0.70679909 -0.70679909 0.0294939503 0.70679909 0.70679909 0.0294939503 0.70679909 0 0.0294939503 0.999564886 0.70679909 0.0294939503 0.70679909 0 0.0294939503 0.999564886 0.70679909 0.0294939503 0.70679909 0 0.0294939503 0.999564886 0.70679909 0.0294939503 0.70679909 0.999564886 0.0294939503 0 0.999564886 0.0294939503 0 0.999564886 0.0294939503 0 0.70679909 0.0294939503 0.70679909 0.70679909 0.0294939503 0.70679909 -0.999564886 0.0294939503 0 -0.70679909 0.0294939503 -0.70679909 -0.70679909 0.0294939503 -0.70679909 -0.70679909 0.0294939503 -0.70679909 -0.999564886 0.0294939503 0 -0.999564886 0.0294939503 0 -0.70679909 0.0294939503 -0.70679909 0 0.0294939503 -0.999564886 0 0.0294939503 -0.999564886 0 0.0294939503 -0.999564886 -0.70679909 0.0294939503 -0.70679909 -0.70679909 0.0294939503 -0.70679909 0 0.0294939503 -0.999564886 0.70679909 0.0294939503 -0.70679909 0 0.0294939503 -0.999564886 0.70679909 0.0294939503 -0.70679909 0 0.0294939503 -0.999564886 0.70679909 0.0294939503 -0.70679909 0.70679909 0.0294939503 -0.70679909 0.999564886 0.0294939503 0 0.70679909 0.0294939503 -0.70679909 0.999564886 0.0294939503 0 0.70679909 0.0294939503 -0.70679909 0.999564886 0.0294939503 0 -0.70679909 0.0294939503 0.70679909 -0.999564886 0.0294939503 0 -0.999564886 0.0294939503 0 -0.999564886 0.0294939503 0 -0.70679909 0.0294939503 0.70679909 -0.70679909 0.0294939503 0.70679909 0 0 1 0 0 1 0 0 1 0 0 1 0 0 1 0 0 1 1 0 0 1 0 0 1 0 0 1 0 0 1 0 0 1 0 0 -1 0 0 -1 0 0 -1 0 0 -1 0 0 -1 0 0 -1 0 0 0 0 -1 0 0 -1 0 0 -1 0 0 -1 0 0 -1 0 0 -1 0 -1 0 0 -1 0 0 -1 0 0 -1 0 0 -1 0 0 -1 0 0 0 -1 0 0 -1 0 0 -1 0 0 -1 0 0 -1 0 0 -1 0 -1 0 0 -1 0 0 -1 0 0 -1 0 0 -1 0 0 -1 0 1 0 0 1 0 0 1 0 0 1 0 0 1 0 0 1 0 0 -1 0 0 -1 0 0 -1 0 0 -1 0 0 -1 0 0 -1 0 0 0 0 1 0 0 1 0 0 1 0 0 1 0 0 1 0 0 1 0 -1 0 0 -1 0 0 -1 0 0 -1 0 0 -1 0 0 -1 0 0 -1 0 0 -1 0 0 -1 0 0 -1 0 0 -1 0 0 -1 0 0 -1 0 0 -1 0 0 -1 0 -1 0 0 -1 0 0 -1 0 0 -1 0 0 -1 0 0 -1 0 0 1 0 0 1 0 0 1 0 0 1 0 0 1 0 0 1 0 0 0 1 0 0 1 0 0 1 0 0 1 0 0 1 0 0 1 0 0 1 0 0 1 0 0 1 0 0 1 0 0 1 0 0 1 0 0 1 0 0 1 0 0 1 0 1 0 0 0.923879504 0 -0.382683396 0.923879504 0 -0.382683396 0.923879504 0 -0.382683396 1 0 0 1 0 0 0 0 -1 0.382683396 0 -0.923879504 0 0 -1 0.382683396 0 -0.923879504 0 0 -1 0.382683396 0 -0.923879504 0.923879504 0 -0.382683396 0.382683396 0 -0.923879504 0.382683396 0 -0.923879504 0.382683396 0 -0.923879504 0.923879504 0 -0.382683396 0.923879504 0 -0.382683396 0 0 -1 0 0 -1 0 0 -1 0 0 -1 0 0 -1 0 0 -1 0 0 -1 0 0 -1 0 0 -1 0 0 -1 0 0 -1 0 0 -1 0 0 -1 0 0 -1 0 0 -1 0 0 -1 0 0 -1 0 0 -1 -1 0 0 -1 0 0 -1 0 0 -1 0 0 -1 0 0 -1 0 0 0 1 0 0 1 0 0 1 0 0 1 0 0 1 0 0 1 0 1 0 0 1 0 0 1 0 0 1 0 0 1 0 0 1 0 0 0 1 0 0 1 0 0 1 0 0 1 0 0 1 0 0 1 0 0 1 0 0 1 0 0 1 0 0 1 0 0 1 0 0 1 0 0 1 0 0 1 0 0 1 0 0 1 0 0 1 0 0 1 0 0 1 0 0 1 0 0 1 0 0 1 0 0 1 0 0 1 0 -0.382683396 0 -0.923879504 0.382683396 0 -0.923879504 -0.382683396 0 -0.923879504 0.382683396 0 -0.923879504 -0.382683396 0 -0.923879504 0.382683396 0 -0.923879504 0 -1 0 0 -1 0 0 -1 0 0 -1 0 0 -1 0 0 -1 0 0 -1 0 0 -1 0 0 -1 0 0 -1 0 0 -1 0 0 -1 0 -1 0 0 -0.923879504 0 -0.382683396 -0.923879504 0 -0.382683396 -0.923879504 0 -0.382683396 -1 0 0 -1 0 0 -1 0 0 -1 0 0 -1 0 0 1 0 0 0.923879504 0 -0.382683396 0.923879504 0 -0.382683396 0.923879504 0 -0.382683396 1 0 0 1 0 0 1 0 0 1 0 0 1 0 0 -0.923879504 0 -0.382683396 -0.382683396 0 -0.923879504 -0.923879504 0 -0.382683396 -0.382683396 0 -0.923879504 -0.923879504 0 -0.382683396 -0.382683396 0 -0.923879504 0.923879504 0 -0.382683396 0.382683396 0 -0.923879504 0.382683396 0 -0.923879504 0.382683396 0 -0.923879504 0.923879504 0 -0.382683396 0.923879504 0 -0.382683396 -0.707106829 -0.707106829 0 0 -1 0 -0.707106829 -0.707106829 0 0 -1 0 -0.707106829 -0.707106829 0 0.707106829 -0.707106829 0 0 -1 0 0.707106829 -0.707106829 0 0 -1 0 0 -1 0 0.707106829 -0.707106829 0 0.707106829 -0.707106829 0 0.707106829 -0.707106829 0 0.707106829 0.707106829 0 0.707106829 -0.707106829 0 0.707106829 0.707106829 0 0.707106829 -0.707106829 0 0.707106829 0.707106829 0 -0.707106829 0.707106829 0 -0.707106829 -0.707106829 0 -0.707106829 0.707106829 0 -0.707106829 -0.707106829 0 -0.707106829 0.707106829 0 -0.707106829 -0.707106829 0 0 1 0 -0.707106829 0.707106829 0 -0.707106829 0.707106829 0 -0.707106829 0.707106829 0 0 1 0 0.707106829 0.707106829 0 0.707106829 0.707106829 0 0 1 0 0 1 0 0.707106829 0.707106829 0 0 1 0 0.707106829 0.707106829 0 0 0 -1 0 0 -1 0 0 -1 0 0 -1 0 0 -1 0 0 -1 0 0 -1 0 0 -1 0 0 -1 0 0 -1 0 0 -1 0 0 -1 0 0 -1 0 0 -1 0 0 -1 0 0 -1 0 0 -1 0 0 -1 0 0 -1 0 0 -1 0 0 -1 0 0 -1 0 0 -1 0 0 -1 0 0 -1 0 0 -1 0 0 -1 0 0 -1 0 0 -1 0 0 -1 0 0 -1 0 0 -1 0 0 -1 0 0 -1 0 0 -1 0 0 -1 0 0 -1 0 0 -1 0 0 -1 0 0 -1 0 0 -1 0 0 -1 -2.65039099e-14 0 -1 -2.65039099e-14 0 -1 -2.65039099e-14 0 -1 -2.65039099e-14 0 -1 -2.65039099e-14 0 -1 -2.65039099e-14 0 -1 -2.65039099e-14 0 -1 -2.65039099e-14 0 -1 -2.65039099e-14 0 -1 -2.65039099e-14 0 -1 -2.65039099e-14 0 -1 -2.65039099e-14 0 -1 -2.65039099e-14 0 -1 -2.65039099e-14 0 -1 -2.65039099e-14 0 -1 -2.65039099e-14 0 -1 -2.65039099e-14 0 -1 -2.65039099e-14 0 -1 -2.65039099e-14 0 -1 -2.65039099e-14 0 -1 -2.65039099e-14 0 -1 -2.65039099e-14 0 -1 -2.65039099e-14 0 -1 -2.65039099e-14 0 -1 -2.65039099e-14 0 -1 -2.65039099e-14 0 -1 -2.65039099e-14 0 -1 -2.65039099e-14 0 -1 -2.65039099e-14 0 -1 -2.65039099e-14 0 -1 -2.65039099e-14 0 -1 -2.65039099e-14 0 -1 -2.65039099e-14 0 -1 -2.65039099e-14 0 -1 -2.65039099e-14 0 -1 -2.65039099e-14 0 -1 -2.65039099e-14 0 -1 -2.65039099e-14 0 -1 -2.65039099e-14 0 -1 -2.65039099e-14 0 -1 -2.65039099e-14 0 -1 -2.65039099e-14 0 -1 -0.707106829 0.707106829 1.87410902e-14 0 1 0 -0.707106829 0.707106829 1.87410902e-14 0 1 0 0 1 0 -0.707106829 0.707106829 1.87410902e-14 -0.707106829 0.707106829 1.87410902e-14 0 1 0 0.707106829 0.707106829 -1.87410902e-14 0.707106829 0.707106829 -1.87410902e-14 0.707106829 0.707106829 -1.87410902e-14 0 1 0 0.707106829 -0.707106829 -1.87410902e-14 0.707106829 0.707106829 -1.87410902e-14 0.707106829 -0.707106829 -1.87410902e-14 0.707106829 0.707106829 -1.87410902e-14 0.707106829 -0.707106829 -1.87410902e-14 0.707106829 0.707106829 -1.87410902e-14 -0.707106829 0.707106829 1.87410902e-14 -0.707106829 -0.707106829 1.87410902e-14 -0.707106829 0.707106829 1.87410902e-14 -0.707106829 -0.707106829 1.87410902e-14 -0.707106829 0.707106829 1.87410902e-14 -0.707106829 -0.707106829 1.87410902e-14 -0.707106829 -0.707106829 1.87410902e-14 -0.707106829 -0.707106829 1.87410902e-14 0 -1 0 0 -1 0 -0.707106829 -0.707106829 1.87410902e-14 0 -1 0 -0.707106829 -0.707106829 1.87410902e-14 0.707106829 -0.707106829 -1.87410902e-14 0 -1 0 0.707106829 -0.707106829 -1.87410902e-14 0 -1 0 0.707106829 -0.707106829 -1.87410902e-14 -0.923879504 0 -0.382683396 -0.923879504 0 -0.382683396 -0.382683396 0 -0.923879504 -0.382683396 0 -0.923879504 -0.382683396 0 -0.923879504 -0.923879504 0 -0.382683396 0.382683396 0 -0.923879504 0.923879504 0 -0.382683396 0.382683396 0 -0.923879504 0.923879504 0 -0.382683396 0.382683396 0 -0.923879504 0.923879504 0 -0.382683396 -1 0 2.65039099e-14 -1 0 2.65039099e-14 -1 0 2.65039099e-14 -1 0 2.65039099e-14 -1 0 2.65039099e-14 -0.923879504 0 -0.382683396 -0.923879504 0 -0.382683396 -0.923879504 0 -0.382683396 -1 0 2.65039099e-14 1 0 -2.65039099e-14 1 0 -2.65039099e-14 1 0 -2.65039099e-14 1 0 -2.65039099e-14 1 0 -2.65039099e-14 0.923879504 0 -0.382683396 0.923879504 0 -0.382683396 0.923879504 0 -0.382683396 1 0 -2.65039099e-14 0 -1 0 0 -1 0 0 -1 0 0 -1 0 0 -1 0 0 -1 0 0 -1 0 0 -1 0 0 -1 0 0 -1 0 0 -1 0 0 -1 0 -0.382683396 0 -0.923879504 0.382683396 0 -0.923879504 -0.382683396 0 -0.923879504 0.382683396 0 -0.923879504 -0.382683396 0 -0.923879504 0.382683396 0 -0.923879504 0 1 0 0 1 0 0 1 0 0 1 0 0 1 0 0 1 0 0 1 0 0 1 0 0 1 0 0 1 0 0 1 0 0 1 0 0 1 0 0 1 0 0 1 0 0 1 0 0 1 0 0 1 0 0 1 0 0 1 0 0 1 0 0 1 0 0 1 0 0 1 0 -1 0 2.65039099e-14 -1 0 2.65039099e-14 -1 0 2.65039099e-14 -1 0 2.65039099e-14 -1 0 2.65039099e-14 -1 0 2.65039099e-14 0 1 0 0 1 0 0 1 0 0 1 0 0 1 0 0 1 0 1 0 -2.65039099e-14 1 0 -2.65039099e-14 1 0 -2.65039099e-14 1 0 -2.65039099e-14 1 0 -2.65039099e-14 1 0 -2.65039099e-14 -2.65039099e-14 0 -1 -2.65039099e-14 0 -1 -2.65039099e-14 0 -1 -2.65039099e-14 0 -1 -2.65039099e-14 0 -1 -2.65039099e-14 0 -1 -2.65039099e-14 0 -1 -2.65039099e-14 0 -1 -2.65039099e-14 0 -1 -2.65039099e-14 0 -1 -2.65039099e-14 0 -1 -2.65039099e-14 0 -1 -2.65039099e-14 0 -1 -2.65039099e-14 0 -1 -2.65039099e-14 0 -1 -2.65039099e-14 0 -1 -2.65039099e-14 0 -1 -2.65039099e-14 0 -1 -0.923879504 0 -0.382683396 -0.923879504 0 -0.382683396 -0.382683396 0 -0.923879504 -0.382683396 0 -0.923879504 -0.382683396 0 -0.923879504 -0.923879504 0 -0.382683396 -0.382683396 0 -0.923879504 -2.65039099e-14 0 -1 -0.382683396 0 -0.923879504 -2.65039099e-14 0 -1 -0.382683396 0 -0.923879504 -2.65039099e-14 0 -1 -1 0 2.65039099e-14 -1 0 2.65039099e-14 -0.923879504 0 -0.382683396 -0.923879504 0 -0.382683396 -0.923879504 0 -0.382683396 -1 0 2.65039099e-14 0 1 0 0 1 0 0 1 0 0 1 0 0 1 0 0 1 0 0 1 0 0 1 0 0 1 0 0 1 0 0 1 0 0 1 0 0 1 0 0 1 0 0 1 0 -1 0 2.65039099e-14 -1 0 2.65039099e-14 -1 0 2.65039099e-14 -1 0 2.65039099e-14 -1 0 2.65039099e-14 -1 0 2.65039099e-14 1 0 -2.65039099e-14 1 0 -2.65039099e-14 1 0 -2.65039099e-14 1 0 -2.65039099e-14 1 0 -2.65039099e-14 1 0 -2.65039099e-14 0 -1 0 0 -1 0 0 -1 0 0 -1 0 0 -1 0 0 -1 0 0 -1 0 0 -1 0 0 -1 0 0 -1 0 0 -1 0 0 -1 0 0 -1 0 0 -1 0 0 -1 0 8.42937169e-08 -0.707106829 0.707107008 -8.42937169e-08 -0.707106829 -0.707107008 8.42937169e-08 -0.707106829 0.707107008 -8.42937169e-08 -0.707106829 -0.707107008 8.42937169e-08 -0.707106829 0.707107008 -8.42937169e-08 -0.707106829 -0.707107008 -8.42937169e-08 0.707106829 -0.707107008 8.42937169e-08 0.707106829 0.707107008 8.42937169e-08 0.707106829 0.707107008 8.42937169e-08 0.707106829 0.707107008 -8.42937169e-08 0.707106829 -0.707107008 -8.42937169e-08 0.707106829 -0.707107008 -4.561943e-08 0.923879504 -0.382683605 4.561943e-08 0.923879504 0.382683605 -4.561943e-08 0.923879504 -0.382683605 4.561943e-08 0.923879504 0.382683605 -4.561943e-08 0.923879504 -0.382683605 4.561943e-08 0.923879504 0.382683605 4.561943e-08 -0.923879504 0.382683605 -4.561943e-08 -0.923879504 -0.382683605 -4.561943e-08 -0.923879504 -0.382683605 -4.561943e-08 -0.923879504 -0.382683605 4.561943e-08 -0.923879504 0.382683605 4.561943e-08 -0.923879504 0.382683605 1.10134998e-07 0.382683396 0.923879921 4.561943e-08 0.923879504 0.382683605 1.10134998e-07 0.382683396 0.923879921 4.561943e-08 0.923879504 0.382683605 1.10134998e-07 0.382683396 0.923879921 4.561943e-08 0.923879504 0.382683605 4.561943e-08 -0.923879504 0.382683605 1.10134998e-07 -0.382683396 0.923879921 1.10134998e-07 -0.382683396 0.923879921 1.10134998e-07 -0.382683396 0.923879921 4.561943e-08 -0.923879504 0.382683605 4.561943e-08 -0.923879504 0.382683605 -1.10134998e-07 -0.382683396 -0.923879921 -4.561943e-08 -0.923879504 -0.382683605 -1.10134998e-07 -0.382683396 -0.923879921 -4.561943e-08 -0.923879504 -0.382683605 -1.10134998e-07 -0.382683396 -0.923879921 -4.561943e-08 -0.923879504 -0.382683605 -4.561943e-08 0.923879504 -0.382683605 -1.10134998e-07 0.382683396 -0.923879921 -4.561943e-08 0.923879504 -0.382683605 -1.10134998e-07 0.382683396 -0.923879921 -4.561943e-08 0.923879504 -0.382683605 -1.10134998e-07 0.382683396 -0.923879921 -1 0 1.19209304e-07 -0.923879921 0 -0.382683486 -0.923879921 0 -0.382683486 -0.923879921 0 -0.382683486 -1 0 1.19209304e-07 -1 0 1.19209304e-07 -0.382683694 0 -0.923879802 -0.923879921 0 -0.382683486 -0.923879921 0 -0.382683486 -0.923879921 0 -0.382683486 -0.382683694 0 -0.923879802 -0.382683694 0 -0.923879802 0 -1 0 0 -1 0 0 -1 0 0 -1 0 0 -1 0 0 -1 0 0 -1 0 0 -1 0 0 -1 0 0 1 0 0 1 0 0 1 0 0 1 0 0 1 0 0 1 0 0 1 0 0 1 0 0 1 0 0 1 0 0 1 0 0 1 0 0 1 0 0 1 0 0 1 0 8.42937169e-08 0.707106829 0.707107008 8.42937169e-08 -0.707106829 0.707107008 8.42937169e-08 0.707106829 0.707107008 8.42937169e-08 -0.707106829 0.707107008 8.42937169e-08 0.707106829 0.707107008 8.42937169e-08 -0.707106829 0.707107008 -8.42937169e-08 -0.707106829 -0.707107008 -8.42937169e-08 0.707106829 -0.707107008 -8.42937169e-08 -0.707106829 -0.707107008 -8.42937169e-08 0.707106829 -0.707107008 -8.42937169e-08 -0.707106829 -0.707107008 -8.42937169e-08 0.707106829 -0.707107008 1.10134998e-07 -0.382683396 0.923879921 1.10134998e-07 0.382683396 0.923879921 1.10134998e-07 -0.382683396 0.923879921 1.10134998e-07 0.382683396 0.923879921 1.10134998e-07 -0.382683396 0.923879921 1.10134998e-07 0.382683396 0.923879921 -1.10134998e-07 0.382683396 -0.923879921 -1.10134998e-07 -0.382683396 -0.923879921 -1.10134998e-07 0.382683396 -0.923879921 -1.10134998e-07 -0.382683396 -0.923879921 -1.10134998e-07 0.382683396 -0.923879921 -1.10134998e-07 -0.382683396 -0.923879921 -1 0 1.19209304e-07 -1 0 1.19209304e-07 -1 0 1.19209304e-07 -1 0 1.19209304e-07 -1 0 1.19209304e-07 -1 0 1.19209304e-07 -1 0 1.19209304e-07 -1 0 1.19209304e-07 -1 0 1.19209304e-07 -1 0 1.19209304e-07 -1 0 1.19209304e-07 -1 0 1.19209304e-07 -1 0 1.19209304e-07 -1 0 1.19209304e-07 -1 0 1.19209304e-07 -1 0 1.19209304e-07 -1 0 1.19209304e-07 -1 0 1.19209304e-07 -1 0 1.19209304e-07 -1 0 1.19209304e-07 -1 0 1.19209304e-07 -1 0 1.19209304e-07 -1 0 1.19209304e-07 -1 0 1.19209304e-07 -1 0 1.19209304e-07 -1 0 1.19209304e-07 -1 0 1.19209304e-07 -1 0 1.19209304e-07 -1 0 1.19209304e-07 -1 0 1.19209304e-07 -1 0 1.19209304e-07 -1 0 1.19209304e-07 -1 0 1.19209304e-07 -1 0 1.19209304e-07 -1 0 1.19209304e-07 -1 0 1.19209304e-07 -1.19209304e-07 0 -1 -0.382683694 0 -0.923879802 -0.382683694 0 -0.923879802 -0.382683694 0 -0.923879802 -1.19209304e-07 0 -1 -1.19209304e-07 0 -1 8.42937169e-08 0.707106829 0.707107008 8.42937169e-08 -0.707106829 0.707107008 8.42937169e-08 0.707106829 0.707107008 8.42937169e-08 -0.707106829 0.707107008 8.42937169e-08 0.707106829 0.707107008 8.42937169e-08 -0.707106829 0.707107008 -8.42937169e-08 -0.707106829 -0.707107008 8.42937169e-08 -0.707106829 0.707107008 8.42937169e-08 -0.707106829 0.707107008 8.42937169e-08 -0.707106829 0.707107008 -8.42937169e-08 -0.707106829 -0.707107008 -8.42937169e-08 -0.707106829 -0.707107008 8.42937169e-08 0.707106829 0.707107008 -8.42937169e-08 0.707106829 -0.707107008 8.42937169e-08 0.707106829 0.707107008 -8.42937169e-08 0.707106829 -0.707107008 8.42937169e-08 0.707106829 0.707107008 -8.42937169e-08 0.707106829 -0.707107008 -8.42937169e-08 -0.707106829 -0.707107008 -8.42937169e-08 0.707106829 -0.707107008 -8.42937169e-08 -0.707106829 -0.707107008 -8.42937169e-08 0.707106829 -0.707107008 -8.42937169e-08 -0.707106829 -0.707107008 -8.42937169e-08 0.707106829 -0.707107008 -1 0 1.19209304e-07 -1 0 1.19209304e-07 -1 0 1.19209304e-07 -1 0 1.19209304e-07 -1 0 1.19209304e-07 -1 0 1.19209304e-07 -1 0 1.19209304e-07 -1 0 1.19209304e-07 -1 0 1.19209304e-07 -1 0 1.19209304e-07 -1 0 1.19209304e-07 -1 0 1.19209304e-07 -1 0 1.19209304e-07 -1 0 1.19209304e-07 -1 0 1.19209304e-07 -1 0 1.19209304e-07 -1 0 1.19209304e-07 -1 0 1.19209304e-07 -1 0 1.19209304e-07 -1 0 1.19209304e-07 -1 0 1.19209304e-07 -1 0 1.19209304e-07 -1 0 1.19209304e-07 -1 0 1.19209304e-07 -1 0 0 -1 0 0 -1 0 0 -1 0 0 -1 0 0 -1 0 0 1 0 0 1 0 0 1 0 0 1 0 0 1 0 0 1 0 0 0 -1 0 0 -1 0 0 -1 0 0 -1 0 0 -1 0 0 -1 0 -1 0 0 -0.923879504 0.382683396 0 -1 0 0 -0.923879504 0.382683396 0 -1 0 0 -0.923879504 0.382683396 0 0.923879504 0.382683396 0 1 0 0 0.923879504 0.382683396 0 1 0 0 0.923879504 0.382683396 0 1 0 0 -0.382683396 0.923879504 0 0.382683396 0.923879504 0 0.382683396 0.923879504 0 0.382683396 0.923879504 0 -0.382683396 0.923879504 0 -0.382683396 0.923879504 0 -0.923879504 0.382683396 0 -0.382683396 0.923879504 0 -0.923879504 0.382683396 0 -0.382683396 0.923879504 0 -0.923879504 0.382683396 0 -0.382683396 0.923879504 0 0.382683396 0.923879504 0 0.923879504 0.382683396 0 0.382683396 0.923879504 0 0.923879504 0.382683396 0 0.382683396 0.923879504 0 0.923879504 0.382683396 0 0 0 -1 0 0 -1 0 0 -1 0 0 -1 0 0 -1 0 0 -1 0 0 -1 0 0 -1 0 0 -1 0 0 -1 0 0 -1 0 0 -1 0 0 -1 0 0 -1 0 0 -1 0 0 -1 0 0 -1 0 0 -1 0 0 -1 0 0 -1 0 0 -1 0 0 -1 0 0 -1 0 0 -1 0 0 -1 0 0 -1 0 0 -1 0 0 -1 0 0 -1 0 0 -1 0 0 -1 0 0 -1 0 0 -1 0 0 -1 0 0 -1 0 0 -1 0 -1 0 0 -1 0 0 -1 0 0 -1 0 0 -1 0 0 -1 0 0 -1 0 0 -1 0 0 -1 0 0 -1 0 0 -1 0 0 -1 0 0 -1 0 0 -1 0 0 -1 0 0 -1 0 0 -1 0 0 -1 0 0 1 0 0 1 0 0 1 0 0 1 0 0 1 0 0 1 0 0 1 0 0 1 0 0 1 0 0 1 0 0 1 0 0 1 0 0 0 -1 0 0 -1 0 0 -1 0 0 -1 0 0 -1 0 0 -1 0.707106829 0.707106829 0 0.707106829 0.707106829 0 -0.707106829 0.707106829 0 -0.707106829 0.707106829 0 -0.707106829 0.707106829 0 0.707106829 0.707106829 0 0.707106829 0.707106829 0 0.707106829 -0.707106829 0 0.707106829 0.707106829 0 0.707106829 -0.707106829 0 0.707106829 0.707106829 0 0.707106829 -0.707106829 0 -0.707106829 -0.707106829 0 -0.707106829 0.707106829 0 -0.707106829 -0.707106829 0 -0.707106829 0.707106829 0 -0.707106829 -0.707106829 0 -0.707106829 0.707106829 0 0.707106829 -0.707106829 0 0.707106829 -0.707106829 0 -0.707106829 -0.707106829 0 -0.707106829 -0.707106829 0 -0.707106829 -0.707106829 0 0.707106829 -0.707106829 0 0 0 -1 0 0 -1 0 0 -1 0 0 -1 0 0 -1 0 0 -1 0.707106829 0.707106829 0 0.707106829 0.707106829 0 -0.707106829 0.707106829 0 -0.707106829 0.707106829 0 -0.707106829 0.707106829 0 0.707106829 0.707106829 0 0.707106829 0.707106829 0 0.707106829 -0.707106829 0 0.707106829 0.707106829 0 0.707106829 -0.707106829 0 0.707106829 0.707106829 0 0.707106829 -0.707106829 0 -0.707106829 -0.707106829 0 -0.707106829 0.707106829 0 -0.707106829 -0.707106829 0 -0.707106829 0.707106829 0 -0.707106829 -0.707106829 0 -0.707106829 0.707106829 0 0.707106829 -0.707106829 0 0.707106829 -0.707106829 0 -0.707106829 -0.707106829 0 -0.707106829 -0.707106829 0 -0.707106829 -0.707106829 0 0.707106829 -0.707106829 0 -0.707106829 0 -0.707106829 0 0 -1 -0.707106829 0 -0.707106829 0 0 -1 -0.707106829 0 -0.707106829 0 0 -1 0.707106829 0 0.707106829 1 0 0 1 0 0 1 0 0 0.707106829 0 0.707106829 0.707106829 0 0.707106829 0 0 -1 0.707106829 0 -0.707106829 0 0 -1 0.707106829 0 -0.707106829 0 0 -1 0.707106829 0 -0.707106829 1 0 0 0.707106829 0 -0.707106829 0.707106829 0 -0.707106829 0.707106829 0 -0.707106829 1 0 0 1 0 0 0.707106829 0 0.707106829 0 0 1 0.707106829 0 0.707106829 0 0 1 0.707106829 0 0.707106829 0 0 1 0 0 1 -0.707106829 0 0.707106829 0 0 1 -0.707106829 0 0.707106829 0 0 1 -0.707106829 0 0.707106829 -0.707106829 0 0.707106829 -1 0 0 -1 0 0 -1 0 0 -0.707106829 0 0.707106829 -0.707106829 0 0.707106829 -1 0 0 -0.707106829 0 -0.707106829 -0.707106829 0 -0.707106829 -0.707106829 0 -0.707106829 -1 0 0 -1 0 0 0 -1 0 0 -1 0 0 -1 0 0 -1 0 0 -1 0 0 -1 0 0 -1 0 0 -1 0 0 -1 0 0 -1 0 0 -1 0 0 -1 0 0 -1 0 0 -1 0 0 -1 0 0 -1 0 0 -1 0 0 -1 0 0 -1 0 0 -1 0 0 -1 0 0 -1 0 0 -1 0 0 -1 0 -0.366292387 0.930499792 0 0 1 0 0 1 0 0 1 0 -0.366292387 0.930499792 0 -0.366292387 0.930499792 0 0 0 1 0 0 1 0 0 1 0 0 1 0 0 1 0 0 1 0 0 1 0 0 1 0 0 1 1 0 0 1 0 0 1 0 0 1 0 0 1 0 0 1 0 0 0 0 -1 0 0 -1 0 0 -1 0 0 -1 0 0 -1 0 0 -1 0 0 -1 0 0 -1 0 0 -1 -1 0 0 -0.917997181 0.396586895 0 -1 0 0 -0.917997181 0.396586895 0 -1 0 0 -0.917997181 0.396586895 0 -0.917997181 0.396586895 0 -0.366292387 0.930499792 0 -0.917997181 0.396586895 0 -0.366292387 0.930499792 0 -0.917997181 0.396586895 0 -0.366292387 0.930499792 0 -1 0 0 -0.707106829 0 -0.707106829 -0.707106829 0 -0.707106829 -0.707106829 0 -0.707106829 -1 0 0 -1 0 0 -0.707106829 0 -0.707106829 0 0 -1 -0.707106829 0 -0.707106829 0 0 -1 -0.707106829 0 -0.707106829 0 0 -1 0.707106829 0 0.707106829 1 0 0 1 0 0 1 0 0 0.707106829 0 0.707106829 0.707106829 0 0.707106829 1 0 0 0.707106829 0 -0.707106829 0.707106829 0 -0.707106829 0.707106829 0 -0.707106829 1 0 0 1 0 0 -0.707106829 0 0.707106829 -1 0 0 -1 0 0 -1 0 0 -0.707106829 0 0.707106829 -0.707106829 0 0.707106829 0 0 1 -0.707106829 0 0.707106829 0 0 1 -0.707106829 0 0.707106829 0 0 1 -0.707106829 0 0.707106829 0 0 -1 0.707106829 0 -0.707106829 0 0 -1 0.707106829 0 -0.707106829 0 0 -1 0.707106829 0 -0.707106829 0.707106829 0 0.707106829 0 0 1 0.707106829 0 0.707106829 0 0 1 0.707106829 0 0.707106829 0 0 1 0 1 0 0 1 0 0 1 0 0 1 0 0 1 0 0 1 0 0 1 0 0 1 0 0 1 0 0 1 0 0 1 0 0 1 0 0 1 0 0 1 0 0 1 0 0 1 0 0 1 0 0 1 0 0 -1 0 0 -1 0 0 -1 0 0 -1 0 0 -1 0 0 -1 0 0 -1 0 0 -1 0 0 -1 0 0 -1 0 0 -1 0 0 -1 0 0 -1 0 0 -1 0 0 -1 0 0 -1 0 0 -1 0 0 -1 0 -1 0 0 -0.707106829 0 -0.707106829 -0.707106829 0 -0.707106829 -0.707106829 0 -0.707106829 -1 0 0 -1 0 0 -0.707106829 0 -0.707106829 0 0 -1 -0.707106829 0 -0.707106829 0 0 -1 -0.707106829 0 -0.707106829 0 0 -1 0.707106829 0 0.707106829 1 0 0 1 0 0 1 0 0 0.707106829 0 0.707106829 0.707106829 0 0.707106829 1 0 0 0.707106829 0 -0.707106829 0.707106829 0 -0.707106829 0.707106829 0 -0.707106829 1 0 0 1 0 0 -0.707106829 0 0.707106829 -1 0 0 -1 0 0 -1 0 0 -0.707106829 0 0.707106829 -0.707106829 0 0.707106829 0 0 1 -0.707106829 0 0.707106829 0 0 1 -0.707106829 0 0.707106829 0 0 1 -0.707106829 0 0.707106829 0 0 -1 0.707106829 0 -0.707106829 0 0 -1 0.707106829 0 -0.707106829 0 0 -1 0.707106829 0 -0.707106829 0.707106829 0 0.707106829 0 0 1 0.707106829 0 0.707106829 0 0 1 0.707106829 0 0.707106829 0 0 1 0 1 0 0 1 0 0 1 0 0 1 0 0 1 0 0 1 0 0 1 0 0 1 0 0 1 0 0 1 0 0 1 0 0 1 0 0 1 0 0 1 0 0 1 0 0 1 0 0 1 0 0 1 0 0 -1 0 0 -1 0 0 -1 0 0 -1 0 0 -1 0 0 -1 0 0 -1 0 0 -1 0 0 -1 0 0 -1 0 0 -1 0 0 -1 0 0 -1 0 0 -1 0 0 -1 0 0 -1 0 0 -1 0 0 -1 0 -1 0 0 -1 0 0 -1 0 0 -1 0 0 -1 0 0 -1 0 0 1 0 0 1 0 0 1 0 0 1 0 0 1 0 0 1 0 0 0 -1 0 0 -1 0 0 -1 0 0 -1 0 0 -1 0 0 -1 0 0 1 0 0 1 0 0 1 0 0 1 0 0 1 0 0 1 0 -1 0 0 -0.923879504 0.382683396 0 -1 0 0 -0.923879504 0.382683396 0 -1 0 0 -0.923879504 0.382683396 0 0 0 -1 0 0 -1 0 0 -1 0 0 -1 0 0 -1 0 0 -1 0 0 -1 0 0 -1 0 0 -1 0 0 -1 0 0 -1 0 0 -1 0 0 -1 0 0 -1 0 0 -1 0 0 -1 0 0 -1 0 0 -1 0 0 -1 0 0 -1 0 0 -1 0 0 -1 0 0 -1 0 0 -1 0 0 -1 0 0 -1 0 0 -1 0 0 -1 0 0 -1 0 0 -1 0 0 -1 0 0 -1 0 0 -1 0 0 -1 0 0 -1 0 0 -1 0 1 0 0 1 0 0 1 0 0 1 0 0 1 0 0 1 0 -0.382683396 0.923879504 0 0.382683396 0.923879504 0 0.382683396 0.923879504 0 0.382683396 0.923879504 0 -0.382683396 0.923879504 0 -0.382683396 0.923879504 0 0.923879504 0.382683396 0 1 0 0 0.923879504 0.382683396 0 1 0 0 0.923879504 0.382683396 0 1 0 0 0.382683396 0.923879504 0 0.923879504 0.382683396 0 0.382683396 0.923879504 0 0.923879504 0.382683396 0 0.382683396 0.923879504 0 0.923879504 0.382683396 0 -0.923879504 0.382683396 0 -0.382683396 0.923879504 0 -0.923879504 0.382683396 0 -0.382683396 0.923879504 0 -0.923879504 0.382683396 0 -0.382683396 0.923879504 0 0 -1 0 0 -1 0 0 -1 0 0 -1 0 0 -1 0 0 -1 0 0 -1 0 0 -1 0 0 -1 0 0 -1 0 0 -1 0 0 -1 0 0 -1 0 0 -1 0 0 -1 0 0 -1 0 0 -1 0 0 -1 0 -0.707106829 -0.707106829 0 0.707106829 -0.707106829 0 0.707106829 -0.707106829 0 0.707106829 -0.707106829 0 -0.707106829 -0.707106829 0 -0.707106829 -0.707106829 0 0.707106829 0.707106829 0 0.707106829 -0.707106829 0 0.707106829 0.707106829 0 0.707106829 -0.707106829 0 0.707106829 0.707106829 0 0.707106829 -0.707106829 0 -0.707106829 -0.707106829 0 -0.707106829 0.707106829 0 -0.707106829 -0.707106829 0 -0.707106829 0.707106829 0 -0.707106829 -0.707106829 0 -0.707106829 0.707106829 0 -0.707106829 0.707106829 0 0.707106829 0.707106829 0 0.707106829 0.707106829 0 0.707106829 0.707106829 0 -0.707106829 0.707106829 0 -0.707106829 0.707106829 0 0 0 -1 0 0 -1 0 0 -1 0 0 -1 0 0 -1 0 0 -1 0 0 1 0 0 1 0 0 1 0 0 1 0 0 1 0 0 1 -0.707106829 0 -0.707106829 0.707106829 0 -0.707106829 -0.707106829 0 -0.707106829 0.707106829 0 -0.707106829 -0.707106829 0 -0.707106829 0.707106829 0 -0.707106829 -1 0 0 -0.707106829 0 -0.707106829 -0.707106829 0 -0.707106829 -0.707106829 0 -0.707106829 -1 0 0 -1 0 0 0 1 0 0 1 0 0 1 0 0 1 0 0 1 0 0 1 0 0 -1 0 0 -1 0 0 -1 0 0 -1 0 0 -1 0 0 -1 0 1 0 0 0.707106829 0 -0.707106829 0.707106829 0 -0.707106829 0.707106829 0 -0.707106829 1 0 0 1 0 0 0 1 0 0 1 0 0 1 0 0 1 0 0 1 0 0 1 0 -1.19209304e-07 0 1 -1.19209304e-07 0 1 -1.19209304e-07 0 1 -1.19209304e-07 0 1 -1.19209304e-07 0 1 -1.19209304e-07 0 1 1 0 1.19209304e-07 1 0 1.19209304e-07 1 0 1.19209304e-07 1 0 1.19209304e-07 1 0 1.19209304e-07 1 0 1.19209304e-07 1 0 -3.47971706e-13 1 0 -3.47971706e-13 1 0 -3.47971706e-13 1 0 -3.47971706e-13 1 0 -3.47971706e-13 1 0 -3.47971706e-13 -3.47971706e-13 0 -1 -3.47971706e-13 0 -1 -3.47971706e-13 0 -1 -3.47971706e-13 0 -1 -3.47971706e-13 0 -1 -3.47971706e-13 0 -1 0 -1 0 0 -1 0 0 -1 0 0 -1 0 0 -1 0 0 -1 0 0 -1 0 0 -1 0 0 -1 0 0 -1 0 0 -1 0 0 -1 0 0 -1 0 0 -1 0 0 -1 0 0 -1 0 0 -1 0 0 -1 0 0 -1 0 0 -1 0 0 -1 0 0 -1 0 0 -1 0 0 -1 0 0 -1 0 0 -1 0 0 -1 0 0 -1 0 0 -1 0 0 -1 0 0 -1 0 0 -1 0 0 -1 0 0 -1 0 0 -1 0 0 -1 0 -1 0 -1.49007997e-08 -1 0 -1.49007997e-08 -1 0 -1.49007997e-08 -1 0 -1.49007997e-08 -1 0 -1.49007997e-08 -1 0 -1.49007997e-08 -1.49007997e-08 0 1 -1.49007997e-08 0 1 -1.49007997e-08 0 1 -1.49007997e-08 0 1 -1.49007997e-08 0 1 -1.49007997e-08 0 1 -7.63694731e-14 0 1 -7.63694731e-14 0 1 -7.63694731e-14 0 1 -7.63694731e-14 0 1 -7.63694731e-14 0 1 -7.63694731e-14 0 1 0.999564886 0.0294939503 0 0.70679909 0.0294939503 -0.70679909 0.999564886 0.0294939503 0 0.70679909 0.0294939503 0.70679909 0.999564886 0.0294939503 0 0.999564886 0.0294939503 0 0.70679909 0.0294939503 -0.70679909 0.999564886 0.0294939503 0 0.70679909 0.0294939503 -0.70679909 0.999564886 0.0294939503 0 0.70679909 0.0294939503 0.70679909 0.70679909 0.0294939503 0.70679909 0.70679909 0.0294939503 -0.70679909 0 0.0294939503 -0.999564886 0.70679909 0.0294939503 -0.70679909 0 0.0294939503 -0.999564886 0.70679909 0.0294939503 -0.70679909 0 0.0294939503 -0.999564886 0 0.0294939503 0.999564886 0.70679909 0.0294939503 0.70679909 0.70679909 0.0294939503 0.70679909 0.70679909 0.0294939503 0.70679909 0 0.0294939503 0.999564886 0 0.0294939503 0.999564886 0 0.0294939503 -0.999564886 -0.70679909 0.0294939503 -0.70679909 0 0.0294939503 -0.999564886 -0.70679909 0.0294939503 -0.70679909 0 0.0294939503 -0.999564886 -0.70679909 0.0294939503 -0.70679909 -0.999564886 0.0294939503 0 -0.70679909 0.0294939503 -0.70679909 -0.70679909 0.0294939503 -0.70679909 -0.70679909 0.0294939503 -0.70679909 -0.999564886 0.0294939503 0 -0.999564886 0.0294939503 0 0 0.0294939503 0.999564886 -0.70679909 0.0294939503 0.70679909 0 0.0294939503 0.999564886 -0.70679909 0.0294939503 0.70679909 -0.999564886 0.0294939503 0 -0.999564886 0.0294939503 0 -0.70679909 0.0294939503 0.70679909 0 0.0294939503 0.999564886 -0.70679909 0.0294939503 0.70679909 -0.999564886 0.0294939503 0 -0.70679909 0.0294939503 0.70679909 -0.70679909 0.0294939503 0.70679909 -0.999564886 0.0294939503 0 -0.70679909 0.0294939503 0.70679909 -0.70679909 0.0294939503 0.70679909 -0.70679909 0.0294939503 0.70679909 0 0.0294939503 0.999564886 -0.70679909 0.0294939503 0.70679909 -0.70679909 0.0294939503 0.70679909 -0.999564886 0.0294939503 0 -0.999564886 0.0294939503 0 0 0.0294939503 0.999564886 -0.70679909 0.0294939503 0.70679909 0 0.0294939503 0.999564886 -0.70679909 0.0294939503 -0.70679909 -0.999564886 0.0294939503 0 -0.999564886 0.0294939503 0 -0.999564886 0.0294939503 0 -0.70679909 0.0294939503 -0.70679909 -0.70679909 0.0294939503 -0.70679909 -0.70679909 0.0294939503 -0.70679909 0 0.0294939503 -0.999564886 -0.70679909 0.0294939503 -0.70679909 0 0.0294939503 -0.999564886 -0.70679909 0.0294939503 -0.70679909 0 0.0294939503 -0.999564886 0 0.0294939503 -0.999564886 0.70679909 0.0294939503 -0.70679909 0 0.0294939503 -0.999564886 0.70679909 0.0294939503 -0.70679909 0 0.0294939503 -0.999564886 0.70679909 0.0294939503 -0.70679909 0 0.0294939503 0.999564886 0.70679909 0.0294939503 0.70679909 0 0.0294939503 0.999564886 0.70679909 0.0294939503 0.70679909 0 0.0294939503 0.999564886 0.70679909 0.0294939503 0.70679909 0.70679909 0.0294939503 -0.70679909 0.999564886 0.0294939503 0 0.70679909 0.0294939503 -0.70679909 0.999564886 0.0294939503 0 0.70679909 0.0294939503 0.70679909 0.70679909 0.0294939503 0.70679909 0.999564886 0.0294939503 0 0.70679909 0.0294939503 -0.70679909 0.999564886 0.0294939503 0 0.70679909 0.0294939503 0.70679909 0.999564886 0.0294939503 0 0.999564886 0.0294939503 0 -1.19209304e-07 0 -1 -1.19209304e-07 0 -1 -1.19209304e-07 0 -1 -1.19209304e-07 0 -1 -1.19209304e-07 0 -1 -1.19209304e-07 0 -1 -1 0 1.19209304e-07 -1 0 1.19209304e-07 -1 0 1.19209304e-07 -1 0 1.19209304e-07 -1 0 1.19209304e-07 -1 0 1.19209304e-07 -1 0 1.19209304e-07 -1 0 1.19209304e-07 -1 0 1.19209304e-07 -1 0 1.19209304e-07 -1 0 1.19209304e-07 -1 0 1.19209304e-07 -1 0 1.19209304e-07 -1 0 1.19209304e-07 -1 0 1.19209304e-07 -1 0 1.19209304e-07 -1 0 1.19209304e-07 -1 0 1.19209304e-07 -1 0 1.19209304e-07 -1 0 1.19209304e-07 -1 0 1.19209304e-07 -1 0 1.19209304e-07 -1 0 1.19209304e-07 -1 0 1.19209304e-07 -1 0 1.19209304e-07 -1 0 1.19209304e-07 -1 0 1.19209304e-07 -1 0 1.19209304e-07 -1 0 1.19209304e-07 -1 0 1.19209304e-07 -1 0 1.19209304e-07 -1 0 1.19209304e-07 -1 0 1.19209304e-07 -1 0 1.19209304e-07 -1 0 1.19209304e-07 -1 0 1.19209304e-07 0 0 -1 0 0 -1 0 0 -1 0 0 -1 0 0 -1 0 0 -1 0 0 -1 0 0 -1 0 0 -1 0 0 -1 0 0 -1 0 0 -1 0 0 -1 0 0 -1 0 0 -1 0 0 -1 0 0 -1 0 0 -1 0 0 -1 0 0 -1 0 0 -1 0 0 -1 0 0 -1 0 0 -1 -1 0 1.19209304e-07 -1 0 1.19209304e-07 -1 0 1.19209304e-07 -1 0 1.19209304e-07 -1 0 1.19209304e-07 -1 0 1.19209304e-07 1 0 -1.19209304e-07 1 0 -1.19209304e-07 1 0 -1.19209304e-07 1 0 -1.19209304e-07 1 0 -1.19209304e-07 1 0 -1.19209304e-07 -1 0 1.19209304e-07 -1 0 1.19209304e-07 -1 0 1.19209304e-07 -1 0 1.19209304e-07 -1 0 1.19209304e-07 -1 0 1.19209304e-07 -1 0 1.19209304e-07 -1 0 1.19209304e-07 -1 0 1.19209304e-07 -1 0 1.19209304e-07 -1 0 1.19209304e-07 -1 0 1.19209304e-07 -1 0 1.19209304e-07 -1 0 1.19209304e-07 -1 0 1.19209304e-07 -1 0 1.19209304e-07 -1 0 1.19209304e-07 -1 0 1.19209304e-07 1 0 -1.19209304e-07 1 0 -1.19209304e-07 1 0 -1.19209304e-07 1 0 -1.19209304e-07 1 0 -1.19209304e-07 1 0 -1.19209304e-07 1 0 -1.19209304e-07 1 0 -1.19209304e-07 1 0 -1.19209304e-07 1 0 -1.19209304e-07 1 0 -1.19209304e-07 1 0 -1.19209304e-07 1 0 -1.19209304e-07 1 0 -1.19209304e-07 1 0 -1.19209304e-07 1 0 -1.19209304e-07 1 0 -1.19209304e-07 1 0 -1.19209304e-07 1.15649996e-07 0.242535606 0.970142722 1.15649996e-07 0.242535606 0.970142722 1.15649996e-07 0.242535606 0.970142722 1.15649996e-07 0.242535606 0.970142722 1.15649996e-07 0.242535606 0.970142722 1.15649996e-07 0.242535606 0.970142722 1.19209304e-07 0 1 1.19209304e-07 0 1 1.19209304e-07 0 1 1.19209304e-07 0 1 1.19209304e-07 0 1 1.19209304e-07 0 1 -1.19209304e-07 0 -1 -1.19209304e-07 0 -1 -1.19209304e-07 0 -1 -1.19209304e-07 0 -1 -1.19209304e-07 0 -1 -1.19209304e-07 0 -1 -1.15649996e-07 -0.242535606 -0.970142722 -1.15649996e-07 -0.242535606 -0.970142722 -1.15649996e-07 -0.242535606 -0.970142722 -1.15649996e-07 -0.242535606 -0.970142722 -1.15649996e-07 -0.242535606 -0.970142722 -1.15649996e-07 -0.242535606 -0.970142722 -2.89125008e-08 0.970142484 -0.242535695 -2.89125008e-08 0.970142484 -0.242535695 -2.89125008e-08 0.970142484 -0.242535695 -2.89125008e-08 0.970142484 -0.242535695 -2.89125008e-08 0.970142484 -0.242535695 -2.89125008e-08 0.970142484 -0.242535695 -2.89125008e-08 0.970142484 -0.242535695 -2.89125008e-08 0.970142484 -0.242535695 -2.89125008e-08 0.970142484 -0.242535695 -2.89125008e-08 0.970142484 -0.242535695 -2.89125008e-08 0.970142484 -0.242535695 -2.89125008e-08 0.970142484 -0.242535695 -2.89125008e-08 0.970142484 -0.242535695 -2.89125008e-08 0.970142484 -0.242535695 -2.89125008e-08 0.970142484 -0.242535695 -2.89125008e-08 0.970142484 -0.242535695 -2.89125008e-08 0.970142484 -0.242535695 -2.89125008e-08 0.970142484 -0.242535695 -2.89125008e-08 0.970142484 -0.242535695 -2.89125008e-08 0.970142484 -0.242535695 -2.89125008e-08 0.970142484 -0.242535695 -2.89125008e-08 0.970142484 -0.242535695 -2.89125008e-08 0.970142484 -0.242535695 -2.89125008e-08 0.970142484 -0.242535695 -2.89125008e-08 0.970142484 -0.242535695 -2.89125008e-08 0.970142484 -0.242535695 -2.89125008e-08 0.970142484 -0.242535695 -2.89125008e-08 0.970142484 -0.242535695 -2.89125008e-08 0.970142484 -0.242535695 -2.89125008e-08 0.970142484 -0.242535695 -2.89125008e-08 0.970142484 -0.242535695 -2.89125008e-08 0.970142484 -0.242535695 -2.89125008e-08 0.970142484 -0.242535695 -2.89125008e-08 0.970142484 -0.242535695 -2.89125008e-08 0.970142484 -0.242535695 -2.89125008e-08 0.970142484 -0.242535695 -2.89125008e-08 0.970142484 -0.242535695 -2.89125008e-08 0.970142484 -0.242535695 -2.89125008e-08 0.970142484 -0.242535695 -2.89125008e-08 0.970142484 -0.242535695 -2.89125008e-08 0.970142484 -0.242535695 -2.89125008e-08 0.970142484 -0.242535695 -2.89125008e-08 0.970142484 -0.242535695 -2.89125008e-08 0.970142484 -0.242535695 -2.89125008e-08 0.970142484 -0.242535695 -2.89125008e-08 0.970142484 -0.242535695 -2.89125008e-08 0.970142484 -0.242535695 -2.89125008e-08 0.970142484 -0.242535695 -2.89125008e-08 0.970142484 -0.242535695 -2.89125008e-08 0.970142484 -0.242535695 -2.89125008e-08 0.970142484 -0.242535695 -2.89125008e-08 0.970142484 -0.242535695 -2.89125008e-08 0.970142484 -0.242535695 -2.89125008e-08 0.970142484 -0.242535695 -2.89125008e-08 0.970142484 -0.242535695 -2.89125008e-08 0.970142484 -0.242535695 -2.89125008e-08 0.970142484 -0.242535695 -2.89125008e-08 0.970142484 -0.242535695 -2.89125008e-08 0.970142484 -0.242535695 -2.89125008e-08 0.970142484 -0.242535695 -2.89125008e-08 0.970142484 -0.242535695 -2.89125008e-08 0.970142484 -0.242535695 -2.89125008e-08 0.970142484 -0.242535695 -2.89125008e-08 0.970142484 -0.242535695 -2.89125008e-08 0.970142484 -0.242535695 -2.89125008e-08 0.970142484 -0.242535695 -2.89125008e-08 0.970142484 -0.242535695 -2.89125008e-08 0.970142484 -0.242535695 -2.89125008e-08 0.970142484 -0.242535695 -2.89125008e-08 0.970142484 -0.242535695 -2.89125008e-08 0.970142484 -0.242535695 -2.89125008e-08 0.970142484 -0.242535695 -2.89125008e-08 0.970142484 -0.242535695 -2.89125008e-08 0.970142484 -0.242535695 -2.89125008e-08 0.970142484 -0.242535695 -2.89125008e-08 0.970142484 -0.242535695 -2.89125008e-08 0.970142484 -0.242535695 -2.89125008e-08 0.970142484 -0.242535695 -2.89125008e-08 0.970142484 -0.242535695 -2.89125008e-08 0.970142484 -0.242535695 -2.89125008e-08 0.970142484 -0.242535695 -2.89125008e-08 0.970142484 -0.242535695 -2.89125008e-08 0.970142484 -0.242535695 -2.89125008e-08 0.970142484 -0.242535695 -2.89125008e-08 0.970142484 -0.242535695 -2.89125008e-08 0.970142484 -0.242535695 -2.89125008e-08 0.970142484 -0.242535695 -2.89125008e-08 0.970142484 -0.242535695 -2.89125008e-08 0.970142484 -0.242535695 -2.89125008e-08 0.970142484 -0.242535695 -2.89125008e-08 0.970142484 -0.242535695 -2.89125008e-08 0.970142484 -0.242535695 -2.89125008e-08 0.970142484 -0.242535695 -2.89125008e-08 0.970142484 -0.242535695 -2.89125008e-08 0.970142484 -0.242535695 -2.89125008e-08 0.970142484 -0.242535695 -1 0 1.19209304e-07 -1 0 1.19209304e-07 -1 0 1.19209304e-07 -1 0 1.19209304e-07 -1 0 1.19209304e-07 -1 0 1.19209304e-07 1 0 -1.19209304e-07 1 0 -1.19209304e-07 1 0 -1.19209304e-07 1 0 -1.19209304e-07 1 0 -1.19209304e-07 1 0 -1.19209304e-07 -1 0 1.19209304e-07 -1 0 1.19209304e-07 -1 0 1.19209304e-07 -1 0 1.19209304e-07 -1 0 1.19209304e-07 -1 0 1.19209304e-07 -1 0 1.19209304e-07 -1 0 1.19209304e-07 -1 0 1.19209304e-07 -1 0 1.19209304e-07 -1 0 1.19209304e-07 -1 0 1.19209304e-07 -1 0 1.19209304e-07 -1 0 1.19209304e-07 -1 0 1.19209304e-07 -1 0 1.19209304e-07 -1 0 1.19209304e-07 -1 0 1.19209304e-07 1 0 -1.19209304e-07 1 0 -1.19209304e-07 1 0 -1.19209304e-07 1 0 -1.19209304e-07 1 0 -1.19209304e-07 1 0 -1.19209304e-07 1 0 -1.19209304e-07 1 0 -1.19209304e-07 1 0 -1.19209304e-07 1 0 -1.19209304e-07 1 0 -1.19209304e-07 1 0 -1.19209304e-07 1 0 -1.19209304e-07 1 0 -1.19209304e-07 1 0 -1.19209304e-07 1 0 -1.19209304e-07 1 0 -1.19209304e-07 1 0 -1.19209304e-07 1.15649996e-07 0.242535606 0.970142722 1.15649996e-07 0.242535606 0.970142722 1.15649996e-07 0.242535606 0.970142722 1.15649996e-07 0.242535606 0.970142722 1.15649996e-07 0.242535606 0.970142722 1.15649996e-07 0.242535606 0.970142722 1.19209304e-07 0 1 1.19209304e-07 0 1 1.19209304e-07 0 1 1.19209304e-07 0 1 1.19209304e-07 0 1 1.19209304e-07 0 1 -1.19209304e-07 0 -1 -1.19209304e-07 0 -1 -1.19209304e-07 0 -1 -1.19209304e-07 0 -1 -1.19209304e-07 0 -1 -1.19209304e-07 0 -1 -1.15649996e-07 -0.242535606 -0.970142722 -1.15649996e-07 -0.242535606 -0.970142722 -1.15649996e-07 -0.242535606 -0.970142722 -1.15649996e-07 -0.242535606 -0.970142722 -1.15649996e-07 -0.242535606 -0.970142722 -1.15649996e-07 -0.242535606 -0.970142722 -2.89125008e-08 0.970142484 -0.242535695 -2.89125008e-08 0.970142484 -0.242535695 -2.89125008e-08 0.970142484 -0.242535695 -2.89125008e-08 0.970142484 -0.242535695 -2.89125008e-08 0.970142484 -0.242535695 -2.89125008e-08 0.970142484 -0.242535695 -2.89125008e-08 0.970142484 -0.242535695 -2.89125008e-08 0.970142484 -0.242535695 -2.89125008e-08 0.970142484 -0.242535695 -2.89125008e-08 0.970142484 -0.242535695 -2.89125008e-08 0.970142484 -0.242535695 -2.89125008e-08 0.970142484 -0.242535695 -2.89125008e-08 0.970142484 -0.242535695 -2.89125008e-08 0.970142484 -0.242535695 -2.89125008e-08 0.970142484 -0.242535695 -2.89125008e-08 0.970142484 -0.242535695 -2.89125008e-08 0.970142484 -0.242535695 -2.89125008e-08 0.970142484 -0.242535695 -2.89125008e-08 0.970142484 -0.242535695 -2.89125008e-08 0.970142484 -0.242535695 -2.89125008e-08 0.970142484 -0.242535695 -2.89125008e-08 0.970142484 -0.242535695 -2.89125008e-08 0.970142484 -0.242535695 -2.89125008e-08 0.970142484 -0.242535695 -2.89125008e-08 0.970142484 -0.242535695 -2.89125008e-08 0.970142484 -0.242535695 -2.89125008e-08 0.970142484 -0.242535695 -2.89125008e-08 0.970142484 -0.242535695 -2.89125008e-08 0.970142484 -0.242535695 -2.89125008e-08 0.970142484 -0.242535695 -2.89125008e-08 0.970142484 -0.242535695 -2.89125008e-08 0.970142484 -0.242535695 -2.89125008e-08 0.970142484 -0.242535695 -2.89125008e-08 0.970142484 -0.242535695 -2.89125008e-08 0.970142484 -0.242535695 -2.89125008e-08 0.970142484 -0.242535695 -2.89125008e-08 0.970142484 -0.242535695 -2.89125008e-08 0.970142484 -0.242535695 -2.89125008e-08 0.970142484 -0.242535695 -2.89125008e-08 0.970142484 -0.242535695 -2.89125008e-08 0.970142484 -0.242535695 -2.89125008e-08 0.970142484 -0.242535695 -2.89125008e-08 0.970142484 -0.242535695 -2.89125008e-08 0.970142484 -0.242535695 -2.89125008e-08 0.970142484 -0.242535695 -2.89125008e-08 0.970142484 -0.242535695 -2.89125008e-08 0.970142484 -0.242535695 -2.89125008e-08 0.970142484 -0.242535695 -2.89125008e-08 0.970142484 -0.242535695 -2.89125008e-08 0.970142484 -0.242535695 -2.89125008e-08 0.970142484 -0.242535695 -2.89125008e-08 0.970142484 -0.242535695 -2.89125008e-08 0.970142484 -0.242535695 -2.89125008e-08 0.970142484 -0.242535695 -2.89125008e-08 0.970142484 -0.242535695 -2.89125008e-08 0.970142484 -0.242535695 -2.89125008e-08 0.970142484 -0.242535695 -2.89125008e-08 0.970142484 -0.242535695 -2.89125008e-08 0.970142484 -0.242535695 -2.89125008e-08 0.970142484 -0.242535695 -2.89125008e-08 0.970142484 -0.242535695 -2.89125008e-08 0.970142484 -0.242535695 -2.89125008e-08 0.970142484 -0.242535695 -2.89125008e-08 0.970142484 -0.242535695 -2.89125008e-08 0.970142484 -0.242535695 -2.89125008e-08 0.970142484 -0.242535695 -2.89125008e-08 0.970142484 -0.242535695 -2.89125008e-08 0.970142484 -0.242535695 -2.89125008e-08 0.970142484 -0.242535695 -2.89125008e-08 0.970142484 -0.242535695 -2.89125008e-08 0.970142484 -0.242535695 -2.89125008e-08 0.970142484 -0.242535695 -2.89125008e-08 0.970142484 -0.242535695 -2.89125008e-08 0.970142484 -0.242535695 -2.89125008e-08 0.970142484 -0.242535695 -2.89125008e-08 0.970142484 -0.242535695 -2.89125008e-08 0.970142484 -0.242535695 -2.89125008e-08 0.970142484 -0.242535695 -2.89125008e-08 0.970142484 -0.242535695 -2.89125008e-08 0.970142484 -0.242535695 -2.89125008e-08 0.970142484 -0.242535695 -2.89125008e-08 0.970142484 -0.242535695 -2.89125008e-08 0.970142484 -0.242535695 -2.89125008e-08 0.970142484 -0.242535695 -2.89125008e-08 0.970142484 -0.242535695 -2.89125008e-08 0.970142484 -0.242535695 -2.89125008e-08 0.970142484 -0.242535695 -2.89125008e-08 0.970142484 -0.242535695 -2.89125008e-08 0.970142484 -0.242535695 -2.89125008e-08 0.970142484 -0.242535695 -2.89125008e-08 0.970142484 -0.242535695 -2.89125008e-08 0.970142484 -0.242535695 -2.89125008e-08 0.970142484 -0.242535695 -2.89125008e-08 0.970142484 -0.242535695 -2.89125008e-08 0.970142484 -0.242535695 -2.89125008e-08 0.970142484 -0.242535695 -1.19209304e-07 0 1 -1.19209304e-07 0 1 -1.19209304e-07 0 1 -1.19209304e-07 0 1 -1.19209304e-07 0 1 -1.19209304e-07 0 1 1 0 1.19209304e-07 1 0 1.19209304e-07 1 0 1.19209304e-07 1 0 1.19209304e-07 1 0 1.19209304e-07 1 0 1.19209304e-07 -1.19209304e-07 0 1 -1.19209304e-07 0 1 -1.19209304e-07 0 1 -1.19209304e-07 0 1 -1.19209304e-07 0 1 -1.19209304e-07 0 1 1 0 1.19209304e-07 1 0 1.19209304e-07 1 0 1.19209304e-07 1 0 1.19209304e-07 1 0 1.19209304e-07 1 0 1.19209304e-07 -1.19209304e-07 0 -1 -1.19209304e-07 0 -1 -1.19209304e-07 0 -1 -1.19209304e-07 0 -1 -1.19209304e-07 0 -1 -1.19209304e-07 0 -1 -1 0 1.19209304e-07 -1 0 1.19209304e-07 -1 0 1.19209304e-07 -1 0 1.19209304e-07 -1 0 1.19209304e-07 -1 0 1.19209304e-07 -1 0 4.47038602e-08 -1 0 4.47038602e-08 -1 0 4.47038602e-08 -1 0 4.47038602e-08 -1 0 4.47038602e-08 -1 0 4.47038602e-08 4.47038602e-08 0 1 4.47038602e-08 0 1 4.47038602e-08 0 1 4.47038602e-08 0 1 4.47038602e-08 0 1 4.47038602e-08 0 1 -7.63694731e-14 0 1 -7.63694731e-14 0 1 -7.63694731e-14 0 1 -7.63694731e-14 0 1 -7.63694731e-14 0 1 -7.63694731e-14 0 1 0 1 0 0 1 0 0 1 0 0 1 0 0 1 0 0 1 0 0 1 0 0 1 0 0 1 0 0 1 0 0 1 0 0 1 0 0 1 0 0 1 0 0 1 0 0 1 0 0 1 0 0 1 0 0 1 0 0 1 0 0 1 0 0 1 0 0 1 0 0 1 0 0 1 0 0 1 0 0 1 0 0 1 0 0 1 0 0 1 0 0 1 0 0 1 0 0 1 0 0 1 0 0 1 0 0 1 0 0 1 0 0 1 0 0 1 0 0 1 0 0 1 0 0 1 0 0 1 0 0 1 0 0 1 0 0 1 0 0 1 0 0 1 0 0 1 0 0 1 0 0 1 0 0 1 0 0 1 0 0 1 0 0 1 0 0 1 0 0 1 0 0 1 0 0 1 0 0 1 0 0.707106829 0 0.707106829 0 0 1 0.707106829 0 0.707106829 0 0 1 0.707106829 0 0.707106829 0 0 1 0 0 -1 0.707106829 0 -0.707106829 0 0 -1 0.707106829 0 -0.707106829 0 0 -1 0.707106829 0 -0.707106829 0 -1 0 0 -1 0 0 -1 0 0 -1 0 0 -1 0 0 -1 0 0 -1 0 0 -1 0 0 -1 0 0 -1 0 0 -1 0 0 -1 0 0 -1 0 0 -1 0 0 -1 0 0 -1 0 0 -1 0 0 -1 0 0.707106829 0 0.707106829 1 0 0 1 0 0 1 0 0 0.707106829 0 0.707106829 0.707106829 0 0.707106829 0 1 0 0 1 0 0 1 0 0 1 0 0 1 0 0 1 0 0 1 0 0 1 0 0 1 0 0 1 0 0 1 0 0 1 0 0 1 0 0 1 0 0 1 0 0 1 0 0 1 0 0 1 0 -0.707106829 0 -0.707106829 0 0 -1 -0.707106829 0 -0.707106829 0 0 -1 -0.707106829 0 -0.707106829 0 0 -1 -1 0 0 -0.707106829 0 -0.707106829 -0.707106829 0 -0.707106829 -0.707106829 0 -0.707106829 -1 0 0 -1 0 0 -0.707106829 0 0.707106829 -1 0 0 -1 0 0 -1 0 0 -0.707106829 0 0.707106829 -0.707106829 0 0.707106829 0 0 1 -0.707106829 0 0.707106829 0 0 1 -0.707106829 0 0.707106829 0 0 1 -0.707106829 0 0.707106829 1 0 0 0.707106829 0 -0.707106829 0.707106829 0 -0.707106829 0.707106829 0 -0.707106829 1 0 0 1 0 0 0.707106829 0 -0.707106829 0 0 -1 0.707106829 0 -0.707106829 0 0 -1 0.707106829 0 -0.707106829 0 0 -1 -0.707106829 0 -0.707106829 -1 0 0 -1 0 0 -1 0 0 -0.707106829 0 -0.707106829 -0.707106829 0 -0.707106829 -1 0 0 -0.707106829 0 0.707106829 -0.707106829 0 0.707106829 -0.707106829 0 0.707106829 -1 0 0 -1 0 0 0.707106829 0 -0.707106829 1 0 0 1 0 0 1 0 0 0.707106829 0 -0.707106829 0.707106829 0 -0.707106829 0 0 -1 -0.707106829 0 -0.707106829 0 0 -1 -0.707106829 0 -0.707106829 0 0 -1 -0.707106829 0 -0.707106829 -0.707106829 0 0.707106829 0 0 1 -0.707106829 0 0.707106829 0 0 1 -0.707106829 0 0.707106829 0 0 1 1 0 0 0.707106829 0 0.707106829 0.707106829 0 0.707106829 0.707106829 0 0.707106829 1 0 0 1 0 0 0 0 1 0.707106829 0 0.707106829 0 0 1 0.707106829 0 0.707106829 0 0 1 0.707106829 0 0.707106829 0 1 0 0 1 0 0 1 0 0 1 0 0 1 0 0 1 0 0 1 0 0 1 0 0 1 0 0 1 0 0 1 0 0 1 0 0 1 0 0 1 0 0 1 0 0 1 0 0 1 0 0 1 0 0 1 0 0 1 0 0 1 0 0 1 0 0 1 0 0 1 0 0 1 0 0 1 0 0 1 0 0 1 0 0 1 0 0 1 0 0 1 0 0 1 0 0 1 0 0 1 0 0 1 0 0 1 0 0 1 0 0 1 0 0 1 0 0 1 0 0 1 0 0 1 0 0 1 0 0 1 0 0 1 0 0 1 0 0 1 0 0 1 0 -0.707106829 0 0.707106829 -1 0 0 -1 0 0 -1 0 0 -0.707106829 0 0.707106829 -0.707106829 0 0.707106829 0 0 1 -0.707106829 0 0.707106829 0 0 1 -0.707106829 0 0.707106829 0 0 1 -0.707106829 0 0.707106829 0 1 0 0 1 0 0 1 0 0 1 0 0 1 0 0 1 0 0 1 0 0 1 0 0 1 0 0 1 0 0 1 0 0 1 0 0 1 0 0 1 0 0 1 0 0 1 0 0 1 0 0 1 0 -1 0 0 -0.707106829 0 -0.707106829 -0.707106829 0 -0.707106829 -0.707106829 0 -0.707106829 -1 0 0 -1 0 0 0.707106829 0 0.707106829 1 0 0 1 0 0 1 0 0 0.707106829 0 0.707106829 0.707106829 0 0.707106829 0.707106829 0 0.707106829 0 0 1 0.707106829 0 0.707106829 0 0 1 0.707106829 0 0.707106829 0 0 1 1 0 0 0.707106829 0 -0.707106829 0.707106829 0 -0.707106829 0.707106829 0 -0.707106829 1 0 0 1 0 0 -0.707106829 0 -0.707106829 0 0 -1 -0.707106829 0 -0.707106829 0 0 -1 -0.707106829 0 -0.707106829 0 0 -1 0 0 -1 0.707106829 0 -0.707106829 0 0 -1 0.707106829 0 -0.707106829 0 0 -1 0.707106829 0 -0.707106829 0 -1 0 0 -1 0 0 -1 0 0 -1 0 0 -1 0 0 -1 0 0 -1 0 0 -1 0 0 -1 0 0 -1 0 0 -1 0 0 -1 0 0 -1 0 0 -1 0 0 -1 0 0 -1 0 0 -1 0 0 -1 0 -1 0 0 -0.946532011 0 -0.32261011 -0.895891726 0 -0.444272786 -0.946532011 0 -0.32261011 -1 0 0 -1 0 0 -0.406421989 0 -0.913685501 0.355250895 0 -0.934771001 -0.355250895 0 -0.934771001 0.355250895 0 -0.934771001 -0.406421989 0 -0.913685501 0.406421989 0 -0.913685501 0.406421989 0 -0.913685501 0.895891726 0 -0.444272786 0.355250895 0 -0.934771001 0.895891726 0 -0.444272786 0.406421989 0 -0.913685501 0.946532011 0 -0.32261011 1 0 0 0.895891726 0 -0.444272786 0.946532011 0 -0.32261011 0.895891726 0 -0.444272786 1 0 0 1 0 0 -0.895891726 0 -0.444272786 -0.406421989 0 -0.913685501 -0.355250895 0 -0.934771001 -0.406421989 0 -0.913685501 -0.895891726 0 -0.444272786 -0.946532011 0 -0.32261011 0 0.957826316 -0.287347913 0 0.957826316 -0.287347913 0 0.957826316 -0.287347913 0 0.957826316 -0.287347913 0 0.957826316 -0.287347913 0 0.957826316 -0.287347913 0 0.957826316 -0.287347913 0 0.957826316 -0.287347913 0 0.957826316 -0.287347913 0 0.957826316 -0.287347913 0 0.957826316 -0.287347913 0 0.957826316 -0.287347913 0 -0.957826316 0.287347913 0 -0.957826316 0.287347913 0 -0.957826316 0.287347913 0 -0.957826316 0.287347913 0 -0.957826316 0.287347913 0 -0.957826316 0.287347913 0 -0.957826316 0.287347913 0 -0.957826316 0.287347913 0 -0.957826316 0.287347913 0 -0.957826316 0.287347913 0 -0.957826316 0.287347913 0 -0.957826316 0.287347913 0 0 -1 0 0 -1 0 0 -1 0 0 -1 0 0 -1 0 0 -1 0 0 -1 0 0 -1 0 0 -1 0 0 -1 0 0 -1 0 0 -1 0 0 -1 0 0 -1 0 0 -1 0 0 -1 0 0 -1 0 0 -1 0 0 -1 0 0 -1 0 0 -1 0 0 -1 0 0 -1 0 0 -1 0 0 -1 0 0 -1 0 0 -1 0 0 -1 0 0 -1 0 0 -1 1 0 0 1 0 0 1 0 0 1 0 0 1 0 0 1 0 0 -1 0 2.65039099e-14 -1 0 2.65039099e-14 -1 0 2.65039099e-14 -1 0 2.65039099e-14 -1 0 2.65039099e-14 -1 0 2.65039099e-14 -2.65039099e-14 0 -1 -2.65039099e-14 0 -1 -2.65039099e-14 0 -1 -2.65039099e-14 0 -1 -2.65039099e-14 0 -1 -2.65039099e-14 0 -1 -2.65039099e-14 0 -1 -2.65039099e-14 0 -1 -2.65039099e-14 0 -1 -2.65039099e-14 0 -1 -2.65039099e-14 0 -1 -2.65039099e-14 0 -1 -2.65039099e-14 0 -1 -2.65039099e-14 0 -1 -2.65039099e-14 0 -1 -2.65039099e-14 0 -1 -2.65039099e-14 0 -1 -2.65039099e-14 0 -1 -2.65039099e-14 0 -1 -2.65039099e-14 0 -1 -2.65039099e-14 0 -1 -2.65039099e-14 0 -1 -2.65039099e-14 0 -1 -2.65039099e-14 0 -1 -2.65039099e-14 0 -1 -2.65039099e-14 0 -1 -2.65039099e-14 0 -1 -2.65039099e-14 0 -1 -2.65039099e-14 0 -1 -2.65039099e-14 0 -1 0 0 -1 0 0 -1 0 0 -1 0 0 -1 0 0 -1 0 0 -1 0 0 -1 0 0 -1 0 0 -1 0 0 -1 0 0 -1 0 0 -1 0 0 -1 0 0 -1 0 0 -1 0 0 -1 0 0 -1 0 0 -1 0 0 -1 0 0 -1 0 0 -1 0 0 -1 0 0 -1 0 0 -1 0.707106829 -0.707106829 0 0.707106829 0.707106829 0 0.707106829 -0.707106829 0 0.707106829 0.707106829 0 0.707106829 -0.707106829 0 0.707106829 0.707106829 0 0.707106829 0.707106829 0 0 1 0 0 1 0 0 1 0 0.707106829 0.707106829 0 0.707106829 0.707106829 0 -1 0 0 -0.707106829 -0.707106829 0 -1 0 0 -0.707106829 -0.707106829 0 -1 0 0 -0.707106829 -0.707106829 0 0.707106829 -0.707106829 0 0.707106829 0.707106829 0 0.707106829 -0.707106829 0 0.707106829 0.707106829 0 0.707106829 -0.707106829 0 0.707106829 0.707106829 0 -0.707106829 0.707106829 0 -0.707106829 -0.707106829 0 -0.707106829 0.707106829 0 -0.707106829 -0.707106829 0 -0.707106829 0.707106829 0 -0.707106829 -0.707106829 0 0.707106829 -0.707106829 0 0.707106829 0.707106829 0 0.707106829 -0.707106829 0 0.707106829 0.707106829 0 0.707106829 -0.707106829 0 0.707106829 0.707106829 0 0.707106829 0.707106829 0 -0.707106829 0.707106829 0 -0.707106829 0.707106829 0 -0.707106829 0.707106829 0 0.707106829 0.707106829 0 0.707106829 0.707106829 0 0.707106829 -0.707106829 0 -0.707106829 -0.707106829 0 -0.707106829 -0.707106829 0 -0.707106829 -0.707106829 0 0.707106829 -0.707106829 0 0.707106829 -0.707106829 0 0.707106829 -0.707106829 0 -0.707106829 -0.707106829 0 -0.707106829 -0.707106829 0 -0.707106829 -0.707106829 0 0.707106829 -0.707106829 0 0.707106829 -0.707106829 0 0 0 -1 0 0 -1 0 0 -1 0 0 -1 0 0 -1 0 0 -1 0 0 -1 0 0 -1 0 0 -1 0 0 -1 0 0 -1 0 0 -1 0 0 -1 0 0 -1 0 0 -1 0 0 -1 0 0 -1 0 0 -1 0 0 -1 0 0 -1 0 0 -1 0 0 -1 0 0 -1 0 0 -1 0 0 -1 0 0 -1 0 0 -1 0 0 -1 0 0 -1 0 0 -1 0 0 -1 0 0 -1 0 0 -1 0 0 -1 0 0 -1 0 0 -1 0 0 -1 0 0 -1 0 0 -1 0 0 -1 0 0 -1 0 0 -1 0 0 -1 0 0 -1 0 0 -1 0 0 -1 0 0 -1 0 0 -1 </float_array>
          <technique_common>
            <accessor count="4614" offset="0" source="#colormap_1-normals-array" stride="3">
              <param name="X" type="float" />
              <param name="Y" type="float" />
              <param name="Z" type="float" />
            </accessor>
          </technique_common>
        </source>
        <source id="colormap_1-tex0" name="colormap_1-tex0">
          <float_array id="colormap_1-tex0-array" count="9228"> 0.59375 0.275000006 0.59375 0.275000006 0.59375 0.275000006 0.59375 0.275000006 0.59375 0.275000006 0.59375 0.275000006 0.59375 0.321608692 0.59375 0.275000006 0.59375 0.275000006 0.59375 0.275000006 0.59375 0.321608692 0.59375 0.321608692 0.59375 0.321608692 0.59375 0.275000006 0.59375 0.275000006 0.59375 0.275000006 0.59375 0.321608692 0.59375 0.321608692 0.59375 0.321608692 0.59375 0.275000006 0.59375 0.275000006 0.59375 0.275000006 0.59375 0.321608692 0.59375 0.321608692 0.59375 0.395347714 0.59375 0.452391386 0.59375 0.377260894 0.59375 0.452391386 0.59375 0.395347714 0.59375 0.470478296 0.59375 0.452391386 0.59375 0.395347714 0.59375 0.377260894 0.59375 0.395347714 0.59375 0.452391386 0.59375 0.470478296 0.59375 0.452391386 0.59375 0.395347714 0.59375 0.377260894 0.59375 0.395347714 0.59375 0.452391386 0.59375 0.470478296 0.59375 0.377260894 0.59375 0.390825987 0.59375 0.372739106 0.59375 0.390825987 0.59375 0.377260894 0.59375 0.395347714 0.59375 0.456913203 0.59375 0.470478296 0.59375 0.452391386 0.59375 0.470478296 0.59375 0.456913203 0.59375 0.474999994 0.59375 0.395347714 0.59375 0.390825987 0.59375 0.390825987 0.59375 0.390825987 0.59375 0.395347714 0.59375 0.395347714 0.59375 0.395347714 0.59375 0.395347714 0.59375 0.390825987 0.59375 0.395347714 0.59375 0.395347714 0.59375 0.395347714 0.59375 0.395347714 0.59375 0.395347714 0.59375 0.470478296 0.59375 0.470478296 0.59375 0.395347714 0.59375 0.470478296 0.59375 0.395347714 0.59375 0.395347714 0.59375 0.470478296 0.59375 0.470478296 0.59375 0.470478296 0.59375 0.474999994 0.59375 0.470478296 0.59375 0.474999994 0.59375 0.470478296 0.59375 0.395347714 0.59375 0.470478296 0.59375 0.470478296 0.59375 0.470478296 0.59375 0.474999994 0.59375 0.470478296 0.59375 0.470478296 0.59375 0.474999994 0.59375 0.474999994 0.59375 0.470478296 0.59375 0.452391386 0.59375 0.470478296 0.59375 0.452391386 0.59375 0.470478296 0.59375 0.452391386 0.59375 0.390825987 0.59375 0.372739106 0.59375 0.390825987 0.59375 0.372739106 0.59375 0.390825987 0.59375 0.372739106 0.59375 0.390825987 0.59375 0.377260894 0.59375 0.372739106 0.59375 0.377260894 0.59375 0.390825987 0.59375 0.395347714 0.59375 0.470478296 0.59375 0.456913203 0.59375 0.452391386 0.59375 0.456913203 0.59375 0.470478296 0.59375 0.474999994 0.59375 0.456913203 0.59375 0.474999994 0.59375 0.474999994 0.59375 0.474999994 0.59375 0.456913203 0.59375 0.456913203 0.59375 0.275000006 0.59375 0.321608692 0.59375 0.275000006 0.59375 0.321608692 0.59375 0.275000006 0.59375 0.321608692 0.59375 0.395347714 0.59375 0.452391386 0.59375 0.377260894 0.59375 0.452391386 0.59375 0.395347714 0.59375 0.470478296 0.59375 0.321608692 0.59375 0.275000006 0.59375 0.321608692 0.59375 0.275000006 0.59375 0.321608692 0.59375 0.275000006 0.59375 0.377260894 0.59375 0.395347714 0.59375 0.377260894 0.59375 0.395347714 0.59375 0.377260894 0.59375 0.395347714 0.59375 0.275000006 0.59375 0.321608692 0.59375 0.275000006 0.59375 0.321608692 0.59375 0.275000006 0.59375 0.321608692 0.59375 0.275000006 0.59375 0.321608692 0.59375 0.275000006 0.59375 0.321608692 0.59375 0.275000006 0.59375 0.321608692 0.59375 0.321608692 0.59375 0.321608692 0.59375 0.321608692 0.59375 0.321608692 0.59375 0.321608692 0.59375 0.321608692 0.59375 0.321608692 0.59375 0.321608692 0.59375 0.321608692 0.59375 0.321608692 0.59375 0.321608692 0.59375 0.321608692 0.59375 0.321608692 0.59375 0.321608692 0.59375 0.321608692 0.59375 0.321608692 0.59375 0.321608692 0.59375 0.321608692 0.59375 0.321608692 0.59375 0.321608692 0.59375 0.321608692 0.59375 0.321608692 0.59375 0.321608692 0.59375 0.321608692 0.59375 0.321608692 0.59375 0.321608692 0.59375 0.321608692 0.59375 0.321608692 0.59375 0.321608692 0.59375 0.321608692 0.59375 0.321608692 0.59375 0.321608692 0.59375 0.321608692 0.59375 0.321608692 0.59375 0.321608692 0.59375 0.321608692 0.59375 0.275000006 0.59375 0.321608692 0.59375 0.275000006 0.59375 0.321608692 0.59375 0.275000006 0.59375 0.321608692 0.59375 0.321608692 0.59375 0.275000006 0.59375 0.275000006 0.59375 0.275000006 0.59375 0.321608692 0.59375 0.321608692 0.59375 0.321608692 0.59375 0.275000006 0.59375 0.275000006 0.59375 0.275000006 0.59375 0.321608692 0.59375 0.321608692 0.59375 0.321608692 0.59375 0.275000006 0.59375 0.275000006 0.59375 0.275000006 0.59375 0.321608692 0.59375 0.321608692 0.59375 0.395347714 0.59375 0.452391386 0.59375 0.377260894 0.59375 0.452391386 0.59375 0.395347714 0.59375 0.470478296 0.59375 0.452391386 0.59375 0.395347714 0.59375 0.377260894 0.59375 0.395347714 0.59375 0.452391386 0.59375 0.470478296 0.59375 0.452391386 0.59375 0.395347714 0.59375 0.377260894 0.59375 0.395347714 0.59375 0.452391386 0.59375 0.470478296 0.59375 0.377260894 0.59375 0.390825987 0.59375 0.372739106 0.59375 0.390825987 0.59375 0.377260894 0.59375 0.395347714 0.59375 0.456913203 0.59375 0.470478296 0.59375 0.452391386 0.59375 0.470478296 0.59375 0.456913203 0.59375 0.474999994 0.59375 0.395347714 0.59375 0.390825987 0.59375 0.390825987 0.59375 0.390825987 0.59375 0.395347714 0.59375 0.395347714 0.59375 0.395347714 0.59375 0.395347714 0.59375 0.390825987 0.59375 0.395347714 0.59375 0.395347714 0.59375 0.395347714 0.59375 0.395347714 0.59375 0.395347714 0.59375 0.470478296 0.59375 0.470478296 0.59375 0.395347714 0.59375 0.470478296 0.59375 0.395347714 0.59375 0.395347714 0.59375 0.470478296 0.59375 0.470478296 0.59375 0.470478296 0.59375 0.474999994 0.59375 0.470478296 0.59375 0.474999994 0.59375 0.470478296 0.59375 0.395347714 0.59375 0.470478296 0.59375 0.470478296 0.59375 0.470478296 0.59375 0.474999994 0.59375 0.470478296 0.59375 0.470478296 0.59375 0.474999994 0.59375 0.474999994 0.59375 0.470478296 0.59375 0.452391386 0.59375 0.470478296 0.59375 0.452391386 0.59375 0.470478296 0.59375 0.452391386 0.59375 0.390825987 0.59375 0.372739106 0.59375 0.390825987 0.59375 0.372739106 0.59375 0.390825987 0.59375 0.372739106 0.59375 0.390825987 0.59375 0.377260894 0.59375 0.372739106 0.59375 0.377260894 0.59375 0.390825987 0.59375 0.395347714 0.59375 0.470478296 0.59375 0.456913203 0.59375 0.452391386 0.59375 0.456913203 0.59375 0.470478296 0.59375 0.474999994 0.59375 0.456913203 0.59375 0.474999994 0.59375 0.474999994 0.59375 0.474999994 0.59375 0.456913203 0.59375 0.456913203 0.59375 0.275000006 0.59375 0.321608692 0.59375 0.275000006 0.59375 0.321608692 0.59375 0.275000006 0.59375 0.321608692 0.59375 0.395347714 0.59375 0.452391386 0.59375 0.377260894 0.59375 0.452391386 0.59375 0.395347714 0.59375 0.470478296 0.59375 0.321608692 0.59375 0.275000006 0.59375 0.321608692 0.59375 0.275000006 0.59375 0.321608692 0.59375 0.275000006 0.59375 0.377260894 0.59375 0.395347714 0.59375 0.377260894 0.59375 0.395347714 0.59375 0.377260894 0.59375 0.395347714 0.59375 0.275000006 0.59375 0.321608692 0.59375 0.275000006 0.59375 0.321608692 0.59375 0.275000006 0.59375 0.321608692 0.59375 0.275000006 0.59375 0.321608692 0.59375 0.275000006 0.59375 0.321608692 0.59375 0.275000006 0.59375 0.321608692 0.59375 0.321608692 0.59375 0.321608692 0.59375 0.321608692 0.59375 0.321608692 0.59375 0.321608692 0.59375 0.321608692 0.59375 0.321608692 0.59375 0.321608692 0.59375 0.321608692 0.59375 0.321608692 0.59375 0.321608692 0.59375 0.321608692 0.59375 0.321608692 0.59375 0.321608692 0.59375 0.321608692 0.59375 0.321608692 0.59375 0.321608692 0.59375 0.321608692 0.59375 0.321608692 0.59375 0.321608692 0.59375 0.321608692 0.59375 0.321608692 0.59375 0.321608692 0.59375 0.321608692 0.59375 0.321608692 0.59375 0.321608692 0.59375 0.321608692 0.59375 0.321608692 0.59375 0.321608692 0.59375 0.321608692 0.59375 0.321608692 0.59375 0.321608692 0.59375 0.321608692 0.59375 0.321608692 0.59375 0.321608692 0.59375 0.321608692 0.59375 0.275000006 0.59375 0.321608692 0.59375 0.275000006 0.59375 0.321608692 0.59375 0.275000006 0.59375 0.321608692 0.59375 0.300000012 0.59375 0.300000012 0.59375 0.300000012 0.59375 0.300000012 0.59375 0.300000012 0.59375 0.300000012 0.59375 0.300000012 0.59375 0.300000012 0.59375 0.300000012 0.59375 0.300000012 0.59375 0.300000012 0.59375 0.300000012 0.59375 0.300000012 0.59375 0.300000012 0.59375 0.300000012 0.59375 0.275000006 0.59375 0.275000006 0.59375 0.275000006 0.59375 0.275000006 0.59375 0.275000006 0.59375 0.275000006 0.59375 0.275000006 0.59375 0.275000006 0.59375 0.275000006 0.59375 0.300000012 0.59375 0.300000012 0.59375 0.275000006 0.59375 0.275000006 0.59375 0.275000006 0.59375 0.300000012 0.59375 0.300000012 0.59375 0.275000006 0.59375 0.300000012 0.59375 0.275000006 0.59375 0.300000012 0.59375 0.275000006 0.59375 0.300000012 0.59375 0.300000012 0.59375 0.275000006 0.59375 0.275000006 0.59375 0.275000006 0.59375 0.300000012 0.59375 0.300000012 0.59375 0.300000012 0.59375 0.300000012 0.59375 0.300000012 0.59375 0.300000012 0.59375 0.300000012 0.59375 0.300000012 0.59375 0.300000012 0.59375 0.300000012 0.59375 0.300000012 0.59375 0.300000012 0.59375 0.300000012 0.59375 0.300000012 0.59375 0.300000012 0.59375 0.300000012 0.59375 0.275000006 0.59375 0.275000006 0.59375 0.275000006 0.59375 0.275000006 0.59375 0.275000006 0.59375 0.275000006 0.59375 0.275000006 0.59375 0.275000006 0.59375 0.275000006 0.59375 0.300000012 0.59375 0.300000012 0.59375 0.275000006 0.59375 0.275000006 0.59375 0.275000006 0.59375 0.300000012 0.59375 0.300000012 0.59375 0.275000006 0.59375 0.300000012 0.59375 0.275000006 0.59375 0.300000012 0.59375 0.275000006 0.59375 0.300000012 0.59375 0.300000012 0.59375 0.275000006 0.59375 0.275000006 0.59375 0.275000006 0.59375 0.300000012 0.59375 0.300000012 0.59375 0.300000012 0.59375 0.300000012 0.59375 0.300000012 0.59375 0.300000012 0.59375 0.300000012 0.59375 0.300000012 0.59375 0.300000012 0.59375 0.300000012 0.59375 0.300000012 0.59375 0.300000012 0.59375 0.300000012 0.59375 0.300000012 0.59375 0.300000012 0.59375 0.300000012 0.59375 0.275000006 0.59375 0.275000006 0.59375 0.275000006 0.59375 0.275000006 0.59375 0.275000006 0.59375 0.275000006 0.59375 0.275000006 0.59375 0.275000006 0.59375 0.275000006 0.59375 0.300000012 0.59375 0.300000012 0.59375 0.275000006 0.59375 0.275000006 0.59375 0.275000006 0.59375 0.300000012 0.59375 0.300000012 0.59375 0.275000006 0.59375 0.300000012 0.59375 0.275000006 0.59375 0.300000012 0.59375 0.275000006 0.59375 0.300000012 0.59375 0.300000012 0.59375 0.275000006 0.59375 0.275000006 0.59375 0.275000006 0.59375 0.300000012 0.59375 0.300000012 0.59375 0.300000012 0.59375 0.300000012 0.59375 0.300000012 0.59375 0.300000012 0.59375 0.300000012 0.59375 0.300000012 0.59375 0.300000012 0.59375 0.300000012 0.59375 0.300000012 0.59375 0.300000012 0.59375 0.300000012 0.59375 0.300000012 0.59375 0.300000012 0.59375 0.300000012 0.59375 0.275000006 0.59375 0.275000006 0.59375 0.275000006 0.59375 0.275000006 0.59375 0.275000006 0.59375 0.275000006 0.59375 0.275000006 0.59375 0.275000006 0.59375 0.275000006 0.59375 0.300000012 0.59375 0.300000012 0.59375 0.275000006 0.59375 0.275000006 0.59375 0.275000006 0.59375 0.300000012 0.59375 0.300000012 0.59375 0.275000006 0.59375 0.300000012 0.59375 0.275000006 0.59375 0.300000012 0.59375 0.275000006 0.59375 0.300000012 0.59375 0.300000012 0.59375 0.275000006 0.59375 0.275000006 0.59375 0.275000006 0.59375 0.300000012 0.59375 0.408333391 0.59375 0.474999994 0.59375 0.408333391 0.59375 0.474999994 0.59375 0.408333391 0.59375 0.474999994 0.59375 0.319444388 0.59375 0.474999994 0.59375 0.408333391 0.59375 0.319444388 0.59375 0.458333313 0.59375 0.474999994 0.59375 0.319444388 0.59375 0.408333391 0.59375 0.458333313 0.59375 0.408333391 0.59375 0.319444388 0.59375 0.319444388 0.59375 0.458333313 0.59375 0.408333391 0.59375 0.408333391 0.59375 0.408333391 0.59375 0.458333313 0.59375 0.458333313 0.59375 0.408333391 0.59375 0.408333391 0.59375 0.408333391 0.59375 0.408333391 0.59375 0.408333391 0.59375 0.408333391 0.59375 0.319444388 0.59375 0.408333391 0.59375 0.319444388 0.59375 0.408333391 0.59375 0.319444388 0.59375 0.458333313 0.59375 0.458333313 0.59375 0.319444388 0.59375 0.474999994 0.59375 0.474999994 0.59375 0.319444388 0.59375 0.408333391 0.59375 0.474999994 0.59375 0.408333391 0.59375 0.408333391 0.59375 0.474999994 0.59375 0.408333391 0.59375 0.474999994 0.59375 0.408333391 0.59375 0.319444388 0.59375 0.319444388 0.59375 0.319444388 0.59375 0.408333391 0.59375 0.408333391 0.59375 0.408333391 0.59375 0.319444388 0.59375 0.319444388 0.59375 0.319444388 0.59375 0.408333391 0.59375 0.408333391 0.59375 0.474999994 0.59375 0.474999994 0.59375 0.474999994 0.59375 0.474999994 0.59375 0.474999994 0.59375 0.474999994 0.59375 0.458333313 0.59375 0.474999994 0.59375 0.474999994 0.59375 0.474999994 0.59375 0.458333313 0.59375 0.458333313 0.59375 0.319444388 0.59375 0.275000006 0.59375 0.319444388 0.59375 0.275000006 0.59375 0.319444388 0.59375 0.275000006 0.59375 0.319444388 0.59375 0.275000006 0.59375 0.275000006 0.59375 0.275000006 0.59375 0.319444388 0.59375 0.319444388 0.59375 0.275000006 0.59375 0.319444388 0.59375 0.275000006 0.59375 0.319444388 0.59375 0.275000006 0.59375 0.319444388 0.59375 0.275000006 0.59375 0.319444388 0.59375 0.319444388 0.59375 0.319444388 0.59375 0.275000006 0.59375 0.275000006 0.59375 0.275000006 0.59375 0.319444388 0.59375 0.319444388 0.59375 0.319444388 0.59375 0.275000006 0.59375 0.275000006 0.59375 0.319444388 0.59375 0.275000006 0.59375 0.275000006 0.59375 0.275000006 0.59375 0.319444388 0.59375 0.319444388 0.59375 0.319444388 0.59375 0.275000006 0.59375 0.319444388 0.59375 0.275000006 0.59375 0.319444388 0.59375 0.275000006 0.59375 0.275000006 0.59375 0.319444388 0.59375 0.275000006 0.59375 0.319444388 0.59375 0.275000006 0.59375 0.319444388 0.59375 0.319444388 0.59375 0.319444388 0.59375 0.319444388 0.59375 0.319444388 0.59375 0.319444388 0.59375 0.319444388 0.59375 0.319444388 0.59375 0.319444388 0.59375 0.319444388 0.59375 0.319444388 0.59375 0.319444388 0.59375 0.319444388 0.59375 0.319444388 0.59375 0.319444388 0.59375 0.319444388 0.59375 0.319444388 0.59375 0.319444388 0.59375 0.319444388 0.59375 0.319444388 0.59375 0.319444388 0.59375 0.319444388 0.59375 0.319444388 0.59375 0.319444388 0.59375 0.319444388 0.59375 0.319444388 0.59375 0.319444388 0.59375 0.319444388 0.59375 0.319444388 0.59375 0.319444388 0.59375 0.319444388 0.59375 0.319444388 0.59375 0.319444388 0.59375 0.319444388 0.59375 0.319444388 0.59375 0.319444388 0.59375 0.319444388 0.59375 0.408333391 0.59375 0.474999994 0.59375 0.408333391 0.59375 0.474999994 0.59375 0.408333391 0.59375 0.474999994 0.59375 0.319444388 0.59375 0.474999994 0.59375 0.408333391 0.59375 0.319444388 0.59375 0.458333313 0.59375 0.474999994 0.59375 0.319444388 0.59375 0.408333391 0.59375 0.458333313 0.59375 0.408333391 0.59375 0.319444388 0.59375 0.319444388 0.59375 0.458333313 0.59375 0.408333391 0.59375 0.408333391 0.59375 0.408333391 0.59375 0.458333313 0.59375 0.458333313 0.59375 0.408333391 0.59375 0.408333391 0.59375 0.408333391 0.59375 0.408333391 0.59375 0.408333391 0.59375 0.408333391 0.59375 0.319444388 0.59375 0.408333391 0.59375 0.319444388 0.59375 0.408333391 0.59375 0.319444388 0.59375 0.458333313 0.59375 0.458333313 0.59375 0.319444388 0.59375 0.474999994 0.59375 0.474999994 0.59375 0.319444388 0.59375 0.408333391 0.59375 0.474999994 0.59375 0.408333391 0.59375 0.408333391 0.59375 0.474999994 0.59375 0.408333391 0.59375 0.474999994 0.59375 0.408333391 0.59375 0.319444388 0.59375 0.319444388 0.59375 0.319444388 0.59375 0.408333391 0.59375 0.408333391 0.59375 0.408333391 0.59375 0.319444388 0.59375 0.319444388 0.59375 0.319444388 0.59375 0.408333391 0.59375 0.408333391 0.59375 0.474999994 0.59375 0.474999994 0.59375 0.474999994 0.59375 0.474999994 0.59375 0.474999994 0.59375 0.474999994 0.59375 0.458333313 0.59375 0.474999994 0.59375 0.474999994 0.59375 0.474999994 0.59375 0.458333313 0.59375 0.458333313 0.59375 0.319444388 0.59375 0.275000006 0.59375 0.319444388 0.59375 0.275000006 0.59375 0.319444388 0.59375 0.275000006 0.59375 0.319444388 0.59375 0.275000006 0.59375 0.275000006 0.59375 0.275000006 0.59375 0.319444388 0.59375 0.319444388 0.59375 0.275000006 0.59375 0.319444388 0.59375 0.275000006 0.59375 0.319444388 0.59375 0.275000006 0.59375 0.319444388 0.59375 0.275000006 0.59375 0.319444388 0.59375 0.319444388 0.59375 0.319444388 0.59375 0.275000006 0.59375 0.275000006 0.59375 0.275000006 0.59375 0.319444388 0.59375 0.319444388 0.59375 0.319444388 0.59375 0.275000006 0.59375 0.275000006 0.59375 0.319444388 0.59375 0.275000006 0.59375 0.275000006 0.59375 0.275000006 0.59375 0.319444388 0.59375 0.319444388 0.59375 0.319444388 0.59375 0.275000006 0.59375 0.319444388 0.59375 0.275000006 0.59375 0.319444388 0.59375 0.275000006 0.59375 0.275000006 0.59375 0.319444388 0.59375 0.275000006 0.59375 0.319444388 0.59375 0.275000006 0.59375 0.319444388 0.59375 0.319444388 0.59375 0.319444388 0.59375 0.319444388 0.59375 0.319444388 0.59375 0.319444388 0.59375 0.319444388 0.59375 0.319444388 0.59375 0.319444388 0.59375 0.319444388 0.59375 0.319444388 0.59375 0.319444388 0.59375 0.319444388 0.59375 0.319444388 0.59375 0.319444388 0.59375 0.319444388 0.59375 0.319444388 0.59375 0.319444388 0.59375 0.319444388 0.59375 0.319444388 0.59375 0.319444388 0.59375 0.319444388 0.59375 0.319444388 0.59375 0.319444388 0.59375 0.319444388 0.59375 0.319444388 0.59375 0.319444388 0.59375 0.319444388 0.59375 0.319444388 0.59375 0.319444388 0.59375 0.319444388 0.59375 0.319444388 0.59375 0.319444388 0.59375 0.319444388 0.59375 0.319444388 0.59375 0.319444388 0.59375 0.319444388 0.59375 0.300000012 0.59375 0.300000012 0.59375 0.300000012 0.59375 0.300000012 0.59375 0.300000012 0.59375 0.300000012 0.59375 0.300000012 0.59375 0.300000012 0.59375 0.300000012 0.59375 0.300000012 0.59375 0.300000012 0.59375 0.300000012 0.59375 0.300000012 0.59375 0.300000012 0.59375 0.300000012 0.59375 0.275000006 0.59375 0.275000006 0.59375 0.275000006 0.59375 0.275000006 0.59375 0.275000006 0.59375 0.275000006 0.59375 0.275000006 0.59375 0.275000006 0.59375 0.275000006 0.59375 0.300000012 0.59375 0.300000012 0.59375 0.275000006 0.59375 0.275000006 0.59375 0.275000006 0.59375 0.300000012 0.59375 0.300000012 0.59375 0.275000006 0.59375 0.300000012 0.59375 0.275000006 0.59375 0.300000012 0.59375 0.275000006 0.59375 0.300000012 0.59375 0.300000012 0.59375 0.275000006 0.59375 0.275000006 0.59375 0.275000006 0.59375 0.300000012 0.59375 0.300000012 0.59375 0.300000012 0.59375 0.300000012 0.59375 0.300000012 0.59375 0.300000012 0.59375 0.300000012 0.59375 0.300000012 0.59375 0.300000012 0.59375 0.300000012 0.59375 0.300000012 0.59375 0.300000012 0.59375 0.300000012 0.59375 0.300000012 0.59375 0.300000012 0.59375 0.300000012 0.59375 0.275000006 0.59375 0.275000006 0.59375 0.275000006 0.59375 0.275000006 0.59375 0.275000006 0.59375 0.275000006 0.59375 0.275000006 0.59375 0.275000006 0.59375 0.275000006 0.59375 0.300000012 0.59375 0.300000012 0.59375 0.275000006 0.59375 0.275000006 0.59375 0.275000006 0.59375 0.300000012 0.59375 0.300000012 0.59375 0.275000006 0.59375 0.300000012 0.59375 0.275000006 0.59375 0.300000012 0.59375 0.275000006 0.59375 0.300000012 0.59375 0.300000012 0.59375 0.275000006 0.59375 0.275000006 0.59375 0.275000006 0.59375 0.300000012 0.59375 0.300000012 0.59375 0.300000012 0.59375 0.300000012 0.59375 0.300000012 0.59375 0.300000012 0.59375 0.300000012 0.59375 0.300000012 0.59375 0.300000012 0.59375 0.300000012 0.59375 0.300000012 0.59375 0.300000012 0.59375 0.300000012 0.59375 0.300000012 0.59375 0.300000012 0.59375 0.300000012 0.59375 0.275000006 0.59375 0.275000006 0.59375 0.275000006 0.59375 0.275000006 0.59375 0.275000006 0.59375 0.275000006 0.59375 0.275000006 0.59375 0.275000006 0.59375 0.275000006 0.59375 0.300000012 0.59375 0.300000012 0.59375 0.275000006 0.59375 0.275000006 0.59375 0.275000006 0.59375 0.300000012 0.59375 0.300000012 0.59375 0.275000006 0.59375 0.300000012 0.59375 0.275000006 0.59375 0.300000012 0.59375 0.275000006 0.59375 0.300000012 0.59375 0.300000012 0.59375 0.275000006 0.59375 0.275000006 0.59375 0.275000006 0.59375 0.300000012 0.59375 0.275000006 0.59375 0.275000006 0.59375 0.275000006 0.59375 0.275000006 0.59375 0.275000006 0.59375 0.275000006 0.59375 0.300000012 0.59375 0.275000006 0.59375 0.275000006 0.59375 0.275000006 0.59375 0.300000012 0.59375 0.300000012 0.59375 0.300000012 0.59375 0.300000012 0.59375 0.300000012 0.59375 0.300000012 0.59375 0.300000012 0.59375 0.300000012 0.59375 0.275000006 0.59375 0.275000006 0.59375 0.275000006 0.59375 0.275000006 0.59375 0.275000006 0.59375 0.275000006 0.59375 0.300000012 0.59375 0.275000006 0.59375 0.275000006 0.59375 0.275000006 0.59375 0.300000012 0.59375 0.300000012 0.59375 0.300000012 0.59375 0.300000012 0.59375 0.300000012 0.59375 0.300000012 0.59375 0.300000012 0.59375 0.300000012 0.59375 0.395000011 0.59375 0.425000012 0.59375 0.395000011 0.59375 0.425000012 0.59375 0.395000011 0.59375 0.425000012 0.59375 0.425000012 0.59375 0.395000011 0.59375 0.395000011 0.59375 0.395000011 0.59375 0.425000012 0.59375 0.425000012 0.59375 0.474999994 0.59375 0.395000011 0.59375 0.474999994 0.59375 0.395000011 0.59375 0.474999994 0.59375 0.395000011 0.59375 0.474999994 0.59375 0.425000012 0.59375 0.425000012 0.59375 0.425000012 0.59375 0.474999994 0.59375 0.474999994 0.59375 0.425000012 0.59375 0.425000012 0.59375 0.425000012 0.59375 0.425000012 0.59375 0.425000012 0.59375 0.425000012 0.59375 0.425000012 0.59375 0.425000012 0.59375 0.425000012 0.59375 0.425000012 0.59375 0.425000012 0.59375 0.425000012 0.59375 0.425000012 0.59375 0.425000012 0.59375 0.425000012 0.59375 0.474999994 0.59375 0.474999994 0.59375 0.474999994 0.59375 0.474999994 0.59375 0.474999994 0.59375 0.474999994 0.59375 0.474999994 0.59375 0.474999994 0.59375 0.474999994 0.59375 0.474999994 0.59375 0.474999994 0.59375 0.474999994 0.59375 0.474999994 0.59375 0.474999994 0.59375 0.474999994 0.59375 0.425000012 0.59375 0.474999994 0.59375 0.425000012 0.59375 0.474999994 0.59375 0.425000012 0.59375 0.474999994 0.59375 0.425000012 0.59375 0.474999994 0.59375 0.425000012 0.59375 0.474999994 0.59375 0.425000012 0.59375 0.474999994 0.59375 0.474999994 0.59375 0.395000011 0.59375 0.395000011 0.59375 0.395000011 0.59375 0.474999994 0.59375 0.474999994 0.59375 0.395000011 0.59375 0.425000012 0.59375 0.395000011 0.59375 0.425000012 0.59375 0.395000011 0.59375 0.425000012 0.59375 0.425000012 0.59375 0.395000011 0.59375 0.395000011 0.59375 0.395000011 0.59375 0.425000012 0.59375 0.425000012 0.59375 0.474999994 0.59375 0.395000011 0.59375 0.474999994 0.59375 0.395000011 0.59375 0.474999994 0.59375 0.395000011 0.59375 0.474999994 0.59375 0.425000012 0.59375 0.425000012 0.59375 0.425000012 0.59375 0.474999994 0.59375 0.474999994 0.59375 0.425000012 0.59375 0.425000012 0.59375 0.425000012 0.59375 0.425000012 0.59375 0.425000012 0.59375 0.425000012 0.59375 0.425000012 0.59375 0.425000012 0.59375 0.425000012 0.59375 0.425000012 0.59375 0.425000012 0.59375 0.425000012 0.59375 0.425000012 0.59375 0.425000012 0.59375 0.425000012 0.59375 0.474999994 0.59375 0.474999994 0.59375 0.474999994 0.59375 0.474999994 0.59375 0.474999994 0.59375 0.474999994 0.59375 0.474999994 0.59375 0.474999994 0.59375 0.474999994 0.59375 0.474999994 0.59375 0.474999994 0.59375 0.474999994 0.59375 0.474999994 0.59375 0.474999994 0.59375 0.474999994 0.59375 0.425000012 0.59375 0.474999994 0.59375 0.425000012 0.59375 0.474999994 0.59375 0.425000012 0.59375 0.474999994 0.59375 0.425000012 0.59375 0.474999994 0.59375 0.425000012 0.59375 0.474999994 0.59375 0.425000012 0.59375 0.474999994 0.59375 0.474999994 0.59375 0.395000011 0.59375 0.395000011 0.59375 0.395000011 0.59375 0.474999994 0.59375 0.474999994 0.59375 0.425000012 0.59375 0.425000012 0.59375 0.425000012 0.59375 0.425000012 0.59375 0.425000012 0.59375 0.425000012 0.59375 0.395000011 0.59375 0.425000012 0.59375 0.395000011 0.59375 0.425000012 0.59375 0.395000011 0.59375 0.425000012 0.59375 0.474999994 0.59375 0.395000011 0.59375 0.474999994 0.59375 0.395000011 0.59375 0.474999994 0.59375 0.395000011 0.59375 0.474999994 0.59375 0.474999994 0.59375 0.474999994 0.59375 0.474999994 0.59375 0.474999994 0.59375 0.474999994 0.59375 0.425000012 0.59375 0.474999994 0.59375 0.425000012 0.59375 0.474999994 0.59375 0.425000012 0.59375 0.474999994 0.59375 0.395000011 0.59375 0.425000012 0.59375 0.395000011 0.59375 0.425000012 0.59375 0.395000011 0.59375 0.425000012 0.59375 0.425000012 0.59375 0.395000011 0.59375 0.395000011 0.59375 0.395000011 0.59375 0.425000012 0.59375 0.425000012 0.59375 0.474999994 0.59375 0.395000011 0.59375 0.474999994 0.59375 0.395000011 0.59375 0.474999994 0.59375 0.395000011 0.59375 0.474999994 0.59375 0.425000012 0.59375 0.425000012 0.59375 0.425000012 0.59375 0.474999994 0.59375 0.474999994 0.59375 0.425000012 0.59375 0.425000012 0.59375 0.425000012 0.59375 0.425000012 0.59375 0.425000012 0.59375 0.425000012 0.59375 0.425000012 0.59375 0.425000012 0.59375 0.425000012 0.59375 0.425000012 0.59375 0.425000012 0.59375 0.425000012 0.59375 0.425000012 0.59375 0.425000012 0.59375 0.425000012 0.59375 0.474999994 0.59375 0.474999994 0.59375 0.474999994 0.59375 0.474999994 0.59375 0.474999994 0.59375 0.474999994 0.59375 0.474999994 0.59375 0.474999994 0.59375 0.474999994 0.59375 0.474999994 0.59375 0.474999994 0.59375 0.474999994 0.59375 0.474999994 0.59375 0.474999994 0.59375 0.474999994 0.59375 0.425000012 0.59375 0.474999994 0.59375 0.425000012 0.59375 0.474999994 0.59375 0.425000012 0.59375 0.474999994 0.59375 0.425000012 0.59375 0.474999994 0.59375 0.425000012 0.59375 0.474999994 0.59375 0.425000012 0.59375 0.474999994 0.59375 0.474999994 0.59375 0.395000011 0.59375 0.395000011 0.59375 0.395000011 0.59375 0.474999994 0.59375 0.474999994 0.59375 0.395000011 0.59375 0.425000012 0.59375 0.395000011 0.59375 0.425000012 0.59375 0.395000011 0.59375 0.425000012 0.59375 0.425000012 0.59375 0.395000011 0.59375 0.395000011 0.59375 0.395000011 0.59375 0.425000012 0.59375 0.425000012 0.59375 0.474999994 0.59375 0.395000011 0.59375 0.474999994 0.59375 0.395000011 0.59375 0.474999994 0.59375 0.395000011 0.59375 0.474999994 0.59375 0.425000012 0.59375 0.425000012 0.59375 0.425000012 0.59375 0.474999994 0.59375 0.474999994 0.59375 0.425000012 0.59375 0.425000012 0.59375 0.425000012 0.59375 0.425000012 0.59375 0.425000012 0.59375 0.425000012 0.59375 0.425000012 0.59375 0.425000012 0.59375 0.425000012 0.59375 0.425000012 0.59375 0.425000012 0.59375 0.425000012 0.59375 0.425000012 0.59375 0.425000012 0.59375 0.425000012 0.59375 0.474999994 0.59375 0.474999994 0.59375 0.474999994 0.59375 0.474999994 0.59375 0.474999994 0.59375 0.474999994 0.59375 0.474999994 0.59375 0.474999994 0.59375 0.474999994 0.59375 0.474999994 0.59375 0.474999994 0.59375 0.474999994 0.59375 0.474999994 0.59375 0.474999994 0.59375 0.474999994 0.59375 0.425000012 0.59375 0.474999994 0.59375 0.425000012 0.59375 0.474999994 0.59375 0.425000012 0.59375 0.474999994 0.59375 0.425000012 0.59375 0.474999994 0.59375 0.425000012 0.59375 0.474999994 0.59375 0.425000012 0.59375 0.474999994 0.59375 0.474999994 0.59375 0.395000011 0.59375 0.395000011 0.59375 0.395000011 0.59375 0.474999994 0.59375 0.474999994 0.59375 0.474999994 0.59375 0.474999994 0.59375 0.395000011 0.59375 0.395000011 0.59375 0.395000011 0.59375 0.474999994 0.59375 0.474999994 0.59375 0.425000012 0.59375 0.474999994 0.59375 0.425000012 0.59375 0.474999994 0.59375 0.425000012 0.59375 0.474999994 0.59375 0.425000012 0.59375 0.474999994 0.59375 0.425000012 0.59375 0.474999994 0.59375 0.425000012 0.59375 0.474999994 0.59375 0.474999994 0.59375 0.474999994 0.59375 0.474999994 0.59375 0.474999994 0.59375 0.474999994 0.59375 0.474999994 0.59375 0.474999994 0.59375 0.474999994 0.59375 0.474999994 0.59375 0.474999994 0.59375 0.474999994 0.59375 0.474999994 0.59375 0.474999994 0.59375 0.474999994 0.59375 0.425000012 0.59375 0.425000012 0.59375 0.425000012 0.59375 0.425000012 0.59375 0.425000012 0.59375 0.425000012 0.59375 0.425000012 0.59375 0.425000012 0.59375 0.425000012 0.59375 0.425000012 0.59375 0.425000012 0.59375 0.425000012 0.59375 0.425000012 0.59375 0.425000012 0.59375 0.425000012 0.59375 0.474999994 0.59375 0.474999994 0.59375 0.425000012 0.59375 0.425000012 0.59375 0.425000012 0.59375 0.474999994 0.59375 0.395000011 0.59375 0.474999994 0.59375 0.395000011 0.59375 0.474999994 0.59375 0.395000011 0.59375 0.474999994 0.59375 0.425000012 0.59375 0.425000012 0.59375 0.395000011 0.59375 0.395000011 0.59375 0.395000011 0.59375 0.425000012 0.59375 0.425000012 0.59375 0.395000011 0.59375 0.425000012 0.59375 0.395000011 0.59375 0.425000012 0.59375 0.395000011 0.59375 0.395000011 0.59375 0.425000012 0.59375 0.395000011 0.59375 0.425000012 0.59375 0.395000011 0.59375 0.425000012 0.59375 0.425000012 0.59375 0.395000011 0.59375 0.395000011 0.59375 0.395000011 0.59375 0.425000012 0.59375 0.425000012 0.59375 0.474999994 0.59375 0.395000011 0.59375 0.474999994 0.59375 0.395000011 0.59375 0.474999994 0.59375 0.395000011 0.59375 0.474999994 0.59375 0.425000012 0.59375 0.425000012 0.59375 0.425000012 0.59375 0.474999994 0.59375 0.474999994 0.59375 0.425000012 0.59375 0.425000012 0.59375 0.425000012 0.59375 0.425000012 0.59375 0.425000012 0.59375 0.425000012 0.59375 0.425000012 0.59375 0.425000012 0.59375 0.425000012 0.59375 0.425000012 0.59375 0.425000012 0.59375 0.425000012 0.59375 0.425000012 0.59375 0.425000012 0.59375 0.425000012 0.59375 0.474999994 0.59375 0.474999994 0.59375 0.474999994 0.59375 0.474999994 0.59375 0.474999994 0.59375 0.474999994 0.59375 0.474999994 0.59375 0.474999994 0.59375 0.474999994 0.59375 0.474999994 0.59375 0.474999994 0.59375 0.474999994 0.59375 0.474999994 0.59375 0.474999994 0.59375 0.474999994 0.59375 0.425000012 0.59375 0.474999994 0.59375 0.425000012 0.59375 0.474999994 0.59375 0.425000012 0.59375 0.474999994 0.59375 0.425000012 0.59375 0.474999994 0.59375 0.425000012 0.59375 0.474999994 0.59375 0.425000012 0.59375 0.474999994 0.59375 0.474999994 0.59375 0.395000011 0.59375 0.395000011 0.59375 0.395000011 0.59375 0.474999994 0.59375 0.474999994 0.59375 0.395000011 0.59375 0.425000012 0.59375 0.395000011 0.59375 0.425000012 0.59375 0.395000011 0.59375 0.425000012 0.59375 0.425000012 0.59375 0.395000011 0.59375 0.395000011 0.59375 0.395000011 0.59375 0.425000012 0.59375 0.425000012 0.59375 0.474999994 0.59375 0.395000011 0.59375 0.474999994 0.59375 0.395000011 0.59375 0.474999994 0.59375 0.395000011 0.59375 0.474999994 0.59375 0.425000012 0.59375 0.425000012 0.59375 0.425000012 0.59375 0.474999994 0.59375 0.474999994 0.59375 0.425000012 0.59375 0.425000012 0.59375 0.425000012 0.59375 0.425000012 0.59375 0.425000012 0.59375 0.425000012 0.59375 0.425000012 0.59375 0.425000012 0.59375 0.425000012 0.59375 0.425000012 0.59375 0.425000012 0.59375 0.425000012 0.59375 0.425000012 0.59375 0.425000012 0.59375 0.425000012 0.59375 0.474999994 0.59375 0.474999994 0.59375 0.474999994 0.59375 0.474999994 0.59375 0.474999994 0.59375 0.474999994 0.59375 0.474999994 0.59375 0.474999994 0.59375 0.474999994 0.59375 0.474999994 0.59375 0.474999994 0.59375 0.474999994 0.59375 0.474999994 0.59375 0.474999994 0.59375 0.474999994 0.59375 0.425000012 0.59375 0.474999994 0.59375 0.425000012 0.59375 0.474999994 0.59375 0.425000012 0.59375 0.474999994 0.59375 0.425000012 0.59375 0.474999994 0.59375 0.425000012 0.59375 0.474999994 0.59375 0.425000012 0.59375 0.474999994 0.59375 0.474999994 0.59375 0.395000011 0.59375 0.395000011 0.59375 0.395000011 0.59375 0.474999994 0.59375 0.474999994 0.59375 0.425000012 0.59375 0.425000012 0.59375 0.425000012 0.59375 0.425000012 0.59375 0.425000012 0.59375 0.425000012 0.59375 0.395000011 0.59375 0.425000012 0.59375 0.395000011 0.59375 0.425000012 0.59375 0.395000011 0.59375 0.425000012 0.59375 0.474999994 0.59375 0.395000011 0.59375 0.474999994 0.59375 0.395000011 0.59375 0.474999994 0.59375 0.395000011 0.59375 0.474999994 0.59375 0.474999994 0.59375 0.474999994 0.59375 0.474999994 0.59375 0.474999994 0.59375 0.474999994 0.59375 0.425000012 0.59375 0.474999994 0.59375 0.425000012 0.59375 0.474999994 0.59375 0.425000012 0.59375 0.474999994 0.59375 0.425000012 0.59375 0.425000012 0.59375 0.425000012 0.59375 0.425000012 0.59375 0.425000012 0.59375 0.425000012 0.59375 0.395000011 0.59375 0.425000012 0.59375 0.395000011 0.59375 0.425000012 0.59375 0.395000011 0.59375 0.425000012 0.59375 0.474999994 0.59375 0.395000011 0.59375 0.474999994 0.59375 0.395000011 0.59375 0.474999994 0.59375 0.395000011 0.59375 0.474999994 0.59375 0.474999994 0.59375 0.474999994 0.59375 0.474999994 0.59375 0.474999994 0.59375 0.474999994 0.59375 0.425000012 0.59375 0.474999994 0.59375 0.425000012 0.59375 0.474999994 0.59375 0.425000012 0.59375 0.474999994 0.59375 0.455000013 0.59375 0.435000002 0.59375 0.435000002 0.59375 0.435000002 0.59375 0.455000013 0.59375 0.455000013 0.59375 0.435000002 0.59375 0.455000013 0.59375 0.435000002 0.59375 0.455000013 0.59375 0.435000002 0.59375 0.455000013 0.59375 0.435000002 0.59375 0.395000011 0.59375 0.395000011 0.59375 0.395000011 0.59375 0.435000002 0.59375 0.435000002 0.59375 0.455000013 0.59375 0.435000002 0.59375 0.455000013 0.59375 0.435000002 0.59375 0.455000013 0.59375 0.435000002 0.59375 0.455000013 0.59375 0.435000002 0.59375 0.435000002 0.59375 0.435000002 0.59375 0.455000013 0.59375 0.455000013 0.59375 0.455000013 0.59375 0.435000002 0.59375 0.435000002 0.59375 0.435000002 0.59375 0.455000013 0.59375 0.455000013 0.59375 0.455000013 0.59375 0.435000002 0.59375 0.435000002 0.59375 0.435000002 0.59375 0.455000013 0.59375 0.455000013 0.59375 0.474999994 0.59375 0.455000013 0.59375 0.474999994 0.59375 0.455000013 0.59375 0.474999994 0.59375 0.455000013 0.59375 0.435000002 0.59375 0.395000011 0.59375 0.395000011 0.59375 0.395000011 0.59375 0.435000002 0.59375 0.435000002 0.59375 0.435000002 0.59375 0.395000011 0.59375 0.395000011 0.59375 0.395000011 0.59375 0.435000002 0.59375 0.435000002 0.59375 0.395000011 0.59375 0.435000002 0.59375 0.395000011 0.59375 0.435000002 0.59375 0.395000011 0.59375 0.435000002 0.59375 0.455000013 0.59375 0.435000002 0.59375 0.435000002 0.59375 0.435000002 0.59375 0.455000013 0.59375 0.455000013 0.59375 0.474999994 0.59375 0.455000013 0.59375 0.455000013 0.59375 0.455000013 0.59375 0.474999994 0.59375 0.474999994 0.59375 0.474999994 0.59375 0.455000013 0.59375 0.455000013 0.59375 0.455000013 0.59375 0.474999994 0.59375 0.474999994 0.59375 0.474999994 0.59375 0.455000013 0.59375 0.455000013 0.59375 0.455000013 0.59375 0.474999994 0.59375 0.474999994 0.59375 0.435000002 0.59375 0.455000013 0.59375 0.455000013 0.59375 0.455000013 0.59375 0.435000002 0.59375 0.435000002 0.59375 0.474999994 0.59375 0.455000013 0.59375 0.455000013 0.59375 0.455000013 0.59375 0.474999994 0.59375 0.474999994 0.59375 0.455000013 0.59375 0.474999994 0.59375 0.455000013 0.59375 0.474999994 0.59375 0.455000013 0.59375 0.474999994 0.59375 0.474999994 0.59375 0.474999994 0.59375 0.474999994 0.59375 0.474999994 0.59375 0.474999994 0.59375 0.474999994 0.59375 0.474999994 0.59375 0.474999994 0.59375 0.474999994 0.59375 0.474999994 0.59375 0.474999994 0.59375 0.474999994 0.59375 0.474999994 0.59375 0.474999994 0.59375 0.474999994 0.59375 0.474999994 0.59375 0.474999994 0.59375 0.474999994 0.59375 0.435000002 0.59375 0.395000011 0.59375 0.435000002 0.59375 0.395000011 0.59375 0.435000002 0.59375 0.395000011 0.59375 0.435000002 0.59375 0.395000011 0.59375 0.395000011 0.59375 0.395000011 0.59375 0.435000002 0.59375 0.435000002 0.59375 0.455000013 0.59375 0.474999994 0.59375 0.474999994 0.59375 0.474999994 0.59375 0.455000013 0.59375 0.455000013 0.59375 0.435000002 0.59375 0.395000011 0.59375 0.435000002 0.59375 0.395000011 0.59375 0.435000002 0.59375 0.395000011 0.59375 0.474999994 0.59375 0.455000013 0.59375 0.455000013 0.59375 0.455000013 0.59375 0.474999994 0.59375 0.474999994 0.59375 0.395000011 0.59375 0.435000002 0.59375 0.395000011 0.59375 0.435000002 0.59375 0.395000011 0.59375 0.435000002 0.59375 0.275000006 0.59375 0.275000006 0.59375 0.474999994 0.59375 0.474999994 0.59375 0.474999994 0.59375 0.275000006 0.59375 0.474999994 0.59375 0.275000006 0.59375 0.474999994 0.59375 0.275000006 0.59375 0.474999994 0.59375 0.275000006 0.59375 0.275000006 0.59375 0.275000006 0.59375 0.474999994 0.59375 0.474999994 0.59375 0.474999994 0.59375 0.275000006 0.59375 0.474999994 0.59375 0.275000006 0.59375 0.474999994 0.59375 0.275000006 0.59375 0.474999994 0.59375 0.275000006 0.59375 0.275000006 0.59375 0.275000006 0.59375 0.474999994 0.59375 0.474999994 0.59375 0.474999994 0.59375 0.275000006 0.59375 0.275000006 0.59375 0.275000006 0.59375 0.474999994 0.59375 0.474999994 0.59375 0.474999994 0.59375 0.275000006 0.59375 0.474999994 0.59375 0.275000006 0.59375 0.474999994 0.59375 0.275000006 0.59375 0.474999994 0.59375 0.275000006 0.59375 0.275000006 0.59375 0.275000006 0.59375 0.474999994 0.59375 0.474999994 0.59375 0.474999994 0.59375 0.275000006 0.59375 0.474999994 0.59375 0.275000006 0.59375 0.474999994 0.59375 0.275000006 0.59375 0.474999994 0.59375 0.275000006 0.59375 0.275000006 0.59375 0.474999994 0.59375 0.275000006 0.59375 0.474999994 0.59375 0.275000006 0.59375 0.474999994 0.59375 0.275000006 0.59375 0.474999994 0.59375 0.474999994 0.59375 0.474999994 0.59375 0.275000006 0.59375 0.275000006 0.59375 0.275000006 0.59375 0.275000006 0.59375 0.474999994 0.59375 0.474999994 0.59375 0.474999994 0.59375 0.275000006 0.59375 0.275000006 0.59375 0.275000006 0.59375 0.474999994 0.59375 0.474999994 0.59375 0.474999994 0.59375 0.275000006 0.59375 0.474999994 0.59375 0.275000006 0.59375 0.474999994 0.59375 0.275000006 0.59375 0.474999994 0.59375 0.275000006 0.59375 0.420655906 0.59375 0.4030765 0.59375 0.4030765 0.59375 0.4030765 0.59375 0.420655906 0.59375 0.420655906 0.59375 0.367917687 0.59375 0.275000006 0.59375 0.275000006 0.59375 0.275000006 0.59375 0.367917687 0.59375 0.367917687 0.59375 0.420655906 0.59375 0.4030765 0.59375 0.4030765 0.59375 0.4030765 0.59375 0.420655906 0.59375 0.420655906 0.59375 0.367917687 0.59375 0.275000006 0.59375 0.275000006 0.59375 0.275000006 0.59375 0.367917687 0.59375 0.367917687 0.59375 0.474999994 0.59375 0.455814689 0.59375 0.455814689 0.59375 0.455814689 0.59375 0.474999994 0.59375 0.474999994 0.59375 0.474999994 0.59375 0.455814689 0.59375 0.455814689 0.59375 0.455814689 0.59375 0.474999994 0.59375 0.474999994 0.59375 0.474999994 0.59375 0.455814689 0.59375 0.455814689 0.59375 0.455814689 0.59375 0.474999994 0.59375 0.474999994 0.59375 0.367917687 0.59375 0.275000006 0.59375 0.275000006 0.59375 0.275000006 0.59375 0.367917687 0.59375 0.367917687 0.59375 0.367917687 0.59375 0.275000006 0.59375 0.275000006 0.59375 0.275000006 0.59375 0.367917687 0.59375 0.367917687 0.59375 0.367917687 0.59375 0.275000006 0.59375 0.275000006 0.59375 0.275000006 0.59375 0.367917687 0.59375 0.367917687 0.59375 0.455814689 0.59375 0.474999994 0.59375 0.455814689 0.59375 0.474999994 0.59375 0.455814689 0.59375 0.474999994 0.59375 0.275000006 0.59375 0.367917687 0.59375 0.367917687 0.59375 0.367917687 0.59375 0.275000006 0.59375 0.275000006 0.59375 0.275000006 0.59375 0.367917687 0.59375 0.275000006 0.59375 0.367917687 0.59375 0.275000006 0.59375 0.367917687 0.59375 0.420655906 0.59375 0.4030765 0.59375 0.420655906 0.59375 0.4030765 0.59375 0.420655906 0.59375 0.4030765 0.59375 0.474999994 0.59375 0.455814689 0.59375 0.474999994 0.59375 0.455814689 0.59375 0.474999994 0.59375 0.455814689 0.59375 0.420655906 0.59375 0.4030765 0.59375 0.4030765 0.59375 0.4030765 0.59375 0.420655906 0.59375 0.420655906 0.59375 0.4030765 0.59375 0.420655906 0.59375 0.4030765 0.59375 0.420655906 0.59375 0.4030765 0.59375 0.420655906 0.59375 0.420655906 0.59375 0.4030765 0.59375 0.4030765 0.59375 0.4030765 0.59375 0.420655906 0.59375 0.420655906 0.59375 0.367917687 0.59375 0.275000006 0.59375 0.367917687 0.59375 0.275000006 0.59375 0.367917687 0.59375 0.275000006 0.59375 0.4030765 0.59375 0.420655906 0.59375 0.4030765 0.59375 0.420655906 0.59375 0.4030765 0.59375 0.420655906 0.59375 0.4030765 0.59375 0.420655906 0.59375 0.4030765 0.59375 0.420655906 0.59375 0.4030765 0.59375 0.420655906 0.59375 0.474999994 0.59375 0.455814689 0.59375 0.455814689 0.59375 0.455814689 0.59375 0.474999994 0.59375 0.474999994 0.59375 0.474999994 0.59375 0.455814689 0.59375 0.455814689 0.59375 0.455814689 0.59375 0.474999994 0.59375 0.474999994 0.59375 0.455814689 0.59375 0.474999994 0.59375 0.455814689 0.59375 0.474999994 0.59375 0.455814689 0.59375 0.474999994 0.59375 0.275000006 0.59375 0.474999994 0.59375 0.474999994 0.59375 0.474999994 0.59375 0.275000006 0.59375 0.275000006 0.59375 0.275000006 0.59375 0.474999994 0.59375 0.280157596 0.59375 0.474999994 0.59375 0.275000006 0.59375 0.474999994 0.59375 0.474999994 0.59375 0.280157596 0.59375 0.474999994 0.59375 0.280157596 0.59375 0.474999994 0.59375 0.275000006 0.59375 0.280157596 0.59375 0.474999994 0.59375 0.474999994 0.59375 0.474999994 0.59375 0.280157596 0.59375 0.280157596 0.59375 0.474999994 0.59375 0.474999994 0.59375 0.474999994 0.59375 0.474999994 0.59375 0.474999994 0.59375 0.474999994 0.59375 0.280157596 0.59375 0.474999994 0.59375 0.474999994 0.59375 0.474999994 0.59375 0.280157596 0.59375 0.280157596 0.59375 0.474999994 0.59375 0.474999994 0.59375 0.474999994 0.59375 0.474999994 0.59375 0.474999994 0.59375 0.474999994 0.59375 0.275000006 0.59375 0.474999994 0.59375 0.280157596 0.59375 0.474999994 0.59375 0.275000006 0.59375 0.474999994 0.59375 0.474999994 0.59375 0.280157596 0.59375 0.474999994 0.59375 0.280157596 0.59375 0.474999994 0.59375 0.275000006 0.59375 0.275000006 0.59375 0.474999994 0.59375 0.474999994 0.59375 0.474999994 0.59375 0.275000006 0.59375 0.275000006 0.59375 0.409999996 0.59375 0.409999996 0.59375 0.409999996 0.59375 0.409999996 0.59375 0.409999996 0.59375 0.409999996 0.59375 0.275000006 0.59375 0.275000006 0.59375 0.275000006 0.59375 0.275000006 0.59375 0.275000006 0.59375 0.275000006 0.59375 0.275000006 0.59375 0.275000006 0.59375 0.275000006 0.59375 0.340000004 0.59375 0.409999996 0.59375 0.340000004 0.59375 0.409999996 0.59375 0.340000004 0.59375 0.409999996 0.59375 0.409999996 0.59375 0.340000004 0.59375 0.409999996 0.59375 0.340000004 0.59375 0.409999996 0.59375 0.340000004 0.59375 0.300000012 0.59375 0.300000012 0.59375 0.300000012 0.59375 0.300000012 0.59375 0.300000012 0.59375 0.300000012 0.59375 0.300000012 0.59375 0.300000012 0.59375 0.300000012 0.59375 0.300000012 0.59375 0.300000012 0.59375 0.300000012 0.59375 0.300000012 0.59375 0.300000012 0.59375 0.300000012 0.59375 0.300000012 0.59375 0.275000006 0.59375 0.300000012 0.59375 0.275000006 0.59375 0.300000012 0.59375 0.275000006 0.59375 0.300000012 0.59375 0.275000006 0.59375 0.275000006 0.59375 0.275000006 0.59375 0.300000012 0.59375 0.300000012 0.59375 0.300000012 0.59375 0.275000006 0.59375 0.300000012 0.59375 0.275000006 0.59375 0.300000012 0.59375 0.275000006 0.59375 0.425000012 0.59375 0.340000004 0.59375 0.340000004 0.59375 0.340000004 0.59375 0.425000012 0.59375 0.409999996 0.59375 0.409999996 0.59375 0.425000012 0.59375 0.409999996 0.59375 0.425000012 0.59375 0.409999996 0.59375 0.425000012 0.59375 0.340000004 0.59375 0.409999996 0.59375 0.425000012 0.59375 0.409999996 0.59375 0.340000004 0.59375 0.340000004 0.59375 0.340000004 0.59375 0.425000012 0.59375 0.340000004 0.59375 0.425000012 0.59375 0.340000004 0.59375 0.425000012 0.59375 0.425000012 0.59375 0.425000012 0.59375 0.425000012 0.59375 0.425000012 0.59375 0.425000012 0.59375 0.425000012 0.59375 0.425000012 0.59375 0.340000004 0.59375 0.425000012 0.59375 0.340000004 0.59375 0.425000012 0.59375 0.340000004 0.59375 0.474999994 0.59375 0.474999994 0.59375 0.474999994 0.59375 0.474999994 0.59375 0.474999994 0.59375 0.474999994 0.59375 0.474999994 0.59375 0.474999994 0.59375 0.474999994 0.59375 0.474999994 0.59375 0.474999994 0.59375 0.474999994 0.59375 0.474999994 0.59375 0.474999994 0.59375 0.474999994 0.59375 0.474999994 0.59375 0.474999994 0.59375 0.474999994 0.59375 0.474999994 0.59375 0.474999994 0.59375 0.474999994 0.59375 0.474999994 0.59375 0.474999994 0.59375 0.474999994 0.59375 0.474999994 0.59375 0.275000006 0.59375 0.275000006 0.59375 0.275000006 0.59375 0.474999994 0.59375 0.474999994 0.59375 0.275000006 0.59375 0.275000006 0.59375 0.275000006 0.59375 0.275000006 0.59375 0.275000006 0.59375 0.275000006 0.59375 0.275000006 0.59375 0.275000006 0.59375 0.275000006 0.59375 0.275000006 0.59375 0.275000006 0.59375 0.275000006 0.59375 0.275000006 0.59375 0.474999994 0.59375 0.275000006 0.59375 0.474999994 0.59375 0.275000006 0.59375 0.474999994 0.59375 0.474999994 0.59375 0.275000006 0.59375 0.474999994 0.59375 0.474999994 0.59375 0.275000006 0.59375 0.474999994 0.59375 0.275000006 0.59375 0.474999994 0.59375 0.275000006 0.59375 0.275000006 0.59375 0.474999994 0.59375 0.474999994 0.59375 0.474999994 0.59375 0.275000006 0.59375 0.275000006 0.59375 0.275000006 0.59375 0.474999994 0.59375 0.474999994 0.59375 0.474999994 0.59375 0.275000006 0.59375 0.474999994 0.59375 0.275000006 0.59375 0.474999994 0.59375 0.275000006 0.59375 0.343571395 0.59375 0.343571395 0.59375 0.343571395 0.59375 0.343571395 0.59375 0.343571395 0.59375 0.343571395 0.59375 0.343571395 0.59375 0.343571395 0.59375 0.343571395 0.59375 0.343571395 0.59375 0.343571395 0.59375 0.343571395 0.59375 0.343571395 0.59375 0.286428601 0.59375 0.343571395 0.59375 0.286428601 0.59375 0.343571395 0.59375 0.286428601 0.59375 0.286428601 0.59375 0.343571395 0.59375 0.286428601 0.59375 0.343571395 0.59375 0.286428601 0.59375 0.343571395 0.59375 0.286428601 0.59375 0.286428601 0.59375 0.286428601 0.59375 0.286428601 0.59375 0.286428601 0.59375 0.286428601 0.59375 0.286428601 0.59375 0.286428601 0.59375 0.286428601 0.59375 0.286428601 0.59375 0.286428601 0.59375 0.286428601 0.59375 0.286428601 0.59375 0.354999989 0.59375 0.343571395 0.59375 0.343571395 0.59375 0.354999989 0.59375 0.343571395 0.59375 0.286428601 0.59375 0.275000006 0.59375 0.354999989 0.59375 0.275000006 0.59375 0.286428601 0.59375 0.275000006 0.59375 0.286428601 0.59375 0.275000006 0.59375 0.286428601 0.59375 0.286428601 0.59375 0.286428601 0.59375 0.286428601 0.59375 0.275000006 0.59375 0.286428601 0.59375 0.354999989 0.59375 0.286428601 0.59375 0.286428601 0.59375 0.286428601 0.59375 0.343571395 0.59375 0.286428601 0.59375 0.286428601 0.59375 0.354999989 0.59375 0.286428601 0.59375 0.343571395 0.59375 0.354999989 0.59375 0.343571395 0.59375 0.354999989 0.59375 0.286428601 0.59375 0.343571395 0.59375 0.343571395 0.59375 0.343571395 0.59375 0.354999989 0.59375 0.343571395 0.59375 0.343571395 0.59375 0.354999989 0.59375 0.343571395 0.59375 0.343571395 0.59375 0.354999989 0.59375 0.343571395 0.59375 0.343571395 0.59375 0.354999989 0.59375 0.343571395 0.59375 0.343571395 0.59375 0.343571395 0.59375 0.286428601 0.59375 0.354999989 0.59375 0.343571395 0.59375 0.354999989 0.59375 0.343571395 0.59375 0.286428601 0.59375 0.354999989 0.59375 0.286428601 0.59375 0.286428601 0.59375 0.343571395 0.59375 0.286428601 0.59375 0.286428601 0.59375 0.286428601 0.59375 0.354999989 0.59375 0.286428601 0.59375 0.275000006 0.59375 0.286428601 0.59375 0.286428601 0.59375 0.286428601 0.59375 0.286428601 0.59375 0.275000006 0.59375 0.286428601 0.59375 0.275000006 0.59375 0.286428601 0.59375 0.275000006 0.59375 0.354999989 0.59375 0.275000006 0.59375 0.286428601 0.59375 0.343571395 0.59375 0.354999989 0.59375 0.343571395 0.59375 0.343571395 0.59375 0.354999989 0.59375 0.286428601 0.59375 0.286428601 0.59375 0.286428601 0.59375 0.286428601 0.59375 0.286428601 0.59375 0.286428601 0.59375 0.286428601 0.59375 0.286428601 0.59375 0.286428601 0.59375 0.286428601 0.59375 0.286428601 0.59375 0.286428601 0.59375 0.286428601 0.59375 0.343571395 0.59375 0.286428601 0.59375 0.343571395 0.59375 0.286428601 0.59375 0.343571395 0.59375 0.286428601 0.59375 0.286428601 0.59375 0.343571395 0.59375 0.286428601 0.59375 0.343571395 0.59375 0.286428601 0.59375 0.343571395 0.59375 0.343571395 0.59375 0.343571395 0.59375 0.343571395 0.59375 0.343571395 0.59375 0.343571395 0.59375 0.343571395 0.59375 0.343571395 0.59375 0.343571395 0.59375 0.343571395 0.59375 0.343571395 0.59375 0.343571395 0.59375 0.343571395 0.59375 0.275000006 0.59375 0.474999994 0.59375 0.275000006 0.59375 0.474999994 0.59375 0.275000006 0.59375 0.474999994 0.59375 0.474999994 0.59375 0.474999994 0.59375 0.275000006 0.59375 0.275000006 0.59375 0.275000006 0.59375 0.474999994 0.59375 0.474999994 0.59375 0.474999994 0.59375 0.275000006 0.59375 0.275000006 0.59375 0.474999994 0.59375 0.275000006 0.59375 0.474999994 0.59375 0.275000006 0.59375 0.474999994 0.59375 0.474999994 0.59375 0.275000006 0.59375 0.474999994 0.59375 0.474999994 0.59375 0.275000006 0.59375 0.474999994 0.59375 0.275000006 0.59375 0.474999994 0.59375 0.275000006 0.59375 0.275000006 0.59375 0.275000006 0.59375 0.275000006 0.59375 0.275000006 0.59375 0.275000006 0.59375 0.275000006 0.59375 0.275000006 0.59375 0.275000006 0.59375 0.275000006 0.59375 0.275000006 0.59375 0.275000006 0.59375 0.275000006 0.59375 0.474999994 0.59375 0.474999994 0.59375 0.275000006 0.59375 0.275000006 0.59375 0.275000006 0.59375 0.474999994 0.59375 0.474999994 0.59375 0.474999994 0.59375 0.474999994 0.59375 0.474999994 0.59375 0.474999994 0.59375 0.474999994 0.59375 0.474999994 0.59375 0.474999994 0.59375 0.474999994 0.59375 0.474999994 0.59375 0.474999994 0.59375 0.474999994 0.59375 0.474999994 0.59375 0.474999994 0.59375 0.474999994 0.59375 0.474999994 0.59375 0.474999994 0.59375 0.474999994 0.59375 0.474999994 0.59375 0.474999994 0.59375 0.474999994 0.59375 0.474999994 0.59375 0.474999994 0.59375 0.474999994 0.59375 0.340000004 0.59375 0.425000012 0.59375 0.340000004 0.59375 0.425000012 0.59375 0.340000004 0.59375 0.425000012 0.59375 0.425000012 0.59375 0.425000012 0.59375 0.425000012 0.59375 0.425000012 0.59375 0.425000012 0.59375 0.425000012 0.59375 0.425000012 0.59375 0.340000004 0.59375 0.425000012 0.59375 0.340000004 0.59375 0.425000012 0.59375 0.340000004 0.59375 0.340000004 0.59375 0.340000004 0.59375 0.409999996 0.59375 0.425000012 0.59375 0.409999996 0.59375 0.340000004 0.59375 0.425000012 0.59375 0.409999996 0.59375 0.425000012 0.59375 0.409999996 0.59375 0.425000012 0.59375 0.409999996 0.59375 0.409999996 0.59375 0.425000012 0.59375 0.340000004 0.59375 0.340000004 0.59375 0.340000004 0.59375 0.425000012 0.59375 0.275000006 0.59375 0.300000012 0.59375 0.275000006 0.59375 0.300000012 0.59375 0.275000006 0.59375 0.300000012 0.59375 0.300000012 0.59375 0.300000012 0.59375 0.275000006 0.59375 0.275000006 0.59375 0.275000006 0.59375 0.300000012 0.59375 0.275000006 0.59375 0.300000012 0.59375 0.275000006 0.59375 0.300000012 0.59375 0.275000006 0.59375 0.300000012 0.59375 0.300000012 0.59375 0.300000012 0.59375 0.300000012 0.59375 0.300000012 0.59375 0.300000012 0.59375 0.300000012 0.59375 0.300000012 0.59375 0.300000012 0.59375 0.300000012 0.59375 0.300000012 0.59375 0.300000012 0.59375 0.300000012 0.59375 0.300000012 0.59375 0.300000012 0.59375 0.300000012 0.59375 0.340000004 0.59375 0.409999996 0.59375 0.340000004 0.59375 0.409999996 0.59375 0.340000004 0.59375 0.409999996 0.59375 0.409999996 0.59375 0.340000004 0.59375 0.409999996 0.59375 0.340000004 0.59375 0.409999996 0.59375 0.340000004 0.59375 0.275000006 0.59375 0.275000006 0.59375 0.275000006 0.59375 0.275000006 0.59375 0.275000006 0.59375 0.275000006 0.59375 0.275000006 0.59375 0.275000006 0.59375 0.275000006 0.59375 0.409999996 0.59375 0.409999996 0.59375 0.409999996 0.59375 0.409999996 0.59375 0.409999996 0.59375 0.409999996 0.59375 0.409999996 0.59375 0.409999996 0.59375 0.409999996 0.59375 0.409999996 0.59375 0.409999996 0.59375 0.409999996 0.59375 0.36500001 0.59375 0.36500001 0.59375 0.36500001 0.59375 0.36500001 0.59375 0.36500001 0.59375 0.36500001 0.59375 0.425000012 0.59375 0.425000012 0.59375 0.425000012 0.59375 0.425000012 0.59375 0.425000012 0.59375 0.425000012 0.59375 0.349999994 0.59375 0.349999994 0.59375 0.349999994 0.59375 0.349999994 0.59375 0.349999994 0.59375 0.349999994 0.59375 0.414999992 0.59375 0.425000012 0.59375 0.414999992 0.59375 0.425000012 0.59375 0.414999992 0.59375 0.425000012 0.59375 0.349999994 0.59375 0.360000014 0.59375 0.360000014 0.59375 0.360000014 0.59375 0.349999994 0.59375 0.349999994 0.59375 0.360000014 0.59375 0.349999994 0.59375 0.360000014 0.59375 0.349999994 0.59375 0.360000014 0.59375 0.349999994 0.59375 0.425000012 0.59375 0.414999992 0.59375 0.425000012 0.59375 0.414999992 0.59375 0.425000012 0.59375 0.414999992 0.59375 0.275000006 0.59375 0.300000012 0.59375 0.275000006 0.59375 0.300000012 0.59375 0.275000006 0.59375 0.300000012 0.59375 0.300000012 0.59375 0.275000006 0.59375 0.300000012 0.59375 0.275000006 0.59375 0.300000012 0.59375 0.275000006 0.59375 0.275000006 0.59375 0.275000006 0.59375 0.275000006 0.59375 0.275000006 0.59375 0.275000006 0.59375 0.275000006 0.59375 0.275000006 0.59375 0.275000006 0.59375 0.275000006 0.59375 0.300000012 0.59375 0.300000012 0.59375 0.300000012 0.59375 0.300000012 0.59375 0.300000012 0.59375 0.300000012 0.59375 0.300000012 0.59375 0.300000012 0.59375 0.300000012 0.59375 0.300000012 0.59375 0.300000012 0.59375 0.300000012 0.59375 0.300000012 0.59375 0.300000012 0.59375 0.300000012 0.59375 0.36500001 0.59375 0.409999996 0.59375 0.36500001 0.59375 0.409999996 0.59375 0.36500001 0.59375 0.409999996 0.59375 0.409999996 0.59375 0.36500001 0.59375 0.409999996 0.59375 0.36500001 0.59375 0.409999996 0.59375 0.36500001 0.59375 0.360000014 0.59375 0.414999992 0.59375 0.360000014 0.59375 0.414999992 0.59375 0.360000014 0.59375 0.414999992 0.59375 0.414999992 0.59375 0.360000014 0.59375 0.414999992 0.59375 0.360000014 0.59375 0.414999992 0.59375 0.360000014 0.59375 0.360000014 0.59375 0.349999994 0.59375 0.349999994 0.59375 0.349999994 0.59375 0.360000014 0.59375 0.360000014 0.59375 0.360000014 0.59375 0.360000014 0.59375 0.36500001 0.59375 0.36500001 0.59375 0.360000014 0.59375 0.414999992 0.59375 0.36500001 0.59375 0.360000014 0.59375 0.36500001 0.59375 0.36500001 0.59375 0.414999992 0.59375 0.409999996 0.59375 0.360000014 0.59375 0.36500001 0.59375 0.414999992 0.59375 0.409999996 0.59375 0.414999992 0.59375 0.409999996 0.59375 0.414999992 0.59375 0.36500001 0.59375 0.409999996 0.59375 0.414999992 0.59375 0.409999996 0.59375 0.414999992 0.59375 0.414999992 0.59375 0.414999992 0.59375 0.425000012 0.59375 0.414999992 0.59375 0.425000012 0.59375 0.425000012 0.59375 0.300000012 0.59375 0.275000006 0.59375 0.300000012 0.59375 0.275000006 0.59375 0.300000012 0.59375 0.275000006 0.59375 0.314999998 0.59375 0.343571395 0.59375 0.314999998 0.59375 0.343571395 0.59375 0.314999998 0.59375 0.343571395 0.59375 0.343571395 0.59375 0.343571395 0.59375 0.343571395 0.59375 0.343571395 0.59375 0.343571395 0.59375 0.343571395 0.59375 0.314999998 0.59375 0.314999998 0.59375 0.314999998 0.59375 0.314999998 0.59375 0.314999998 0.59375 0.314999998 0.59375 0.343571395 0.59375 0.314999998 0.59375 0.343571395 0.59375 0.314999998 0.59375 0.343571395 0.59375 0.314999998 0.59375 0.314999998 0.59375 0.354999989 0.59375 0.343571395 0.59375 0.343571395 0.59375 0.354999989 0.59375 0.343571395 0.59375 0.314999998 0.59375 0.303571403 0.59375 0.354999989 0.59375 0.354999989 0.59375 0.343571395 0.59375 0.354999989 0.59375 0.303571403 0.59375 0.314999998 0.59375 0.303571403 0.59375 0.354999989 0.59375 0.314999998 0.59375 0.343571395 0.59375 0.303571403 0.59375 0.314999998 0.59375 0.354999989 0.59375 0.314999998 0.59375 0.303571403 0.59375 0.314999998 0.59375 0.275000006 0.59375 0.409999996 0.59375 0.275000006 0.59375 0.409999996 0.59375 0.275000006 0.59375 0.409999996 0.59375 0.409999996 0.59375 0.275000006 0.59375 0.409999996 0.59375 0.275000006 0.59375 0.409999996 0.59375 0.275000006 0.59375 0.409999996 0.59375 0.409999996 0.59375 0.409999996 0.59375 0.409999996 0.59375 0.409999996 0.59375 0.409999996 0.59375 0.300000012 0.59375 0.414999992 0.59375 0.300000012 0.59375 0.414999992 0.59375 0.300000012 0.59375 0.414999992 0.59375 0.414999992 0.59375 0.300000012 0.59375 0.414999992 0.59375 0.300000012 0.59375 0.414999992 0.59375 0.300000012 0.59375 0.425000012 0.59375 0.425000012 0.59375 0.425000012 0.59375 0.425000012 0.59375 0.425000012 0.59375 0.425000012 0.59375 0.414999992 0.59375 0.425000012 0.59375 0.414999992 0.59375 0.425000012 0.59375 0.414999992 0.59375 0.425000012 0.59375 0.425000012 0.59375 0.414999992 0.59375 0.425000012 0.59375 0.414999992 0.59375 0.425000012 0.59375 0.414999992 0.59375 0.300000012 0.59375 0.275000006 0.59375 0.300000012 0.59375 0.275000006 0.59375 0.300000012 0.59375 0.275000006 0.59375 0.300000012 0.59375 0.275000006 0.59375 0.409999996 0.59375 0.300000012 0.59375 0.409999996 0.59375 0.414999992 0.59375 0.414999992 0.59375 0.409999996 0.59375 0.414999992 0.59375 0.409999996 0.59375 0.414999992 0.59375 0.409999996 0.59375 0.414999992 0.59375 0.414999992 0.59375 0.425000012 0.59375 0.414999992 0.59375 0.425000012 0.59375 0.425000012 0.59375 0.409999996 0.59375 0.300000012 0.59375 0.414999992 0.59375 0.275000006 0.59375 0.300000012 0.59375 0.409999996 0.59375 0.300000012 0.59375 0.275000006 0.59375 0.275000006 0.59375 0.300000012 0.59375 0.275000006 0.59375 0.300000012 0.59375 0.275000006 0.59375 0.275000006 0.59375 0.275000006 0.59375 0.275000006 0.59375 0.275000006 0.59375 0.275000006 0.59375 0.275000006 0.59375 0.275000006 0.59375 0.275000006 0.59375 0.275000006 0.59375 0.275000006 0.59375 0.275000006 0.59375 0.275000006 0.59375 0.275000006 0.59375 0.275000006 0.59375 0.275000006 0.59375 0.275000006 0.59375 0.275000006 0.59375 0.300000012 0.59375 0.300000012 0.59375 0.300000012 0.59375 0.300000012 0.59375 0.300000012 0.59375 0.300000012 0.59375 0.300000012 0.59375 0.300000012 0.59375 0.300000012 0.59375 0.300000012 0.59375 0.300000012 0.59375 0.300000012 0.59375 0.474999994 0.59375 0.474999994 0.59375 0.275000006 0.59375 0.275000006 0.59375 0.275000006 0.59375 0.474999994 0.59375 0.474999994 0.59375 0.474999994 0.59375 0.474999994 0.59375 0.474999994 0.59375 0.474999994 0.59375 0.474999994 0.59375 0.474999994 0.59375 0.275000006 0.59375 0.474999994 0.59375 0.275000006 0.59375 0.474999994 0.59375 0.275000006 0.59375 0.275000006 0.59375 0.474999994 0.59375 0.275000006 0.59375 0.474999994 0.59375 0.275000006 0.59375 0.474999994 0.59375 0.275000006 0.59375 0.275000006 0.59375 0.275000006 0.59375 0.275000006 0.59375 0.275000006 0.59375 0.275000006 0.59375 0.474999994 0.59375 0.474999994 0.59375 0.275000006 0.59375 0.275000006 0.59375 0.275000006 0.59375 0.474999994 0.59375 0.474999994 0.59375 0.474999994 0.59375 0.474999994 0.59375 0.474999994 0.59375 0.474999994 0.59375 0.474999994 0.59375 0.474999994 0.59375 0.275000006 0.59375 0.474999994 0.59375 0.275000006 0.59375 0.474999994 0.59375 0.275000006 0.59375 0.275000006 0.59375 0.474999994 0.59375 0.275000006 0.59375 0.474999994 0.59375 0.275000006 0.59375 0.474999994 0.59375 0.275000006 0.59375 0.275000006 0.59375 0.275000006 0.59375 0.275000006 0.59375 0.275000006 0.59375 0.275000006 0.59375 0.324999988 0.59375 0.425000012 0.59375 0.425000012 0.59375 0.425000012 0.59375 0.324999988 0.59375 0.324999988 0.59375 0.324999988 0.59375 0.425000012 0.59375 0.324999988 0.59375 0.425000012 0.59375 0.324999988 0.59375 0.425000012 0.59375 0.324999988 0.59375 0.425000012 0.59375 0.425000012 0.59375 0.425000012 0.59375 0.324999988 0.59375 0.324999988 0.59375 0.324999988 0.59375 0.425000012 0.59375 0.324999988 0.59375 0.425000012 0.59375 0.324999988 0.59375 0.425000012 0.59375 0.324999988 0.59375 0.425000012 0.59375 0.425000012 0.59375 0.425000012 0.59375 0.324999988 0.59375 0.324999988 0.59375 0.324999988 0.59375 0.425000012 0.59375 0.425000012 0.59375 0.425000012 0.59375 0.324999988 0.59375 0.324999988 0.59375 0.425000012 0.59375 0.324999988 0.59375 0.425000012 0.59375 0.324999988 0.59375 0.425000012 0.59375 0.324999988 0.59375 0.425000012 0.59375 0.324999988 0.59375 0.425000012 0.59375 0.324999988 0.59375 0.425000012 0.59375 0.324999988 0.59375 0.425000012 0.59375 0.425000012 0.59375 0.425000012 0.59375 0.425000012 0.59375 0.425000012 0.59375 0.425000012 0.59375 0.425000012 0.59375 0.425000012 0.59375 0.425000012 0.59375 0.425000012 0.59375 0.425000012 0.59375 0.425000012 0.59375 0.425000012 0.59375 0.425000012 0.59375 0.425000012 0.59375 0.425000012 0.59375 0.425000012 0.59375 0.425000012 0.59375 0.324999988 0.59375 0.324999988 0.59375 0.324999988 0.59375 0.324999988 0.59375 0.324999988 0.59375 0.324999988 0.59375 0.425000012 0.59375 0.425000012 0.59375 0.425000012 0.59375 0.425000012 0.59375 0.425000012 0.59375 0.425000012 0.59375 0.425000012 0.59375 0.324999988 0.59375 0.324999988 0.59375 0.324999988 0.59375 0.425000012 0.59375 0.397222191 0.59375 0.397222191 0.59375 0.425000012 0.59375 0.425000012 0.59375 0.425000012 0.59375 0.324999988 0.59375 0.425000012 0.59375 0.324999988 0.59375 0.425000012 0.59375 0.324999988 0.59375 0.397222191 0.59375 0.324999988 0.59375 0.324999988 0.59375 0.324999988 0.59375 0.397222191 0.59375 0.425000012 0.59375 0.425000012 0.59375 0.397222191 0.59375 0.425000012 0.59375 0.324999988 0.59375 0.397222191 0.59375 0.324999988 0.59375 0.397222191 0.59375 0.324999988 0.59375 0.397222191 0.59375 0.397222191 0.59375 0.425000012 0.59375 0.397222191 0.59375 0.425000012 0.59375 0.397222191 0.59375 0.425000012 0.59375 0.324999988 0.59375 0.425000012 0.59375 0.324999988 0.59375 0.425000012 0.59375 0.324999988 0.59375 0.425000012 0.59375 0.425000012 0.59375 0.324999988 0.59375 0.324999988 0.59375 0.324999988 0.59375 0.425000012 0.59375 0.425000012 0.59375 0.425000012 0.59375 0.324999988 0.59375 0.425000012 0.59375 0.324999988 0.59375 0.425000012 0.59375 0.324999988 0.59375 0.425000012 0.59375 0.324999988 0.59375 0.425000012 0.59375 0.324999988 0.59375 0.425000012 0.59375 0.324999988 0.59375 0.324999988 0.59375 0.425000012 0.59375 0.324999988 0.59375 0.425000012 0.59375 0.324999988 0.59375 0.425000012 0.59375 0.425000012 0.59375 0.324999988 0.59375 0.324999988 0.59375 0.324999988 0.59375 0.425000012 0.59375 0.425000012 0.59375 0.425000012 0.59375 0.324999988 0.59375 0.324999988 0.59375 0.324999988 0.59375 0.425000012 0.59375 0.425000012 0.59375 0.425000012 0.59375 0.324999988 0.59375 0.324999988 0.59375 0.324999988 0.59375 0.425000012 0.59375 0.425000012 0.59375 0.425000012 0.59375 0.425000012 0.59375 0.425000012 0.59375 0.425000012 0.59375 0.425000012 0.59375 0.425000012 0.59375 0.425000012 0.59375 0.425000012 0.59375 0.425000012 0.59375 0.425000012 0.59375 0.425000012 0.59375 0.425000012 0.59375 0.425000012 0.59375 0.425000012 0.59375 0.425000012 0.59375 0.425000012 0.59375 0.425000012 0.59375 0.425000012 0.59375 0.324999988 0.59375 0.324999988 0.59375 0.324999988 0.59375 0.324999988 0.59375 0.324999988 0.59375 0.324999988 0.59375 0.324999988 0.59375 0.324999988 0.59375 0.324999988 0.59375 0.324999988 0.59375 0.324999988 0.59375 0.324999988 0.59375 0.324999988 0.59375 0.324999988 0.59375 0.324999988 0.59375 0.324999988 0.59375 0.324999988 0.59375 0.324999988 0.59375 0.324999988 0.59375 0.425000012 0.59375 0.324999988 0.59375 0.425000012 0.59375 0.324999988 0.59375 0.425000012 0.59375 0.425000012 0.59375 0.324999988 0.59375 0.324999988 0.59375 0.324999988 0.59375 0.425000012 0.59375 0.425000012 0.59375 0.425000012 0.59375 0.324999988 0.59375 0.425000012 0.59375 0.324999988 0.59375 0.425000012 0.59375 0.324999988 0.59375 0.425000012 0.59375 0.324999988 0.59375 0.425000012 0.59375 0.324999988 0.59375 0.425000012 0.59375 0.324999988 0.59375 0.324999988 0.59375 0.425000012 0.59375 0.324999988 0.59375 0.425000012 0.59375 0.324999988 0.59375 0.425000012 0.59375 0.425000012 0.59375 0.324999988 0.59375 0.324999988 0.59375 0.324999988 0.59375 0.425000012 0.59375 0.425000012 0.59375 0.425000012 0.59375 0.324999988 0.59375 0.324999988 0.59375 0.324999988 0.59375 0.425000012 0.59375 0.425000012 0.59375 0.425000012 0.59375 0.324999988 0.59375 0.324999988 0.59375 0.324999988 0.59375 0.425000012 0.59375 0.425000012 0.59375 0.425000012 0.59375 0.425000012 0.59375 0.425000012 0.59375 0.425000012 0.59375 0.425000012 0.59375 0.425000012 0.59375 0.425000012 0.59375 0.425000012 0.59375 0.425000012 0.59375 0.425000012 0.59375 0.425000012 0.59375 0.425000012 0.59375 0.425000012 0.59375 0.425000012 0.59375 0.425000012 0.59375 0.425000012 0.59375 0.425000012 0.59375 0.425000012 0.59375 0.324999988 0.59375 0.324999988 0.59375 0.324999988 0.59375 0.324999988 0.59375 0.324999988 0.59375 0.324999988 0.59375 0.324999988 0.59375 0.324999988 0.59375 0.324999988 0.59375 0.324999988 0.59375 0.324999988 0.59375 0.324999988 0.59375 0.324999988 0.59375 0.324999988 0.59375 0.324999988 0.59375 0.324999988 0.59375 0.324999988 0.59375 0.324999988 0.59375 0.275000006 0.59375 0.409999996 0.59375 0.275000006 0.59375 0.409999996 0.59375 0.275000006 0.59375 0.409999996 0.59375 0.409999996 0.59375 0.275000006 0.59375 0.409999996 0.59375 0.275000006 0.59375 0.409999996 0.59375 0.275000006 0.59375 0.409999996 0.59375 0.409999996 0.59375 0.409999996 0.59375 0.409999996 0.59375 0.409999996 0.59375 0.409999996 0.59375 0.300000012 0.59375 0.300000012 0.59375 0.300000012 0.59375 0.300000012 0.59375 0.300000012 0.59375 0.300000012 0.59375 0.300000012 0.59375 0.414999992 0.59375 0.300000012 0.59375 0.414999992 0.59375 0.300000012 0.59375 0.414999992 0.59375 0.300000012 0.59375 0.275000006 0.59375 0.275000006 0.59375 0.275000006 0.59375 0.300000012 0.59375 0.300000012 0.59375 0.275000006 0.59375 0.300000012 0.59375 0.409999996 0.59375 0.409999996 0.59375 0.300000012 0.59375 0.414999992 0.59375 0.409999996 0.59375 0.414999992 0.59375 0.409999996 0.59375 0.414999992 0.59375 0.409999996 0.59375 0.414999992 0.59375 0.414999992 0.59375 0.414999992 0.59375 0.425000012 0.59375 0.414999992 0.59375 0.425000012 0.59375 0.425000012 0.59375 0.300000012 0.59375 0.409999996 0.59375 0.414999992 0.59375 0.409999996 0.59375 0.300000012 0.59375 0.275000006 0.59375 0.300000012 0.59375 0.275000006 0.59375 0.300000012 0.59375 0.275000006 0.59375 0.300000012 0.59375 0.275000006 0.59375 0.300000012 0.59375 0.300000012 0.59375 0.300000012 0.59375 0.300000012 0.59375 0.300000012 0.59375 0.300000012 0.59375 0.425000012 0.59375 0.425000012 0.59375 0.425000012 0.59375 0.425000012 0.59375 0.425000012 0.59375 0.425000012 0.59375 0.414999992 0.59375 0.300000012 0.59375 0.414999992 0.59375 0.300000012 0.59375 0.414999992 0.59375 0.300000012 0.59375 0.425000012 0.59375 0.414999992 0.59375 0.425000012 0.59375 0.414999992 0.59375 0.425000012 0.59375 0.414999992 0.59375 0.414999992 0.59375 0.425000012 0.59375 0.414999992 0.59375 0.425000012 0.59375 0.414999992 0.59375 0.425000012 0.59375 0.275000006 0.59375 0.275000006 0.59375 0.275000006 0.59375 0.275000006 0.59375 0.275000006 0.59375 0.275000006 0.59375 0.275000006 0.59375 0.275000006 0.59375 0.275000006 0.59375 0.275000006 0.59375 0.275000006 0.59375 0.275000006 0.59375 0.275000006 0.59375 0.275000006 0.59375 0.275000006 0.59375 0.275000006 0.59375 0.275000006 0.59375 0.275000006 0.59375 0.275000006 0.59375 0.275000006 0.59375 0.275000006 0.59375 0.275000006 0.59375 0.275000006 0.59375 0.275000006 0.59375 0.474999994 0.59375 0.275000006 0.59375 0.474999994 0.59375 0.275000006 0.59375 0.474999994 0.59375 0.275000006 0.59375 0.275000006 0.59375 0.474999994 0.59375 0.275000006 0.59375 0.474999994 0.59375 0.275000006 0.59375 0.474999994 0.59375 0.474999994 0.59375 0.474999994 0.59375 0.474999994 0.59375 0.474999994 0.59375 0.474999994 0.59375 0.474999994 0.59375 0.474999994 0.59375 0.275000006 0.59375 0.275000006 0.59375 0.275000006 0.59375 0.474999994 0.59375 0.474999994 0.59375 0.324999988 0.59375 0.425000012 0.59375 0.324999988 0.59375 0.425000012 0.59375 0.324999988 0.59375 0.425000012 0.59375 0.425000012 0.59375 0.324999988 0.59375 0.324999988 0.59375 0.324999988 0.59375 0.425000012 0.59375 0.425000012 0.59375 0.324999988 0.59375 0.425000012 0.59375 0.324999988 0.59375 0.425000012 0.59375 0.324999988 0.59375 0.425000012 0.59375 0.425000012 0.59375 0.425000012 0.59375 0.425000012 0.59375 0.425000012 0.59375 0.425000012 0.59375 0.425000012 0.59375 0.324999988 0.59375 0.324999988 0.59375 0.324999988 0.59375 0.324999988 0.59375 0.324999988 0.59375 0.324999988 0.59375 0.425000012 0.59375 0.324999988 0.59375 0.425000012 0.59375 0.324999988 0.59375 0.425000012 0.59375 0.324999988 0.96875 0.474999994 0.96875 0.474999994 0.96875 0.474999994 0.96875 0.474999994 0.96875 0.474999994 0.96875 0.474999994 0.96875 0.474999994 0.96875 0.300000012 0.96875 0.474999994 0.96875 0.300000012 0.96875 0.474999994 0.96875 0.300000012 0.96875 0.474999994 0.96875 0.474999994 0.96875 0.300000012 0.96875 0.300000012 0.96875 0.300000012 0.96875 0.474999994 0.96875 0.474999994 0.96875 0.300000012 0.96875 0.474999994 0.96875 0.300000012 0.96875 0.474999994 0.96875 0.300000012 0.96875 0.474999994 0.96875 0.474999994 0.96875 0.300000012 0.96875 0.300000012 0.96875 0.300000012 0.96875 0.474999994 0.96875 0.275000006 0.96875 0.275000006 0.96875 0.275000006 0.96875 0.275000006 0.96875 0.275000006 0.96875 0.275000006 0.96875 0.275000006 0.96875 0.275000006 0.96875 0.275000006 0.96875 0.275000006 0.96875 0.275000006 0.96875 0.275000006 0.96875 0.275000006 0.96875 0.275000006 0.96875 0.275000006 0.96875 0.275000006 0.96875 0.275000006 0.96875 0.275000006 0.96875 0.275000006 0.96875 0.275000006 0.96875 0.275000006 0.96875 0.275000006 0.96875 0.275000006 0.96875 0.275000006 0.96875 0.275000006 0.96875 0.275000006 0.96875 0.275000006 0.96875 0.275000006 0.96875 0.275000006 0.96875 0.275000006 0.96875 0.275000006 0.96875 0.275000006 0.96875 0.275000006 0.96875 0.275000006 0.96875 0.275000006 0.96875 0.275000006 0.96875 0.474999994 0.96875 0.300000012 0.96875 0.474999994 0.96875 0.300000012 0.96875 0.474999994 0.96875 0.300000012 0.96875 0.474999994 0.96875 0.474999994 0.96875 0.300000012 0.96875 0.300000012 0.96875 0.300000012 0.96875 0.474999994 0.96875 0.474999994 0.96875 0.300000012 0.96875 0.300000012 0.96875 0.300000012 0.96875 0.474999994 0.96875 0.474999994 0.96875 0.324999988 0.96875 0.425000012 0.96875 0.425000012 0.96875 0.425000012 0.96875 0.324999988 0.96875 0.425000012 0.96875 0.425000012 0.96875 0.324999988 0.96875 0.324999988 0.96875 0.324999988 0.96875 0.425000012 0.96875 0.324999988 0.96875 0.324999988 0.96875 0.425000012 0.96875 0.425000012 0.96875 0.425000012 0.96875 0.324999988 0.96875 0.324999988 0.96875 0.425000012 0.96875 0.324999988 0.96875 0.425000012 0.96875 0.324999988 0.96875 0.425000012 0.96875 0.324999988 0.96875 0.324999988 0.96875 0.425000012 0.96875 0.425000012 0.96875 0.425000012 0.96875 0.324999988 0.96875 0.324999988 0.96875 0.324999988 0.96875 0.425000012 0.96875 0.324999988 0.96875 0.425000012 0.96875 0.324999988 0.96875 0.425000012 0.96875 0.425000012 0.96875 0.324999988 0.96875 0.324999988 0.96875 0.324999988 0.96875 0.425000012 0.96875 0.324999988 0.96875 0.324999988 0.96875 0.425000012 0.96875 0.425000012 0.96875 0.425000012 0.96875 0.324999988 0.96875 0.425000012 0.96875 0.425000012 0.96875 0.324999988 0.96875 0.425000012 0.96875 0.324999988 0.96875 0.425000012 0.96875 0.425000012 0.96875 0.324999988 0.96875 0.425000012 0.96875 0.324999988 0.96875 0.425000012 0.96875 0.324999988 0.96875 0.324999988 0.96875 0.425000012 0.96875 0.324999988 0.96875 0.425000012 0.96875 0.324999988 0.96875 0.425000012 0.96875 0.324999988 0.96875 0.425000012 0.96875 0.324999988 0.96875 0.324999988 0.96875 0.324999988 0.96875 0.425000012 0.96875 0.425000012 0.96875 0.425000012 0.96875 0.324999988 0.96875 0.324999988 0.96875 0.324999988 0.96875 0.425000012 0.96875 0.425000012 0.96875 0.324999988 0.96875 0.425000012 0.96875 0.425000012 0.96875 0.425000012 0.96875 0.324999988 0.96875 0.324999988 0.96875 0.425000012 0.96875 0.324999988 0.96875 0.324999988 0.96875 0.324999988 0.96875 0.425000012 0.96875 0.324999988 0.96875 0.324999988 0.96875 0.425000012 0.96875 0.425000012 0.96875 0.425000012 0.96875 0.324999988 0.96875 0.425000012 0.96875 0.474999994 0.96875 0.300000012 0.96875 0.474999994 0.96875 0.300000012 0.96875 0.474999994 0.96875 0.300000012 0.96875 0.474999994 0.96875 0.360000014 0.96875 0.414999992 0.96875 0.474999994 0.96875 0.414999992 0.96875 0.425000012 0.96875 0.300000012 0.96875 0.360000014 0.96875 0.474999994 0.96875 0.360000014 0.96875 0.300000012 0.96875 0.349999994 0.96875 0.349999994 0.96875 0.300000012 0.96875 0.349999994 0.96875 0.300000012 0.96875 0.349999994 0.96875 0.300000012 0.96875 0.349999994 0.96875 0.300000012 0.96875 0.360000014 0.96875 0.474999994 0.96875 0.425000012 0.96875 0.474999994 0.96875 0.360000014 0.96875 0.300000012 0.96875 0.474999994 0.96875 0.425000012 0.96875 0.474999994 0.96875 0.425000012 0.96875 0.360000014 0.96875 0.474999994 0.96875 0.414999992 0.96875 0.414999992 0.96875 0.474999994 0.96875 0.425000012 0.96875 0.474999994 0.96875 0.300000012 0.96875 0.300000012 0.96875 0.300000012 0.96875 0.474999994 0.96875 0.414999992 0.96875 0.414999992 0.96875 0.474999994 0.96875 0.425000012 0.96875 0.425000012 0.96875 0.474999994 0.96875 0.425000012 0.96875 0.474999994 0.96875 0.425000012 0.96875 0.474999994 0.96875 0.474999994 0.96875 0.414999992 0.96875 0.425000012 0.96875 0.300000012 0.96875 0.414999992 0.96875 0.474999994 0.96875 0.414999992 0.96875 0.300000012 0.96875 0.300000012 0.71875 0.461434901 0.71875 0.321608692 0.71875 0.321608692 0.71875 0.321608692 0.71875 0.461434901 0.71875 0.368217409 0.71875 0.368217409 0.71875 0.321608692 0.71875 0.321608692 0.71875 0.321608692 0.71875 0.368217409 0.71875 0.461434901 0.71875 0.429782897 0.71875 0.381782591 0.71875 0.363695711 0.71875 0.381782591 0.71875 0.429782897 0.71875 0.396043509 0.71875 0.396043509 0.71875 0.429782897 0.71875 0.400565207 0.71875 0.400565207 0.71875 0.429782897 0.71875 0.429087102 0.71875 0.429087102 0.71875 0.429782897 0.71875 0.4336088 0.71875 0.4336088 0.71875 0.429782897 0.71875 0.447869688 0.71875 0.381782591 0.71875 0.429782897 0.71875 0.363695711 0.71875 0.429782897 0.71875 0.381782591 0.71875 0.396043509 0.71875 0.429782897 0.71875 0.396043509 0.71875 0.400565207 0.71875 0.429782897 0.71875 0.400565207 0.71875 0.429087102 0.71875 0.429782897 0.71875 0.429087102 0.71875 0.4336088 0.71875 0.429782897 0.71875 0.4336088 0.71875 0.447869688 0.71875 0.363695711 0.71875 0.381782591 0.71875 0.363695711 0.71875 0.381782591 0.71875 0.363695711 0.71875 0.381782591 0.71875 0.321608692 0.71875 0.461434901 0.71875 0.321608692 0.71875 0.461434901 0.71875 0.321608692 0.71875 0.461434901 0.71875 0.368217409 0.71875 0.321608692 0.71875 0.368217409 0.71875 0.321608692 0.71875 0.368217409 0.71875 0.321608692 0.71875 0.447869688 0.71875 0.429782897 0.71875 0.447869688 0.71875 0.429782897 0.71875 0.447869688 0.71875 0.429782897 0.71875 0.461434901 0.71875 0.377260894 0.71875 0.452391386 0.71875 0.461434901 0.71875 0.452391386 0.71875 0.456913203 0.71875 0.368217409 0.71875 0.377260894 0.71875 0.461434901 0.71875 0.377260894 0.71875 0.368217409 0.71875 0.372739106 0.71875 0.372739106 0.71875 0.368217409 0.71875 0.372739106 0.71875 0.368217409 0.71875 0.372739106 0.71875 0.368217409 0.71875 0.372739106 0.71875 0.368217409 0.71875 0.377260894 0.71875 0.461434901 0.71875 0.456913203 0.71875 0.461434901 0.71875 0.377260894 0.71875 0.368217409 0.71875 0.461434901 0.71875 0.456913203 0.71875 0.461434901 0.71875 0.456913203 0.71875 0.377260894 0.71875 0.461434901 0.71875 0.452391386 0.71875 0.452391386 0.71875 0.461434901 0.71875 0.456913203 0.71875 0.4336088 0.71875 0.452391386 0.71875 0.447869688 0.71875 0.447869688 0.71875 0.452391386 0.71875 0.447869688 0.71875 0.452391386 0.71875 0.447869688 0.71875 0.452391386 0.71875 0.452391386 0.71875 0.4336088 0.71875 0.447869688 0.71875 0.429087102 0.71875 0.4336088 0.71875 0.4336088 0.71875 0.452391386 0.71875 0.429087102 0.71875 0.4336088 0.71875 0.4336088 0.71875 0.429087102 0.71875 0.429087102 0.71875 0.429087102 0.71875 0.452391386 0.71875 0.4336088 0.71875 0.452391386 0.71875 0.400565207 0.71875 0.429087102 0.71875 0.400565207 0.71875 0.452391386 0.71875 0.429087102 0.71875 0.396043509 0.71875 0.400565207 0.71875 0.400565207 0.71875 0.452391386 0.71875 0.396043509 0.71875 0.400565207 0.71875 0.400565207 0.71875 0.396043509 0.71875 0.396043509 0.71875 0.396043509 0.71875 0.452391386 0.71875 0.400565207 0.71875 0.452391386 0.71875 0.381782591 0.71875 0.396043509 0.71875 0.381782591 0.71875 0.452391386 0.71875 0.377260894 0.71875 0.381782591 0.71875 0.452391386 0.71875 0.396043509 0.71875 0.377260894 0.71875 0.381782591 0.71875 0.381782591 0.71875 0.381782591 0.71875 0.377260894 0.71875 0.452391386 0.71875 0.377260894 0.71875 0.381782591 0.71875 0.377260894 0.71875 0.461434901 0.71875 0.321608692 0.71875 0.321608692 0.71875 0.321608692 0.71875 0.461434901 0.71875 0.368217409 0.71875 0.368217409 0.71875 0.321608692 0.71875 0.321608692 0.71875 0.321608692 0.71875 0.368217409 0.71875 0.461434901 0.71875 0.429782897 0.71875 0.381782591 0.71875 0.363695711 0.71875 0.381782591 0.71875 0.429782897 0.71875 0.396043509 0.71875 0.396043509 0.71875 0.429782897 0.71875 0.400565207 0.71875 0.400565207 0.71875 0.429782897 0.71875 0.429087102 0.71875 0.429087102 0.71875 0.429782897 0.71875 0.4336088 0.71875 0.4336088 0.71875 0.429782897 0.71875 0.447869688 0.71875 0.381782591 0.71875 0.429782897 0.71875 0.363695711 0.71875 0.429782897 0.71875 0.381782591 0.71875 0.396043509 0.71875 0.429782897 0.71875 0.396043509 0.71875 0.400565207 0.71875 0.429782897 0.71875 0.400565207 0.71875 0.429087102 0.71875 0.429782897 0.71875 0.429087102 0.71875 0.4336088 0.71875 0.429782897 0.71875 0.4336088 0.71875 0.447869688 0.71875 0.363695711 0.71875 0.381782591 0.71875 0.363695711 0.71875 0.381782591 0.71875 0.363695711 0.71875 0.381782591 0.71875 0.321608692 0.71875 0.461434901 0.71875 0.321608692 0.71875 0.461434901 0.71875 0.321608692 0.71875 0.461434901 0.71875 0.368217409 0.71875 0.321608692 0.71875 0.368217409 0.71875 0.321608692 0.71875 0.368217409 0.71875 0.321608692 0.71875 0.447869688 0.71875 0.429782897 0.71875 0.447869688 0.71875 0.429782897 0.71875 0.447869688 0.71875 0.429782897 0.71875 0.461434901 0.71875 0.377260894 0.71875 0.452391386 0.71875 0.461434901 0.71875 0.452391386 0.71875 0.456913203 0.71875 0.368217409 0.71875 0.377260894 0.71875 0.461434901 0.71875 0.377260894 0.71875 0.368217409 0.71875 0.372739106 0.71875 0.372739106 0.71875 0.368217409 0.71875 0.372739106 0.71875 0.368217409 0.71875 0.372739106 0.71875 0.368217409 0.71875 0.372739106 0.71875 0.368217409 0.71875 0.377260894 0.71875 0.461434901 0.71875 0.456913203 0.71875 0.461434901 0.71875 0.377260894 0.71875 0.368217409 0.71875 0.461434901 0.71875 0.456913203 0.71875 0.461434901 0.71875 0.456913203 0.71875 0.377260894 0.71875 0.461434901 0.71875 0.452391386 0.71875 0.452391386 0.71875 0.461434901 0.71875 0.456913203 0.71875 0.4336088 0.71875 0.452391386 0.71875 0.447869688 0.71875 0.447869688 0.71875 0.452391386 0.71875 0.447869688 0.71875 0.452391386 0.71875 0.447869688 0.71875 0.452391386 0.71875 0.452391386 0.71875 0.4336088 0.71875 0.447869688 0.71875 0.429087102 0.71875 0.4336088 0.71875 0.4336088 0.71875 0.452391386 0.71875 0.429087102 0.71875 0.4336088 0.71875 0.4336088 0.71875 0.429087102 0.71875 0.429087102 0.71875 0.429087102 0.71875 0.452391386 0.71875 0.4336088 0.71875 0.452391386 0.71875 0.400565207 0.71875 0.429087102 0.71875 0.400565207 0.71875 0.452391386 0.71875 0.429087102 0.71875 0.396043509 0.71875 0.400565207 0.71875 0.400565207 0.71875 0.452391386 0.71875 0.396043509 0.71875 0.400565207 0.71875 0.400565207 0.71875 0.396043509 0.71875 0.396043509 0.71875 0.396043509 0.71875 0.452391386 0.71875 0.400565207 0.71875 0.452391386 0.71875 0.381782591 0.71875 0.396043509 0.71875 0.381782591 0.71875 0.452391386 0.71875 0.377260894 0.71875 0.381782591 0.71875 0.452391386 0.71875 0.396043509 0.71875 0.377260894 0.71875 0.381782591 0.71875 0.381782591 0.71875 0.381782591 0.71875 0.377260894 0.71875 0.452391386 0.71875 0.377260894 0.71875 0.381782591 0.71875 0.377260894 0.71875 0.474999994 0.71875 0.300000012 0.71875 0.474999994 0.71875 0.300000012 0.71875 0.474999994 0.71875 0.300000012 0.71875 0.474999994 0.71875 0.474999994 0.71875 0.300000012 0.71875 0.300000012 0.71875 0.300000012 0.71875 0.474999994 0.71875 0.474999994 0.71875 0.300000012 0.71875 0.474999994 0.71875 0.300000012 0.71875 0.474999994 0.71875 0.300000012 0.71875 0.474999994 0.71875 0.474999994 0.71875 0.300000012 0.71875 0.300000012 0.71875 0.300000012 0.71875 0.474999994 0.71875 0.474999994 0.71875 0.300000012 0.71875 0.474999994 0.71875 0.300000012 0.71875 0.474999994 0.71875 0.300000012 0.71875 0.474999994 0.71875 0.474999994 0.71875 0.300000012 0.71875 0.300000012 0.71875 0.300000012 0.71875 0.474999994 0.71875 0.474999994 0.71875 0.300000012 0.71875 0.474999994 0.71875 0.300000012 0.71875 0.474999994 0.71875 0.300000012 0.71875 0.474999994 0.71875 0.474999994 0.71875 0.300000012 0.71875 0.300000012 0.71875 0.300000012 0.71875 0.474999994 0.71875 0.474999994 0.71875 0.300000012 0.71875 0.300000012 0.71875 0.300000012 0.71875 0.474999994 0.71875 0.474999994 0.71875 0.395000011 0.71875 0.395000011 0.71875 0.395000011 0.71875 0.395000011 0.71875 0.395000011 0.71875 0.395000011 0.71875 0.395000011 0.71875 0.395000011 0.71875 0.395000011 0.71875 0.395000011 0.71875 0.395000011 0.71875 0.395000011 0.71875 0.395000011 0.71875 0.395000011 0.71875 0.395000011 0.71875 0.395000011 0.71875 0.395000011 0.71875 0.395000011 0.71875 0.395000011 0.71875 0.395000011 0.71875 0.395000011 0.71875 0.395000011 0.71875 0.395000011 0.71875 0.395000011 0.71875 0.395000011 0.71875 0.395000011 0.71875 0.395000011 0.71875 0.395000011 0.71875 0.395000011 0.71875 0.395000011 0.71875 0.395000011 0.71875 0.395000011 0.71875 0.395000011 0.71875 0.395000011 0.71875 0.395000011 0.71875 0.395000011 0.71875 0.395000011 0.71875 0.395000011 0.71875 0.395000011 0.71875 0.395000011 0.71875 0.395000011 0.71875 0.395000011 0.71875 0.395000011 0.71875 0.395000011 0.71875 0.395000011 0.71875 0.395000011 0.71875 0.395000011 0.71875 0.395000011 0.71875 0.395000011 0.71875 0.395000011 0.71875 0.395000011 0.71875 0.395000011 0.71875 0.395000011 0.71875 0.395000011 0.71875 0.395000011 0.71875 0.395000011 0.71875 0.395000011 0.71875 0.395000011 0.71875 0.395000011 0.71875 0.395000011 0.71875 0.474999994 0.71875 0.275000006 0.71875 0.275000006 0.71875 0.275000006 0.71875 0.474999994 0.71875 0.474999994 0.71875 0.474999994 0.71875 0.275000006 0.71875 0.275000006 0.71875 0.275000006 0.71875 0.474999994 0.71875 0.474999994 0.71875 0.275000006 0.71875 0.275000006 0.71875 0.275000006 0.71875 0.275000006 0.71875 0.275000006 0.71875 0.275000006 0.71875 0.275000006 0.71875 0.275000006 0.71875 0.275000006 0.71875 0.275000006 0.71875 0.275000006 0.71875 0.275000006 0.71875 0.275000006 0.71875 0.275000006 0.71875 0.275000006 0.71875 0.275000006 0.71875 0.275000006 0.71875 0.275000006 0.71875 0.474999994 0.71875 0.275000006 0.71875 0.474999994 0.71875 0.275000006 0.71875 0.474999994 0.71875 0.275000006 0.71875 0.375 0.71875 0.375 0.71875 0.375 0.71875 0.375 0.71875 0.375 0.71875 0.375 0.71875 0.375 0.71875 0.375 0.71875 0.375 0.71875 0.375 0.71875 0.375 0.71875 0.375 0.71875 0.375 0.71875 0.375 0.71875 0.375 0.71875 0.375 0.71875 0.375 0.71875 0.375 0.71875 0.474999994 0.71875 0.275000006 0.71875 0.275000006 0.71875 0.275000006 0.71875 0.474999994 0.71875 0.474999994 0.71875 0.275000006 0.71875 0.474999994 0.71875 0.275000006 0.71875 0.474999994 0.71875 0.275000006 0.71875 0.474999994 0.71875 0.275000006 0.71875 0.474999994 0.71875 0.275000006 0.71875 0.474999994 0.71875 0.275000006 0.71875 0.474999994 0.71875 0.474999994 0.71875 0.275000006 0.71875 0.275000006 0.71875 0.275000006 0.71875 0.474999994 0.71875 0.474999994 0.71875 0.474999994 0.71875 0.275000006 0.71875 0.474999994 0.71875 0.275000006 0.71875 0.474999994 0.71875 0.275000006 0.71875 0.474999994 0.71875 0.375 0.71875 0.375 0.71875 0.375 0.71875 0.474999994 0.71875 0.474999994 0.71875 0.375 0.71875 0.474999994 0.71875 0.375 0.71875 0.474999994 0.71875 0.375 0.71875 0.474999994 0.71875 0.375 0.71875 0.474999994 0.71875 0.375 0.71875 0.474999994 0.71875 0.375 0.71875 0.474999994 0.71875 0.474999994 0.71875 0.375 0.71875 0.474999994 0.71875 0.375 0.71875 0.474999994 0.71875 0.375 0.71875 0.474999994 0.71875 0.375 0.71875 0.375 0.71875 0.375 0.71875 0.474999994 0.71875 0.474999994 0.71875 0.474999994 0.71875 0.375 0.71875 0.375 0.71875 0.375 0.71875 0.474999994 0.71875 0.474999994 0.71875 0.474999994 0.71875 0.375 0.71875 0.474999994 0.71875 0.375 0.71875 0.474999994 0.71875 0.375 0.71875 0.474999994 0.71875 0.375 0.71875 0.375 0.71875 0.375 0.71875 0.474999994 0.71875 0.474999994 0.71875 0.474999994 0.71875 0.474999994 0.71875 0.474999994 0.71875 0.474999994 0.71875 0.474999994 0.71875 0.474999994 0.71875 0.474999994 0.71875 0.474999994 0.71875 0.474999994 0.71875 0.474999994 0.71875 0.474999994 0.71875 0.474999994 0.71875 0.474999994 0.71875 0.474999994 0.71875 0.474999994 0.71875 0.474999994 0.71875 0.474999994 0.71875 0.474999994 0.71875 0.474999994 0.71875 0.474999994 0.71875 0.474999994 0.71875 0.474999994 0.71875 0.474999994 0.71875 0.474999994 0.71875 0.474999994 0.71875 0.474999994 0.71875 0.474999994 0.71875 0.474999994 0.71875 0.474999994 0.71875 0.474999994 0.71875 0.474999994 0.71875 0.474999994 0.71875 0.474999994 0.71875 0.474999994 0.71875 0.474999994 0.71875 0.474999994 0.71875 0.474999994 0.71875 0.474999994 0.71875 0.474999994 0.71875 0.474999994 0.71875 0.474999994 0.71875 0.474999994 0.71875 0.474999994 0.71875 0.474999994 0.71875 0.474999994 0.71875 0.474999994 0.71875 0.474999994 0.71875 0.474999994 0.71875 0.275000006 0.71875 0.474999994 0.71875 0.275000006 0.71875 0.474999994 0.71875 0.275000006 0.71875 0.474999994 0.71875 0.474999994 0.71875 0.275000006 0.71875 0.275000006 0.71875 0.275000006 0.71875 0.474999994 0.71875 0.474999994 0.71875 0.474999994 0.71875 0.474999994 0.71875 0.474999994 0.71875 0.474999994 0.71875 0.474999994 0.71875 0.474999994 0.71875 0.474999994 0.71875 0.474999994 0.71875 0.474999994 0.71875 0.474999994 0.71875 0.474999994 0.71875 0.474999994 0.71875 0.474999994 0.71875 0.474999994 0.71875 0.474999994 0.71875 0.474999994 0.71875 0.474999994 0.71875 0.474999994 0.71875 0.275000006 0.71875 0.474999994 0.71875 0.275000006 0.71875 0.474999994 0.71875 0.275000006 0.71875 0.474999994 0.71875 0.474999994 0.71875 0.275000006 0.71875 0.474999994 0.71875 0.275000006 0.71875 0.474999994 0.71875 0.275000006 0.71875 0.474999994 0.71875 0.275000006 0.71875 0.275000006 0.71875 0.275000006 0.71875 0.474999994 0.71875 0.474999994 0.71875 0.474999994 0.71875 0.275000006 0.71875 0.474999994 0.71875 0.275000006 0.71875 0.474999994 0.71875 0.275000006 0.71875 0.474999994 0.71875 0.275000006 0.71875 0.275000006 0.71875 0.275000006 0.71875 0.474999994 0.71875 0.474999994 0.71875 0.474999994 0.71875 0.275000006 0.71875 0.275000006 0.71875 0.275000006 0.71875 0.474999994 0.71875 0.474999994 0.71875 0.275000006 0.71875 0.275000006 0.71875 0.275000006 0.71875 0.275000006 0.71875 0.275000006 0.71875 0.275000006 0.71875 0.275000006 0.71875 0.275000006 0.71875 0.275000006 0.71875 0.275000006 0.71875 0.275000006 0.71875 0.275000006 0.71875 0.275000006 0.71875 0.275000006 0.71875 0.275000006 0.71875 0.275000006 0.71875 0.275000006 0.71875 0.275000006 0.71875 0.394319504 0.71875 0.371816605 0.71875 0.291136086 0.71875 0.371816605 0.71875 0.394319504 0.71875 0.474999994 0.71875 0.355680496 0.71875 0.275000006 0.71875 0.275000006 0.71875 0.275000006 0.71875 0.355680496 0.71875 0.355680496 0.71875 0.355680496 0.71875 0.291136086 0.71875 0.275000006 0.71875 0.291136086 0.71875 0.355680496 0.71875 0.371816605 0.71875 0.474999994 0.71875 0.291136086 0.71875 0.371816605 0.71875 0.291136086 0.71875 0.474999994 0.71875 0.394319504 0.71875 0.291136086 0.71875 0.355680496 0.71875 0.275000006 0.71875 0.355680496 0.71875 0.291136086 0.71875 0.371816605 0.71875 0.355680496 0.71875 0.474999994 0.71875 0.371816605 0.71875 0.474999994 0.71875 0.355680496 0.71875 0.474999994 0.71875 0.474999994 0.71875 0.355680496 0.71875 0.355680496 0.71875 0.474999994 0.71875 0.355680496 0.71875 0.371816605 0.71875 0.394319504 0.71875 0.291136086 0.71875 0.394319504 0.71875 0.291136086 0.71875 0.394319504 0.71875 0.275000006 0.71875 0.275000006 0.71875 0.394319504 0.71875 0.275000006 0.71875 0.275000006 0.71875 0.394319504 0.71875 0.291136086 0.71875 0.340000004 0.71875 0.340000004 0.71875 0.340000004 0.71875 0.340000004 0.71875 0.340000004 0.71875 0.340000004 0.71875 0.340000004 0.71875 0.300000012 0.71875 0.340000004 0.71875 0.300000012 0.71875 0.340000004 0.71875 0.300000012 0.71875 0.300000012 0.71875 0.340000004 0.71875 0.474999994 0.71875 0.474999994 0.71875 0.340000004 0.71875 0.425000012 0.71875 0.340000004 0.71875 0.300000012 0.71875 0.474999994 0.71875 0.474999994 0.71875 0.425000012 0.71875 0.474999994 0.71875 0.340000004 0.71875 0.474999994 0.71875 0.425000012 0.71875 0.425000012 0.71875 0.474999994 0.71875 0.425000012 0.71875 0.474999994 0.71875 0.300000012 0.71875 0.474999994 0.71875 0.300000012 0.71875 0.474999994 0.71875 0.300000012 0.71875 0.300000012 0.71875 0.474999994 0.71875 0.300000012 0.71875 0.474999994 0.71875 0.300000012 0.71875 0.474999994 0.71875 0.425000012 0.71875 0.474999994 0.71875 0.425000012 0.71875 0.425000012 0.71875 0.474999994 0.71875 0.340000004 0.71875 0.474999994 0.71875 0.425000012 0.71875 0.474999994 0.71875 0.474999994 0.71875 0.300000012 0.71875 0.340000004 0.71875 0.425000012 0.71875 0.340000004 0.71875 0.474999994 0.71875 0.474999994 0.71875 0.340000004 0.71875 0.300000012 0.71875 0.300000012 0.71875 0.340000004 0.71875 0.300000012 0.71875 0.340000004 0.71875 0.300000012 0.71875 0.340000004 0.71875 0.340000004 0.71875 0.340000004 0.71875 0.340000004 0.71875 0.340000004 0.71875 0.340000004 0.71875 0.340000004 0.71875 0.474999994 0.71875 0.300000012 0.71875 0.300000012 0.71875 0.300000012 0.71875 0.474999994 0.71875 0.414999992 0.71875 0.414999992 0.71875 0.474999994 0.71875 0.425000012 0.71875 0.425000012 0.71875 0.474999994 0.71875 0.425000012 0.71875 0.474999994 0.71875 0.425000012 0.71875 0.474999994 0.71875 0.474999994 0.71875 0.414999992 0.71875 0.425000012 0.71875 0.300000012 0.71875 0.414999992 0.71875 0.474999994 0.71875 0.414999992 0.71875 0.300000012 0.71875 0.300000012 0.71875 0.349074095 0.71875 0.2809259 0.71875 0.349074095 0.71875 0.2809259 0.71875 0.349074095 0.71875 0.2809259 0.71875 0.2809259 0.71875 0.2809259 0.71875 0.2809259 0.71875 0.2809259 0.71875 0.2809259 0.71875 0.2809259 0.71875 0.2809259 0.71875 0.349074095 0.71875 0.2809259 0.71875 0.349074095 0.71875 0.2809259 0.71875 0.349074095 0.71875 0.349074095 0.71875 0.2809259 0.71875 0.349074095 0.71875 0.2809259 0.71875 0.349074095 0.71875 0.2809259 0.71875 0.2809259 0.71875 0.349074095 0.71875 0.2809259 0.71875 0.349074095 0.71875 0.2809259 0.71875 0.349074095 0.71875 0.2809259 0.71875 0.349074095 0.71875 0.2809259 0.71875 0.349074095 0.71875 0.2809259 0.71875 0.349074095 0.71875 0.2809259 0.71875 0.2809259 0.71875 0.2809259 0.71875 0.2809259 0.71875 0.2809259 0.71875 0.2809259 0.71875 0.349074095 0.71875 0.349074095 0.71875 0.349074095 0.71875 0.349074095 0.71875 0.349074095 0.71875 0.349074095 0.71875 0.349074095 0.71875 0.349074095 0.71875 0.349074095 0.71875 0.349074095 0.71875 0.349074095 0.71875 0.349074095 0.71875 0.2809259 0.71875 0.354999989 0.71875 0.349074095 0.71875 0.349074095 0.71875 0.354999989 0.71875 0.349074095 0.71875 0.2809259 0.71875 0.275000006 0.71875 0.354999989 0.71875 0.275000006 0.71875 0.2809259 0.71875 0.275000006 0.71875 0.275000006 0.71875 0.2809259 0.71875 0.2809259 0.71875 0.275000006 0.71875 0.2809259 0.71875 0.2809259 0.71875 0.2809259 0.71875 0.354999989 0.71875 0.275000006 0.71875 0.2809259 0.71875 0.2809259 0.71875 0.2809259 0.71875 0.2809259 0.71875 0.2809259 0.71875 0.349074095 0.71875 0.354999989 0.71875 0.2809259 0.71875 0.349074095 0.71875 0.354999989 0.71875 0.349074095 0.71875 0.354999989 0.71875 0.2809259 0.71875 0.349074095 0.71875 0.349074095 0.71875 0.349074095 0.71875 0.354999989 0.71875 0.349074095 0.71875 0.349074095 0.71875 0.354999989 0.71875 0.349074095 0.71875 0.409999996 0.71875 0.275000006 0.71875 0.275000006 0.71875 0.275000006 0.71875 0.409999996 0.71875 0.409999996 </float_array>
          <technique_common>
            <accessor count="4614" offset="0" source="#colormap_1-tex0-array" stride="2">
              <param name="S" type="float" />
              <param name="T" type="float" />
            </accessor>
          </technique_common>
        </source>
        <source id="colormap_1-color0" name="colormap_1-color0">
          <float_array id="colormap_1-color0-array" count="13842"> 1 1 1 1 1 1 1 1 1 1 1 1 1 1 1 1 1 1 1 1 1 1 1 1 1 1 1 1 1 1 1 1 1 1 1 1 1 1 1 1 1 1 1 1 1 1 1 1 1 1 1 1 1 1 1 1 1 1 1 1 1 1 1 1 1 1 1 1 1 1 1 1 1 1 1 1 1 1 1 1 1 1 1 1 1 1 1 1 1 1 1 1 1 1 1 1 1 1 1 1 1 1 1 1 1 1 1 1 1 1 1 1 1 1 1 1 1 1 1 1 1 1 1 1 1 1 1 1 1 1 1 1 1 1 1 1 1 1 1 1 1 1 1 1 1 1 1 1 1 1 1 1 1 1 1 1 1 1 1 1 1 1 1 1 1 1 1 1 1 1 1 1 1 1 1 1 1 1 1 1 1 1 1 1 1 1 1 1 1 1 1 1 1 1 1 1 1 1 1 1 1 1 1 1 1 1 1 1 1 1 1 1 1 1 1 1 1 1 1 1 1 1 1 1 1 1 1 1 1 1 1 1 1 1 1 1 1 1 1 1 1 1 1 1 1 1 1 1 1 1 1 1 1 1 1 1 1 1 1 1 1 1 1 1 1 1 1 1 1 1 1 1 1 1 1 1 1 1 1 1 1 1 1 1 1 1 1 1 1 1 1 1 1 1 1 1 1 1 1 1 1 1 1 1 1 1 1 1 1 1 1 1 1 1 1 1 1 1 1 1 1 1 1 1 1 1 1 1 1 1 1 1 1 1 1 1 1 1 1 1 1 1 1 1 1 1 1 1 1 1 1 1 1 1 1 1 1 1 1 1 1 1 1 1 1 1 1 1 1 1 1 1 1 1 1 1 1 1 1 1 1 1 1 1 1 1 1 1 1 1 1 1 1 1 1 1 1 1 1 1 1 1 1 1 1 1 1 1 1 1 1 1 1 1 1 1 1 1 1 1 1 1 1 1 1 1 1 1 1 1 1 1 1 1 1 1 1 1 1 1 1 1 1 1 1 1 1 1 1 1 1 1 1 1 1 1 1 1 1 1 1 1 1 1 1 1 1 1 1 1 1 1 1 1 1 1 1 1 1 1 1 1 1 1 1 1 1 1 1 1 1 1 1 1 1 1 1 1 1 1 1 1 1 1 1 1 1 1 1 1 1 1 1 1 1 1 1 1 1 1 1 1 1 1 1 1 1 1 1 1 1 1 1 1 1 1 1 1 1 1 1 1 1 1 1 1 1 1 1 1 1 1 1 1 1 1 1 1 1 1 1 1 1 1 1 1 1 1 1 1 1 1 1 1 1 1 1 1 1 1 1 1 1 1 1 1 1 1 1 1 1 1 1 1 1 1 1 1 1 1 1 1 1 1 1 1 1 1 1 1 1 1 1 1 1 1 1 1 1 1 1 1 1 1 1 1 1 1 1 1 1 1 1 1 1 1 1 1 1 1 1 1 1 1 1 1 1 1 1 1 1 1 1 1 1 1 1 1 1 1 1 1 1 1 1 1 1 1 1 1 1 1 1 1 1 1 1 1 1 1 1 1 1 1 1 1 1 1 1 1 1 1 1 1 1 1 1 1 1 1 1 1 1 1 1 1 1 1 1 1 1 1 1 1 1 1 1 1 1 1 1 1 1 1 1 1 1 1 1 1 1 1 1 1 1 1 1 1 1 1 1 1 1 1 1 1 1 1 1 1 1 1 1 1 1 1 1 1 1 1 1 1 1 1 1 1 1 1 1 1 1 1 1 1 1 1 1 1 1 1 1 1 1 1 1 1 1 1 1 1 1 1 1 1 1 1 1 1 1 1 1 1 1 1 1 1 1 1 1 1 1 1 1 1 1 1 1 1 1 1 1 1 1 1 1 1 1 1 1 1 1 1 1 1 1 1 1 1 1 1 1 1 1 1 1 1 1 1 1 1 1 1 1 1 1 1 1 1 1 1 1 1 1 1 1 1 1 1 1 1 1 1 1 1 1 1 1 1 1 1 1 1 1 1 1 1 1 1 1 1 1 1 1 1 1 1 1 1 1 1 1 1 1 1 1 1 1 1 1 1 1 1 1 1 1 1 1 1 1 1 1 1 1 1 1 1 1 1 1 1 1 1 1 1 1 1 1 1 1 1 1 1 1 1 1 1 1 1 1 1 1 1 1 1 1 1 1 1 1 1 1 1 1 1 1 1 1 1 1 1 1 1 1 1 1 1 1 1 1 1 1 1 1 1 1 1 1 1 1 1 1 1 1 1 1 1 1 1 1 1 1 1 1 1 1 1 1 1 1 1 1 1 1 1 1 1 1 1 1 1 1 1 1 1 1 1 1 1 1 1 1 1 1 1 1 1 1 1 1 1 1 1 1 1 1 1 1 1 1 1 1 1 1 1 1 1 1 1 1 1 1 1 1 1 1 1 1 1 1 1 1 1 1 1 1 1 1 1 1 1 1 1 1 1 1 1 1 1 1 1 1 1 1 1 1 1 1 1 1 1 1 1 1 1 1 1 1 1 1 1 1 1 1 1 1 1 1 1 1 1 1 1 1 1 1 1 1 1 1 1 1 1 1 1 1 1 1 1 1 1 1 1 1 1 1 1 1 1 1 1 1 1 1 1 1 1 1 1 1 1 1 1 1 1 1 1 1 1 1 1 1 1 1 1 1 1 1 1 1 1 1 1 1 1 1 1 1 1 1 1 1 1 1 1 1 1 1 1 1 1 1 1 1 1 1 1 1 1 1 1 1 1 1 1 1 1 1 1 1 1 1 1 1 1 1 1 1 1 1 1 1 1 1 1 1 1 1 1 1 1 1 1 1 1 1 1 1 1 1 1 1 1 1 1 1 1 1 1 1 1 1 1 1 1 1 1 1 1 1 1 1 1 1 1 1 1 1 1 1 1 1 1 1 1 1 1 1 1 1 1 1 1 1 1 1 1 1 1 1 1 1 1 1 1 1 1 1 1 1 1 1 1 1 1 1 1 1 1 1 1 1 1 1 1 1 1 1 1 1 1 1 1 1 1 1 1 1 1 1 1 1 1 1 1 1 1 1 1 1 1 1 1 1 1 1 1 1 1 1 1 1 1 1 1 1 1 1 1 1 1 1 1 1 1 1 1 1 1 1 1 1 1 1 1 1 1 1 1 1 1 1 1 1 1 1 1 1 1 1 1 1 1 1 1 1 1 1 1 1 1 1 1 1 1 1 1 1 1 1 1 1 1 1 1 1 1 1 1 1 1 1 1 1 1 1 1 1 1 1 1 1 1 1 1 1 1 1 1 1 1 1 1 1 1 1 1 1 1 1 1 1 1 1 1 1 1 1 1 1 1 1 1 1 1 1 1 1 1 1 1 1 1 1 1 1 1 1 1 1 1 1 1 1 1 1 1 1 1 1 1 1 1 1 1 1 1 1 1 1 1 1 1 1 1 1 1 1 1 1 1 1 1 1 1 1 1 1 1 1 1 1 1 1 1 1 1 1 1 1 1 1 1 1 1 1 1 1 1 1 1 1 1 1 1 1 1 1 1 1 1 1 1 1 1 1 1 1 1 1 1 1 1 1 1 1 1 1 1 1 1 1 1 1 1 1 1 1 1 1 1 1 1 1 1 1 1 1 1 1 1 1 1 1 1 1 1 1 1 1 1 1 1 1 1 1 1 1 1 1 1 1 1 1 1 1 1 1 1 1 1 1 1 1 1 1 1 1 1 1 1 1 1 1 1 1 1 1 1 1 1 1 1 1 1 1 1 1 1 1 1 1 1 1 1 1 1 1 1 1 1 1 1 1 1 1 1 1 1 1 1 1 1 1 1 1 1 1 1 1 1 1 1 1 1 1 1 1 1 1 1 1 1 1 1 1 1 1 1 1 1 1 1 1 1 1 1 1 1 1 1 1 1 1 1 1 1 1 1 1 1 1 1 1 1 1 1 1 1 1 1 1 1 1 1 1 1 1 1 1 1 1 1 1 1 1 1 1 1 1 1 1 1 1 1 1 1 1 1 1 1 1 1 1 1 1 1 1 1 1 1 1 1 1 1 1 1 1 1 1 1 1 1 1 1 1 1 1 1 1 1 1 1 1 1 1 1 1 1 1 1 1 1 1 1 1 1 1 1 1 1 1 1 1 1 1 1 1 1 1 1 1 1 1 1 1 1 1 1 1 1 1 1 1 1 1 1 1 1 1 1 1 1 1 1 1 1 1 1 1 1 1 1 1 1 1 1 1 1 1 1 1 1 1 1 1 1 1 1 1 1 1 1 1 1 1 1 1 1 1 1 1 1 1 1 1 1 1 1 1 1 1 1 1 1 1 1 1 1 1 1 1 1 1 1 1 1 1 1 1 1 1 1 1 1 1 1 1 1 1 1 1 1 1 1 1 1 1 1 1 1 1 1 1 1 1 1 1 1 1 1 1 1 1 1 1 1 1 1 1 1 1 1 1 1 1 1 1 1 1 1 1 1 1 1 1 1 1 1 1 1 1 1 1 1 1 1 1 1 1 1 1 1 1 1 1 1 1 1 1 1 1 1 1 1 1 1 1 1 1 1 1 1 1 1 1 1 1 1 1 1 1 1 1 1 1 1 1 1 1 1 1 1 1 1 1 1 1 1 1 1 1 1 1 1 1 1 1 1 1 1 1 1 1 1 1 1 1 1 1 1 1 1 1 1 1 1 1 1 1 1 1 1 1 1 1 1 1 1 1 1 1 1 1 1 1 1 1 1 1 1 1 1 1 1 1 1 1 1 1 1 1 1 1 1 1 1 1 1 1 1 1 1 1 1 1 1 1 1 1 1 1 1 1 1 1 1 1 1 1 1 1 1 1 1 1 1 1 1 1 1 1 1 1 1 1 1 1 1 1 1 1 1 1 1 1 1 1 1 1 1 1 1 1 1 1 1 1 1 1 1 1 1 1 1 1 1 1 1 1 1 1 1 1 1 1 1 1 1 1 1 1 1 1 1 1 1 1 1 1 1 1 1 1 1 1 1 1 1 1 1 1 1 1 1 1 1 1 1 1 1 1 1 1 1 1 1 1 1 1 1 1 1 1 1 1 1 1 1 1 1 1 1 1 1 1 1 1 1 1 1 1 1 1 1 1 1 1 1 1 1 1 1 1 1 1 1 1 1 1 1 1 1 1 1 1 1 1 1 1 1 1 1 1 1 1 1 1 1 1 1 1 1 1 1 1 1 1 1 1 1 1 1 1 1 1 1 1 1 1 1 1 1 1 1 1 1 1 1 1 1 1 1 1 1 1 1 1 1 1 1 1 1 1 1 1 1 1 1 1 1 1 1 1 1 1 1 1 1 1 1 1 1 1 1 1 1 1 1 1 1 1 1 1 1 1 1 1 1 1 1 1 1 1 1 1 1 1 1 1 1 1 1 1 1 1 1 1 1 1 1 1 1 1 1 1 1 1 1 1 1 1 1 1 1 1 1 1 1 1 1 1 1 1 1 1 1 1 1 1 1 1 1 1 1 1 1 1 1 1 1 1 1 1 1 1 1 1 1 1 1 1 1 1 1 1 1 1 1 1 1 1 1 1 1 1 1 1 1 1 1 1 1 1 1 1 1 1 1 1 1 1 1 1 1 1 1 1 1 1 1 1 1 1 1 1 1 1 1 1 1 1 1 1 1 1 1 1 1 1 1 1 1 1 1 1 1 1 1 1 1 1 1 1 1 1 1 1 1 1 1 1 1 1 1 1 1 1 1 1 1 1 1 1 1 1 1 1 1 1 1 1 1 1 1 1 1 1 1 1 1 1 1 1 1 1 1 1 1 1 1 1 1 1 1 1 1 1 1 1 1 1 1 1 1 1 1 1 1 1 1 1 1 1 1 1 1 1 1 1 1 1 1 1 1 1 1 1 1 1 1 1 1 1 1 1 1 1 1 1 1 1 1 1 1 1 1 1 1 1 1 1 1 1 1 1 1 1 1 1 1 1 1 1 1 1 1 1 1 1 1 1 1 1 1 1 1 1 1 1 1 1 1 1 1 1 1 1 1 1 1 1 1 1 1 1 1 1 1 1 1 1 1 1 1 1 1 1 1 1 1 1 1 1 1 1 1 1 1 1 1 1 1 1 1 1 1 1 1 1 1 1 1 1 1 1 1 1 1 1 1 1 1 1 1 1 1 1 1 1 1 1 1 1 1 1 1 1 1 1 1 1 1 1 1 1 1 1 1 1 1 1 1 1 1 1 1 1 1 1 1 1 1 1 1 1 1 1 1 1 1 1 1 1 1 1 1 1 1 1 1 1 1 1 1 1 1 1 1 1 1 1 1 1 1 1 1 1 1 1 1 1 1 1 1 1 1 1 1 1 1 1 1 1 1 1 1 1 1 1 1 1 1 1 1 1 1 1 1 1 1 1 1 1 1 1 1 1 1 1 1 1 1 1 1 1 1 1 1 1 1 1 1 1 1 1 1 1 1 1 1 1 1 1 1 1 1 1 1 1 1 1 1 1 1 1 1 1 1 1 1 1 1 1 1 1 1 1 1 1 1 1 1 1 1 1 1 1 1 1 1 1 1 1 1 1 1 1 1 1 1 1 1 1 1 1 1 1 1 1 1 1 1 1 1 1 1 1 1 1 1 1 1 1 1 1 1 1 1 1 1 1 1 1 1 1 1 1 1 1 1 1 1 1 1 1 1 1 1 1 1 1 1 1 1 1 1 1 1 1 1 1 1 1 1 1 1 1 1 1 1 1 1 1 1 1 1 1 1 1 1 1 1 1 1 1 1 1 1 1 1 1 1 1 1 1 1 1 1 1 1 1 1 1 1 1 1 1 1 1 1 1 1 1 1 1 1 1 1 1 1 1 1 1 1 1 1 1 1 1 1 1 1 1 1 1 1 1 1 1 1 1 1 1 1 1 1 1 1 1 1 1 1 1 1 1 1 1 1 1 1 1 1 1 1 1 1 1 1 1 1 1 1 1 1 1 1 1 1 1 1 1 1 1 1 1 1 1 1 1 1 1 1 1 1 1 1 1 1 1 1 1 1 1 1 1 1 1 1 1 1 1 1 1 1 1 1 1 1 1 1 1 1 1 1 1 1 1 1 1 1 1 1 1 1 1 1 1 1 1 1 1 1 1 1 1 1 1 1 1 1 1 1 1 1 1 1 1 1 1 1 1 1 1 1 1 1 1 1 1 1 1 1 1 1 1 1 1 1 1 1 1 1 1 1 1 1 1 1 1 1 1 1 1 1 1 1 1 1 1 1 1 1 1 1 1 1 1 1 1 1 1 1 1 1 1 1 1 1 1 1 1 1 1 1 1 1 1 1 1 1 1 1 1 1 1 1 1 1 1 1 1 1 1 1 1 1 1 1 1 1 1 1 1 1 1 1 1 1 1 1 1 1 1 1 1 1 1 1 1 1 1 1 1 1 1 1 1 1 1 1 1 1 1 1 1 1 1 1 1 1 1 1 1 1 1 1 1 1 1 1 1 1 1 1 1 1 1 1 1 1 1 1 1 1 1 1 1 1 1 1 1 1 1 1 1 1 1 1 1 1 1 1 1 1 1 1 1 1 1 1 1 1 1 1 1 1 1 1 1 1 1 1 1 1 1 1 1 1 1 1 1 1 1 1 1 1 1 1 1 1 1 1 1 1 1 1 1 1 1 1 1 1 1 1 1 1 1 1 1 1 1 1 1 1 1 1 1 1 1 1 1 1 1 1 1 1 1 1 1 1 1 1 1 1 1 1 1 1 1 1 1 1 1 1 1 1 1 1 1 1 1 1 1 1 1 1 1 1 1 1 1 1 1 1 1 1 1 1 1 1 1 1 1 1 1 1 1 1 1 1 1 1 1 1 1 1 1 1 1 1 1 1 1 1 1 1 1 1 1 1 1 1 1 1 1 1 1 1 1 1 1 1 1 1 1 1 1 1 1 1 1 1 1 1 1 1 1 1 1 1 1 1 1 1 1 1 1 1 1 1 1 1 1 1 1 1 1 1 1 1 1 1 1 1 1 1 1 1 1 1 1 1 1 1 1 1 1 1 1 1 1 1 1 1 1 1 1 1 1 1 1 1 1 1 1 1 1 1 1 1 1 1 1 1 1 1 1 1 1 1 1 1 1 1 1 1 1 1 1 1 1 1 1 1 1 1 1 1 1 1 1 1 1 1 1 1 1 1 1 1 1 1 1 1 1 1 1 1 1 1 1 1 1 1 1 1 1 1 1 1 1 1 1 1 1 1 1 1 1 1 1 1 1 1 1 1 1 1 1 1 1 1 1 1 1 1 1 1 1 1 1 1 1 1 1 1 1 1 1 1 1 1 1 1 1 1 1 1 1 1 1 1 1 1 1 1 1 1 1 1 1 1 1 1 1 1 1 1 1 1 1 1 1 1 1 1 1 1 1 1 1 1 1 1 1 1 1 1 1 1 1 1 1 1 1 1 1 1 1 1 1 1 1 1 1 1 1 1 1 1 1 1 1 1 1 1 1 1 1 1 1 1 1 1 1 1 1 1 1 1 1 1 1 1 1 1 1 1 1 1 1 1 1 1 1 1 1 1 1 1 1 1 1 1 1 1 1 1 1 1 1 1 1 1 1 1 1 1 1 1 1 1 1 1 1 1 1 1 1 1 1 1 1 1 1 1 1 1 1 1 1 1 1 1 1 1 1 1 1 1 1 1 1 1 1 1 1 1 1 1 1 1 1 1 1 1 1 1 1 1 1 1 1 1 1 1 1 1 1 1 1 1 1 1 1 1 1 1 1 1 1 1 1 1 1 1 1 1 1 1 1 1 1 1 1 1 1 1 1 1 1 1 1 1 1 1 1 1 1 1 1 1 1 1 1 1 1 1 1 1 1 1 1 1 1 1 1 1 1 1 1 1 1 1 1 1 1 1 1 1 1 1 1 1 1 1 1 1 1 1 1 1 1 1 1 1 1 1 1 1 1 1 1 1 1 1 1 1 1 1 1 1 1 1 1 1 1 1 1 1 1 1 1 1 1 1 1 1 1 1 1 1 1 1 1 1 1 1 1 1 1 1 1 1 1 1 1 1 1 1 1 1 1 1 1 1 1 1 1 1 1 1 1 1 1 1 1 1 1 1 1 1 1 1 1 1 1 1 1 1 1 1 1 1 1 1 1 1 1 1 1 1 1 1 1 1 1 1 1 1 1 1 1 1 1 1 1 1 1 1 1 1 1 1 1 1 1 1 1 1 1 1 1 1 1 1 1 1 1 1 1 1 1 1 1 1 1 1 1 1 1 1 1 1 1 1 1 1 1 1 1 1 1 1 1 1 1 1 1 1 1 1 1 1 1 1 1 1 1 1 1 1 1 1 1 1 1 1 1 1 1 1 1 1 1 1 1 1 1 1 1 1 1 1 1 1 1 1 1 1 1 1 1 1 1 1 1 1 1 1 1 1 1 1 1 1 1 1 1 1 1 1 1 1 1 1 1 1 1 1 1 1 1 1 1 1 1 1 1 1 1 1 1 1 1 1 1 1 1 1 1 1 1 1 1 1 1 1 1 1 1 1 1 1 1 1 1 1 1 1 1 1 1 1 1 1 1 1 1 1 1 1 1 1 1 1 1 1 1 1 1 1 1 1 1 1 1 1 1 1 1 1 1 1 1 1 1 1 1 1 1 1 1 1 1 1 1 1 1 1 1 1 1 1 1 1 1 1 1 1 1 1 1 1 1 1 1 1 1 1 1 1 1 1 1 1 1 1 1 1 1 1 1 1 1 1 1 1 1 1 1 1 1 1 1 1 1 1 1 1 1 1 1 1 1 1 1 1 1 1 1 1 1 1 1 1 1 1 1 1 1 1 1 1 1 1 1 1 1 1 1 1 1 1 1 1 1 1 1 1 1 1 1 1 1 1 1 1 1 1 1 1 1 1 1 1 1 1 1 1 1 1 1 1 1 1 1 1 1 1 1 1 1 1 1 1 1 1 1 1 1 1 1 1 1 1 1 1 1 1 1 1 1 1 1 1 1 1 1 1 1 1 1 1 1 1 1 1 1 1 1 1 1 1 1 1 1 1 1 1 1 1 1 1 1 1 1 1 1 1 1 1 1 1 1 1 1 1 1 1 1 1 1 1 1 1 1 1 1 1 1 1 1 1 1 1 1 1 1 1 1 1 1 1 1 1 1 1 1 1 1 1 1 1 1 1 1 1 1 1 1 1 1 1 1 1 1 1 1 1 1 1 1 1 1 1 1 1 1 1 1 1 1 1 1 1 1 1 1 1 1 1 1 1 1 1 1 1 1 1 1 1 1 1 1 1 1 1 1 1 1 1 1 1 1 1 1 1 1 1 1 1 1 1 1 1 1 1 1 1 1 1 1 1 1 1 1 1 1 1 1 1 1 1 1 1 1 1 1 1 1 1 1 1 1 1 1 1 1 1 1 1 1 1 1 1 1 1 1 1 1 1 1 1 1 1 1 1 1 1 1 1 1 1 1 1 1 1 1 1 1 1 1 1 1 1 1 1 1 1 1 1 1 1 1 1 1 1 1 1 1 1 1 1 1 1 1 1 1 1 1 1 1 1 1 1 1 1 1 1 1 1 1 1 1 1 1 1 1 1 1 1 1 1 1 1 1 1 1 1 1 1 1 1 1 1 1 1 1 1 1 1 1 1 1 1 1 1 1 1 1 1 1 1 1 1 1 1 1 1 1 1 1 1 1 1 1 1 1 1 1 1 1 1 1 1 1 1 1 1 1 1 1 1 1 1 1 1 1 1 1 1 1 1 1 1 1 1 1 1 1 1 1 1 1 1 1 1 1 1 1 1 1 1 1 1 1 1 1 1 1 1 1 1 1 1 1 1 1 1 1 1 1 1 1 1 1 1 1 1 1 1 1 1 1 1 1 1 1 1 1 1 1 1 1 1 1 1 1 1 1 1 1 1 1 1 1 1 1 1 1 1 1 1 1 1 1 1 1 1 1 1 1 1 1 1 1 1 1 1 1 1 1 1 1 1 1 1 1 1 1 1 1 1 1 1 1 1 1 1 1 1 1 1 1 1 1 1 1 1 1 1 1 1 1 1 1 1 1 1 1 1 1 1 1 1 1 1 1 1 1 1 1 1 1 1 1 1 1 1 1 1 1 1 1 1 1 1 1 1 1 1 1 1 1 1 1 1 1 1 1 1 1 1 1 1 1 1 1 1 1 1 1 1 1 1 1 1 1 1 1 1 1 1 1 1 1 1 1 1 1 1 1 1 1 1 1 1 1 1 1 1 1 1 1 1 1 1 1 1 1 1 1 1 1 1 1 1 1 1 1 1 1 1 1 1 1 1 1 1 1 1 1 1 1 1 1 1 1 1 1 1 1 1 1 1 1 1 1 1 1 1 1 1 1 1 1 1 1 1 1 1 1 1 1 1 1 1 1 1 1 1 1 1 1 1 1 1 1 1 1 1 1 1 1 1 1 1 1 1 1 1 1 1 1 1 1 1 1 1 1 1 1 1 1 1 1 1 1 1 1 1 1 1 1 1 1 1 1 1 1 1 1 1 1 1 1 1 1 1 1 1 1 1 1 1 1 1 1 1 1 1 1 1 1 1 1 1 1 1 1 1 1 1 1 1 1 1 1 1 1 1 1 1 1 1 1 1 1 1 1 1 1 1 1 1 1 1 1 1 1 1 1 1 1 1 1 1 1 1 1 1 1 1 1 1 1 1 1 1 1 1 1 1 1 1 1 1 1 1 1 1 1 1 1 1 1 1 1 1 1 1 1 1 1 1 1 1 1 1 1 1 1 1 1 1 1 1 1 1 1 1 1 1 1 1 1 1 1 1 1 1 1 1 1 1 1 1 1 1 1 1 1 1 1 1 1 1 1 1 1 1 1 1 1 1 1 1 1 1 1 1 1 1 1 1 1 1 1 1 1 1 1 1 1 1 1 1 1 1 1 1 1 1 1 1 1 1 1 1 1 1 1 1 1 1 1 1 1 1 1 1 1 1 1 1 1 1 1 1 1 1 1 1 1 1 1 1 1 1 1 1 1 1 1 1 1 1 1 1 1 1 1 1 1 1 1 1 1 1 1 1 1 1 1 1 1 1 1 1 1 1 1 1 1 1 1 1 1 1 1 1 1 1 1 1 1 1 1 1 1 1 1 1 1 1 1 1 1 1 1 1 1 1 1 1 1 1 1 1 1 1 1 1 1 1 1 1 1 1 1 1 1 1 1 1 1 1 1 1 1 1 1 1 1 1 1 1 1 1 1 1 1 1 1 1 1 1 1 1 1 1 1 1 1 1 1 1 1 1 1 1 1 1 1 1 1 1 1 1 1 1 1 1 1 1 1 1 1 1 1 1 1 1 1 1 1 1 1 1 1 1 1 1 1 1 1 1 1 1 1 1 1 1 1 1 1 1 1 1 1 1 1 1 1 1 1 1 1 1 1 1 1 1 1 1 1 1 1 1 1 1 1 1 1 1 1 1 1 1 1 1 1 1 1 1 1 1 1 1 1 1 1 1 1 1 1 1 1 1 1 1 1 1 1 1 1 1 1 1 1 1 1 1 1 1 1 1 1 1 1 1 1 1 1 1 1 1 1 1 1 1 1 1 1 1 1 1 1 1 1 1 1 1 1 1 1 1 1 1 1 1 1 1 1 1 1 1 1 1 1 1 1 1 1 1 1 1 1 1 1 1 1 1 1 1 1 1 1 1 1 1 1 1 1 1 1 1 1 1 1 1 1 1 1 1 1 1 1 1 1 1 1 1 1 1 1 1 1 1 1 1 1 1 1 1 1 1 1 1 1 1 1 1 1 1 1 1 1 1 1 1 1 1 1 1 1 1 1 1 1 1 1 1 1 1 1 1 1 1 1 1 1 1 1 1 1 1 1 1 1 1 1 1 1 1 1 1 1 1 1 1 1 1 1 1 1 1 1 1 1 1 1 1 1 1 1 1 1 1 1 1 1 1 1 1 1 1 1 1 1 1 1 1 1 1 1 1 1 1 1 1 1 1 1 1 1 1 1 1 1 1 1 1 1 1 1 1 1 1 1 1 1 1 1 1 1 1 1 1 1 1 1 1 1 1 1 1 1 1 1 1 1 1 1 1 1 1 1 1 1 1 1 1 1 1 1 1 1 1 1 1 1 1 1 1 1 1 1 1 1 1 1 1 1 1 1 1 1 1 1 1 1 1 1 1 1 1 1 1 1 1 1 1 1 1 1 1 1 1 1 1 1 1 1 1 1 1 1 1 1 1 1 1 1 1 1 1 1 1 1 1 1 1 1 1 1 1 1 1 1 1 1 1 1 1 1 1 1 1 1 1 1 1 1 1 1 1 1 1 1 1 1 1 1 1 1 1 1 1 1 1 1 1 1 1 1 1 1 1 1 1 1 1 1 1 1 1 1 1 1 1 1 1 1 1 1 1 1 1 1 1 1 1 1 1 1 1 1 1 1 1 1 1 1 1 1 1 1 1 1 1 1 1 1 1 1 1 1 1 1 1 1 1 1 1 1 1 1 1 1 1 1 1 1 1 1 1 1 1 1 1 1 1 1 1 1 1 1 1 1 1 1 1 1 1 1 1 1 1 1 1 1 1 1 1 1 1 1 1 1 1 1 1 1 1 1 1 1 1 1 1 1 1 1 1 1 1 1 1 1 1 1 1 1 1 1 1 1 1 1 1 1 1 1 1 1 1 1 1 1 1 1 1 1 1 1 1 1 1 1 1 1 1 1 1 1 1 1 1 1 1 1 1 1 1 1 1 1 1 1 1 1 1 1 1 1 1 1 1 1 1 1 1 1 1 1 1 1 1 1 1 1 1 1 1 1 1 1 1 1 1 1 1 1 1 1 1 1 1 1 1 1 1 1 1 1 1 1 1 1 1 1 1 1 1 1 1 1 1 1 1 1 1 1 1 1 1 1 1 1 1 1 1 1 1 1 1 1 1 1 1 1 1 1 1 1 1 1 1 1 1 1 1 1 1 1 1 1 1 1 1 1 1 1 1 1 1 1 1 1 1 1 1 1 1 1 1 1 1 1 1 1 1 1 1 1 1 1 1 1 1 1 1 1 1 1 1 1 1 1 1 1 1 1 1 1 1 1 1 1 1 1 1 1 1 1 1 1 1 1 1 1 1 1 1 1 1 1 1 1 1 1 1 1 1 1 1 1 1 1 1 1 1 1 1 1 1 1 1 1 1 1 1 1 1 1 1 1 1 1 1 1 1 1 1 1 1 1 1 1 1 1 1 1 1 1 1 1 1 1 1 1 1 1 1 1 1 1 1 1 1 1 1 1 1 1 1 1 1 1 1 1 1 1 1 1 1 1 1 1 1 1 1 1 1 1 1 1 1 1 1 1 1 1 1 1 1 1 1 1 1 1 1 1 1 1 1 1 1 1 1 1 1 1 1 1 1 1 1 1 1 1 1 1 1 1 1 1 1 1 1 1 1 1 1 1 1 1 1 1 1 1 1 1 1 1 1 1 1 1 1 1 1 1 1 1 1 1 1 1 1 1 1 1 1 1 1 1 1 1 1 1 1 1 1 1 1 1 1 1 1 1 1 1 1 1 1 1 1 1 1 1 1 1 1 1 1 1 1 1 1 1 1 1 1 1 1 1 1 1 1 1 1 1 1 1 1 1 1 1 1 1 1 1 1 1 1 1 1 1 1 1 1 1 1 1 1 1 1 1 1 1 1 1 1 1 1 1 1 1 1 1 1 1 1 1 1 1 1 1 1 1 1 1 1 1 1 1 1 1 1 1 1 1 1 1 1 1 1 1 1 1 1 1 1 1 1 1 1 1 1 1 1 1 1 1 1 1 1 1 1 1 1 1 1 1 1 1 1 1 1 1 1 1 1 1 1 1 1 1 1 1 1 1 1 1 1 1 1 1 1 1 1 1 1 1 1 1 1 1 1 1 1 1 1 1 1 1 1 1 1 1 1 1 1 1 1 1 1 1 1 1 1 1 1 1 1 1 1 1 1 1 1 1 1 1 1 1 1 1 1 1 1 1 1 1 1 1 1 1 1 1 1 1 1 1 1 1 1 1 1 1 1 1 1 1 1 1 1 1 1 1 1 1 1 1 1 1 1 1 1 1 1 1 1 1 1 1 1 1 1 1 1 1 1 1 1 1 1 1 1 1 1 1 1 1 1 1 1 1 1 1 1 1 1 1 1 1 1 1 1 1 1 1 1 1 1 1 1 1 1 1 1 1 1 1 1 1 1 1 1 1 1 1 1 1 1 1 1 1 1 1 1 1 1 1 1 1 1 1 1 1 1 1 1 1 1 1 1 1 1 1 1 1 1 1 1 1 1 1 1 1 1 1 1 1 1 1 1 1 1 1 1 1 1 1 1 1 1 1 1 1 1 1 1 1 1 1 1 1 1 1 1 1 1 1 1 1 1 1 1 1 1 1 1 1 1 1 1 1 1 1 1 1 1 1 1 1 1 1 1 1 1 1 1 1 1 1 1 1 1 1 1 1 1 1 1 1 1 1 1 1 1 1 1 1 1 1 1 1 1 1 1 1 1 1 1 1 1 1 1 1 1 1 1 1 1 1 1 1 1 1 1 1 1 1 1 1 1 1 1 1 1 1 1 1 1 1 1 1 1 1 1 1 1 1 1 1 1 1 1 1 1 1 1 1 1 1 1 1 1 1 1 1 1 1 1 1 1 1 1 1 1 1 1 1 1 1 1 1 1 1 1 1 1 1 1 1 1 1 1 1 1 1 1 1 1 1 1 1 1 1 1 1 1 1 1 1 1 1 1 1 1 1 1 1 1 1 1 1 1 1 1 1 1 1 1 1 1 1 1 1 1 1 1 1 1 1 1 1 1 1 1 1 1 1 1 1 1 1 1 1 1 1 1 1 1 1 1 1 1 1 1 1 1 1 1 1 1 1 1 1 1 1 1 1 1 1 1 1 1 1 1 1 1 1 1 1 1 1 1 1 1 1 1 1 1 1 1 1 1 1 1 1 1 1 1 1 1 1 1 1 1 1 1 1 1 1 1 1 1 1 1 1 1 1 1 1 1 1 1 1 1 1 1 1 1 1 1 1 1 1 1 1 1 1 1 1 1 1 1 1 1 1 1 1 1 1 1 1 1 1 1 1 1 1 1 1 1 1 1 1 1 1 1 1 1 1 1 1 1 1 1 1 1 1 1 1 1 1 1 1 1 1 1 1 1 1 1 1 1 1 1 1 1 1 1 1 1 1 1 1 1 1 1 1 1 1 1 1 1 1 1 1 1 1 1 1 1 1 1 1 1 1 1 1 1 1 1 1 1 1 1 1 1 1 1 1 1 1 1 1 1 1 1 1 1 1 1 1 1 1 1 1 1 1 1 1 1 1 1 1 1 1 1 1 1 1 1 1 1 1 1 1 1 1 1 1 1 1 1 1 1 1 1 1 1 1 1 1 1 1 1 1 1 1 1 1 1 1 1 1 1 1 1 1 1 1 1 1 1 1 1 1 1 1 1 1 1 1 1 1 1 1 1 1 1 1 1 1 1 1 1 1 1 1 1 1 1 1 1 1 1 1 1 1 1 1 1 1 1 1 1 1 1 1 1 1 1 1 1 1 1 1 1 1 1 1 1 1 1 1 1 1 1 1 1 1 1 1 1 1 1 1 1 1 1 1 1 1 1 1 1 1 1 1 1 1 1 1 1 1 1 1 1 1 1 1 1 1 1 1 1 1 1 1 1 1 1 1 1 1 1 1 1 1 1 1 1 1 1 1 1 1 1 1 1 1 1 1 1 1 1 1 1 1 1 1 1 1 1 1 1 1 1 1 1 1 1 1 1 1 1 1 1 1 1 1 1 1 1 1 1 1 1 1 1 1 1 1 1 1 1 1 1 1 1 1 1 1 1 1 1 1 1 1 1 1 1 1 1 1 1 1 1 1 1 1 1 1 1 1 1 1 1 1 1 1 1 1 1 1 1 1 1 1 1 1 1 1 1 1 1 1 1 1 1 1 1 1 1 1 1 1 1 1 1 1 1 1 1 1 1 1 1 1 1 1 1 1 1 1 1 1 1 1 1 1 1 1 1 1 1 1 1 1 1 1 1 1 1 1 1 1 1 1 1 1 1 1 1 1 1 1 1 1 1 1 1 1 1 1 1 1 1 1 1 1 1 1 1 1 1 1 1 1 1 1 1 1 1 1 1 1 1 1 1 1 1 1 1 1 1 1 1 1 1 1 1 1 1 1 1 1 1 1 1 1 1 1 1 1 1 1 1 1 1 1 1 1 1 1 1 1 1 1 1 1 1 1 1 1 1 1 1 1 1 1 1 1 1 1 1 1 1 1 1 1 1 1 1 1 1 1 1 1 1 1 1 1 1 1 1 1 1 1 1 1 1 1 1 1 1 1 1 1 1 1 1 1 1 1 1 1 1 1 1 1 1 1 1 1 1 1 1 1 1 1 1 1 1 1 1 1 1 1 1 1 1 1 1 1 1 1 1 1 1 1 1 1 1 1 1 1 1 1 1 1 1 1 1 1 1 1 1 1 1 1 1 1 1 1 1 1 1 1 1 1 1 1 1 1 1 1 1 1 1 1 1 1 1 1 1 1 1 1 1 1 1 1 1 1 1 1 1 1 1 1 1 1 1 1 1 1 1 1 1 1 1 1 1 1 1 1 1 1 1 1 1 1 1 1 1 1 1 1 1 1 1 1 1 1 1 1 1 1 1 1 1 1 1 1 1 1 1 1 1 1 1 1 1 1 1 1 1 1 1 1 1 1 1 1 1 1 1 1 1 1 1 1 1 1 1 1 1 1 1 1 1 1 1 1 1 1 1 1 1 1 1 1 1 1 1 1 1 1 1 1 1 1 1 1 1 1 1 1 1 1 1 1 1 1 1 1 1 1 1 1 1 1 1 1 1 1 1 1 1 1 1 1 1 1 1 1 1 1 1 1 1 1 1 1 1 1 1 1 1 1 1 1 1 1 1 1 1 1 1 1 1 1 1 1 1 1 1 1 1 1 1 1 1 1 1 1 1 1 1 1 1 1 1 1 1 1 1 1 1 1 1 1 1 1 1 1 1 1 1 1 1 1 1 1 1 1 1 1 1 1 1 1 1 1 1 1 1 1 1 1 1 1 1 1 1 1 1 1 1 1 1 1 1 1 1 1 1 1 1 1 1 1 1 1 1 1 1 1 1 1 1 1 1 1 1 1 1 1 1 1 1 1 1 1 1 1 1 1 1 1 1 1 1 1 1 1 1 1 1 1 1 1 1 1 1 1 1 1 1 1 1 1 1 1 1 1 1 1 1 1 1 1 1 1 1 1 1 1 1 1 1 1 1 1 1 1 1 1 1 1 1 1 1 1 1 1 1 1 1 1 1 1 1 1 1 1 1 1 1 1 1 1 1 1 1 1 1 1 1 1 1 1 1 1 1 1 1 1 1 1 1 1 1 1 1 1 1 1 1 1 1 1 1 1 1 1 1 1 1 1 1 1 1 1 1 1 1 1 1 1 1 1 1 1 1 1 1 1 1 1 1 1 1 1 1 1 1 1 1 1 1 1 1 1 1 1 1 1 1 1 1 1 1 1 1 1 1 1 1 1 1 1 1 1 1 1 1 1 1 1 1 1 1 1 1 1 1 1 1 1 1 1 1 1 1 1 1 1 1 1 1 1 1 1 1 1 1 1 1 1 1 1 1 1 1 1 1 1 1 1 1 1 1 1 1 1 1 1 1 1 1 1 1 1 1 1 1 1 1 1 1 1 1 1 1 1 1 1 1 1 1 1 1 1 1 1 1 1 1 1 1 1 1 1 1 1 1 1 1 1 1 1 1 1 1 1 1 1 1 1 1 1 1 1 1 1 1 1 1 1 1 1 1 1 1 1 1 1 1 1 1 1 1 1 1 1 1 1 1 1 1 1 1 1 1 1 1 1 1 1 1 1 1 1 1 1 1 1 1 1 1 1 1 1 1 1 1 1 1 1 1 1 1 1 1 1 1 1 1 1 1 1 1 1 1 1 1 1 1 1 1 1 1 1 1 1 1 1 1 1 1 1 1 1 1 1 1 1 1 1 1 1 1 1 1 1 1 1 1 1 1 1 1 1 1 1 1 1 1 1 1 1 1 1 1 1 1 1 1 1 1 1 1 1 1 1 1 1 1 1 1 1 1 1 1 1 1 1 1 1 1 1 1 1 1 1 1 1 1 1 1 1 1 1 1 1 1 1 1 1 1 1 1 1 1 1 1 1 1 1 1 1 1 1 1 1 1 1 1 1 1 1 1 1 1 1 1 1 1 1 1 1 1 1 1 1 1 1 1 1 1 1 1 1 1 1 1 1 1 1 1 1 1 1 1 1 1 1 1 1 1 1 1 1 1 1 1 1 1 1 1 1 1 1 1 1 1 1 1 1 1 1 1 1 1 1 1 1 1 1 1 1 1 1 1 1 1 1 1 1 1 1 1 1 1 1 1 1 1 1 1 1 1 1 1 1 1 1 1 1 1 1 1 1 1 1 1 1 1 1 1 1 1 1 1 1 1 1 1 1 1 1 1 1 1 1 1 1 1 1 1 1 1 1 1 1 1 1 1 1 1 1 1 1 1 1 1 1 1 1 1 1 1 1 1 1 1 1 1 1 1 1 1 1 1 1 1 1 1 1 1 1 1 1 1 1 1 1 1 1 1 1 1 1 1 1 1 1 1 1 1 1 1 1 1 1 1 1 1 1 1 1 1 1 1 1 1 1 1 1 1 1 1 1 1 1 1 1 1 1 1 1 1 1 1 1 1 1 1 1 1 1 1 1 1 1 1 1 1 1 1 1 1 1 1 1 1 1 1 1 1 1 1 1 1 1 1 1 1 1 1 1 1 1 1 1 1 1 1 1 1 1 1 1 1 1 1 1 1 1 1 1 1 1 1 1 1 1 1 1 1 1 1 1 1 1 1 1 1 1 1 1 1 1 1 1 1 1 1 1 1 1 1 1 1 1 1 1 1 1 1 1 1 1 1 1 1 1 1 1 1 1 1 1 1 1 1 1 1 1 1 1 1 1 1 1 1 1 1 1 1 1 1 1 1 1 1 1 1 1 1 1 1 1 1 1 1 1 1 1 1 1 1 1 1 1 1 1 1 1 1 1 1 1 1 1 1 1 1 1 1 1 1 1 1 1 1 1 1 1 1 1 1 1 1 1 1 1 1 1 1 1 1 1 1 1 1 1 1 1 1 1 1 1 1 1 1 1 1 1 1 1 1 1 1 1 1 1 1 1 1 1 1 1 1 1 1 1 1 1 1 1 1 1 1 1 1 1 1 1 1 1 1 1 1 1 1 1 1 1 1 1 1 1 1 1 1 1 1 1 1 1 1 1 1 1 1 1 1 1 1 1 1 1 1 1 1 1 1 1 1 1 1 1 1 1 1 1 1 1 1 1 1 1 1 1 1 1 1 1 1 1 1 1 1 1 1 1 1 1 1 1 1 1 1 1 1 1 1 1 1 1 1 1 1 1 1 1 1 1 1 1 1 1 1 1 1 1 1 1 1 1 1 1 1 1 1 1 1 1 1 1 1 1 1 1 1 1 1 1 1 1 1 1 1 1 1 1 1 1 1 1 1 1 1 1 1 1 1 1 1 1 1 1 1 1 1 1 1 1 1 1 1 1 1 1 1 1 1 1 1 1 1 1 1 1 1 1 1 1 1 1 1 1 1 1 1 1 1 1 1 1 1 1 1 1 1 1 1 1 1 1 1 1 1 1 1 1 1 1 1 1 1 1 1 1 1 1 1 1 1 1 1 1 1 1 1 1 1 1 1 1 1 1 1 1 1 1 1 1 1 1 1 1 1 1 1 1 1 1 1 1 1 1 1 1 1 1 1 1 1 1 1 1 1 1 1 1 1 1 1 1 1 1 1 1 1 1 1 1 1 1 1 1 1 1 1 1 1 1 1 1 1 1 1 1 1 1 1 1 1 1 1 1 1 1 1 1 1 1 1 1 1 1 1 1 1 1 1 1 1 1 1 1 1 1 1 1 1 1 1 1 1 1 1 1 1 1 1 1 1 1 1 1 1 1 1 1 1 1 1 1 1 1 1 1 1 1 1 1 1 1 1 1 1 1 1 1 1 1 1 1 1 1 1 1 1 1 1 1 1 1 1 1 1 1 1 1 1 1 1 1 1 1 1 1 1 1 1 1 1 1 1 1 1 1 1 1 1 1 1 1 1 1 1 1 1 1 1 1 1 1 1 1 1 1 1 1 1 1 1 1 1 1 1 1 1 1 1 1 1 1 1 1 1 1 1 1 1 1 1 1 1 1 1 1 1 1 1 1 1 1 1 1 1 1 1 1 1 1 1 1 1 1 1 1 1 1 1 1 1 1 1 1 1 1 1 1 1 1 1 1 1 1 1 1 1 1 1 1 1 1 1 1 1 1 1 1 1 1 1 1 1 1 1 1 1 1 1 1 1 1 1 1 1 1 1 1 1 1 1 1 1 1 1 1 1 1 1 1 1 1 1 1 1 1 1 1 1 1 1 1 1 1 1 1 1 1 1 1 1 1 1 1 1 1 1 1 1 1 1 1 1 1 1 1 1 1 1 1 1 1 1 1 1 1 1 1 1 1 1 1 1 1 1 1 1 1 1 1 1 1 1 1 1 1 1 1 1 1 1 1 1 1 1 1 1 1 1 1 1 1 1 1 1 1 1 1 1 1 1 1 1 1 1 1 1 1 1 1 1 1 1 1 1 1 1 1 1 1 1 1 1 1 1 1 1 1 1 1 1 1 1 1 1 1 1 1 1 1 1 1 1 1 1 1 1 1 1 1 1 1 1 1 1 1 1 1 1 1 1 1 1 1 1 1 1 1 1 1 1 1 1 1 1 1 1 1 1 1 1 1 1 1 1 1 1 1 1 1 1 1 1 1 1 1 1 1 1 1 1 1 1 1 1 1 1 1 1 1 1 1 1 1 1 1 1 1 1 1 1 1 1 1 1 1 1 1 1 1 1 1 1 1 1 1 1 1 1 1 1 1 1 1 1 1 1 1 1 1 1 1 1 1 1 1 1 1 1 1 1 1 1 1 1 1 1 1 1 1 1 1 1 1 1 1 1 1 1 1 1 1 1 1 1 1 1 1 1 1 1 1 1 1 1 1 1 1 1 1 1 1 1 1 1 1 1 1 1 1 1 1 1 1 1 1 1 1 1 1 1 1 1 1 1 1 1 1 1 1 1 1 1 1 1 1 1 1 1 1 1 1 1 1 1 1 1 1 1 1 1 1 1 1 1 1 1 1 1 1 1 1 1 1 1 1 1 1 1 1 1 1 1 1 1 1 1 1 1 1 1 1 1 1 1 1 1 1 1 1 1 1 1 1 1 1 1 1 1 1 1 1 1 1 1 1 1 1 1 1 1 1 1 1 1 1 1 1 1 1 1 1 1 1 1 1 1 1 1 1 1 1 1 1 1 1 1 1 1 1 1 1 1 1 1 1 1 1 1 1 1 1 1 1 1 1 1 1 1 1 1 1 1 1 1 1 1 1 1 1 1 1 1 1 1 1 1 1 1 1 1 1 1 1 1 1 1 1 1 1 1 1 1 1 1 1 1 1 1 1 1 1 1 1 1 1 1 1 1 1 1 1 1 1 1 1 1 1 1 1 1 1 1 1 1 1 1 1 1 1 1 1 1 1 1 1 1 1 1 1 1 1 1 1 1 1 1 1 1 1 1 1 1 1 1 1 1 1 1 1 1 1 1 1 1 1 1 1 1 1 1 1 1 1 1 1 1 1 1 1 1 1 1 1 1 1 1 1 1 1 1 1 1 1 1 1 1 1 1 1 1 1 1 1 1 1 1 1 1 1 1 1 1 1 1 1 1 1 1 1 1 1 1 1 1 1 1 1 1 1 1 1 1 1 1 1 1 1 1 1 1 1 1 1 1 1 1 1 1 1 1 1 1 1 1 1 1 1 1 1 1 1 1 1 1 1 1 1 1 1 1 1 1 1 1 1 1 1 1 1 1 1 1 1 1 1 1 1 1 1 1 1 1 1 1 1 1 1 1 1 1 1 1 1 1 1 1 1 1 1 1 1 1 1 1 1 1 1 1 1 1 1 1 1 1 1 1 1 1 1 1 1 1 1 1 1 1 1 1 1 1 1 1 1 1 1 1 1 1 1 1 1 1 1 1 1 1 1 1 1 1 1 1 1 1 1 1 1 1 1 1 1 1 1 1 1 1 1 1 1 1 1 1 1 1 1 1 1 1 1 1 1 1 1 1 1 1 1 1 1 1 1 1 1 1 1 1 1 1 1 1 1 1 1 1 1 1 1 1 1 1 1 1 1 1 1 1 1 1 1 1 1 1 1 1 1 1 1 1 1 1 1 1 1 1 1 1 1 1 1 1 1 1 1 1 1 1 1 1 1 1 1 1 1 1 1 1 1 1 1 1 1 1 1 1 1 1 1 1 1 1 1 1 1 1 1 1 1 1 1 1 1 1 1 1 1 1 1 1 1 1 1 1 1 1 1 1 1 1 1 1 1 1 1 1 1 1 1 1 1 1 1 1 1 1 1 1 1 1 1 1 1 1 1 1 1 1 1 1 1 1 1 1 1 1 1 1 1 1 1 1 1 1 1 1 1 1 1 1 1 1 1 1 1 1 1 1 1 1 1 1 1 1 1 1 1 1 1 1 1 1 1 1 1 1 1 1 1 1 1 1 1 1 1 1 1 1 1 1 1 1 1 1 1 1 1 1 1 1 1 1 1 1 1 1 1 1 1 1 1 1 1 1 1 1 1 1 1 1 1 1 1 1 1 1 1 1 1 1 1 1 1 1 1 1 1 1 1 1 1 1 1 1 1 1 1 1 1 1 1 1 1 1 1 1 1 1 1 1 1 1 1 1 1 1 1 1 1 1 1 1 1 1 1 1 1 1 1 1 1 1 1 1 1 1 1 1 1 1 1 1 1 1 1 1 1 1 1 1 1 1 1 1 1 1 1 1 1 1 1 1 1 1 1 1 1 1 1 1 1 1 1 1 1 1 1 1 1 1 1 1 1 1 1 1 1 1 1 1 1 1 1 1 1 1 1 1 1 1 1 1 1 1 1 1 1 1 1 1 1 1 1 1 1 1 1 1 1 1 1 1 1 1 1 1 1 1 1 1 1 1 1 1 1 1 1 1 1 1 1 1 1 1 1 1 1 1 1 1 1 1 1 1 1 1 1 1 1 1 1 1 1 1 1 1 1 1 1 1 1 1 1 1 1 1 1 1 1 1 1 1 1 1 1 1 1 1 1 1 1 1 1 1 1 1 1 1 1 1 1 1 1 1 1 1 1 1 1 1 1 1 1 1 1 1 1 1 1 1 1 1 1 1 1 1 1 1 1 1 1 1 1 1 1 1 1 1 1 1 1 1 1 1 1 1 1 1 1 1 1 1 1 1 1 1 1 1 1 1 1 1 1 1 1 1 1 1 1 1 1 1 1 1 1 1 1 1 1 1 1 1 1 1 1 1 1 1 1 1 1 1 1 1 1 1 1 1 1 1 1 1 1 1 1 1 1 1 1 1 1 1 1 1 1 1 1 1 1 1 1 1 1 1 1 1 1 1 1 1 1 1 1 1 1 1 1 1 1 1 1 1 1 1 1 1 1 1 1 1 1 1 1 1 1 1 1 1 1 1 1 1 1 1 1 1 1 1 1 1 1 1 1 1 1 1 1 1 1 1 1 1 1 1 1 1 1 1 1 1 1 1 1 1 1 1 1 1 1 1 1 1 1 1 1 1 1 1 1 1 1 1 1 1 1 1 1 1 1 1 1 1 1 1 1 1 1 1 1 1 1 1 1 1 1 1 1 1 1 1 1 1 1 1 1 1 1 1 1 1 1 1 1 1 1 1 1 1 1 1 1 1 1 1 1 1 1 1 1 1 1 1 1 1 1 1 1 1 1 1 1 1 1 1 1 1 1 1 1 1 1 1 1 1 1 1 1 1 1 1 1 1 1 1 1 1 1 1 1 1 1 1 1 1 1 1 1 1 1 1 1 1 1 1 1 1 1 1 1 1 1 1 1 1 1 1 1 1 1 1 1 1 1 1 1 1 1 1 1 1 1 1 1 1 1 1 1 1 1 1 1 1 1 1 1 1 1 1 1 1 1 1 1 1 1 1 1 1 1 1 1 1 1 1 1 1 1 1 1 1 1 1 1 1 1 1 1 1 1 1 1 1 1 1 1 1 1 1 1 1 1 1 1 1 1 1 1 1 1 1 1 1 1 1 1 1 1 1 1 1 1 1 1 1 1 1 1 1 1 1 1 1 1 1 1 1 1 1 1 1 1 1 1 1 1 1 1 1 1 1 1 1 1 1 1 1 1 1 1 1 1 1 1 1 1 1 1 1 1 1 1 1 1 1 1 1 1 1 1 1 1 1 1 1 1 1 1 1 1 1 1 1 1 1 1 1 1 1 1 1 1 1 1 1 1 1 1 1 1 1 1 1 1 1 1 1 1 1 1 1 1 1 1 1 1 1 1 1 1 1 1 1 1 1 1 1 1 1 1 1 1 1 1 1 1 1 1 1 1 1 1 1 1 1 1 1 1 1 1 1 1 1 1 1 1 1 1 1 1 1 1 1 1 1 1 1 1 1 1 1 1 1 1 1 1 1 1 1 1 1 1 1 1 1 1 1 1 1 1 1 1 1 1 1 1 1 1 1 1 1 1 1 1 1 1 1 1 1 1 1 1 1 1 1 1 1 1 1 1 1 1 1 1 1 1 1 1 1 1 1 1 1 1 1 1 1 1 1 1 1 1 1 1 1 1 1 1 1 1 1 1 1 1 1 1 1 1 1 1 1 1 1 1 1 1 1 1 1 1 1 1 1 1 1 1 1 1 1 1 1 1 1 1 1 1 1 1 1 1 1 1 1 1 1 1 1 1 1 1 1 1 1 1 1 1 1 1 1 1 1 1 1 1 1 1 1 1 1 1 1 1 1 1 1 1 1 1 1 1 1 1 1 1 1 1 1 1 1 1 1 1 1 1 1 1 1 1 1 1 1 1 1 1 1 1 1 1 1 1 1 1 1 1 1 1 1 1 1 1 1 1 1 1 1 1 1 1 1 1 1 1 1 1 1 1 1 1 1 1 1 1 1 1 1 1 1 1 1 1 1 1 1 1 1 1 1 1 1 1 1 1 1 1 1 1 1 1 1 1 1 1 1 1 1 1 1 1 1 1 1 1 1 1 1 1 1 1 1 1 1 1 1 1 1 1 1 1 1 1 1 1 1 1 1 1 1 1 1 1 1 1 1 1 1 1 1 1 1 1 1 1 1 1 1 1 1 1 1 1 1 1 1 1 1 1 1 1 1 1 1 1 1 1 1 1 1 1 1 1 1 1 1 1 1 1 1 1 1 1 1 1 1 1 1 1 1 1 1 1 1 1 1 1 1 1 1 1 1 1 1 1 1 1 1 1 1 1 1 1 1 1 1 1 1 1 1 1 1 1 1 1 1 1 1 1 1 1 1 1 1 1 1 1 1 1 1 1 1 1 1 1 1 1 1 1 1 1 1 1 1 1 1 1 1 1 1 1 1 1 1 1 1 1 1 1 1 1 1 1 1 1 1 1 1 1 1 1 1 1 1 1 1 1 1 1 1 1 1 1 1 1 1 1 1 1 1 1 1 1 1 1 1 1 1 1 1 1 1 1 1 1 1 1 1 1 1 1 1 1 1 1 1 1 1 1 1 1 1 1 1 1 1 1 1 1 1 1 1 1 1 1 1 1 1 1 1 1 1 1 1 1 1 1 1 1 1 1 1 1 1 1 1 1 1 1 1 1 1 1 1 1 1 1 1 1 1 1 1 1 1 1 1 1 1 1 1 1 1 1 1 1 1 1 1 1 1 1 1 1 1 1 1 1 1 1 1 1 1 1 1 1 1 1 1 1 1 1 1 1 1 1 1 1 1 1 1 1 1 1 1 1 1 1 1 1 1 1 1 1 1 1 1 1 1 1 1 1 1 1 1 1 1 1 1 1 1 1 1 1 1 1 1 1 1 1 1 1 1 1 1 1 1 1 1 1 1 1 1 1 1 1 1 1 1 1 1 1 1 1 1 1 1 1 1 1 1 1 1 1 1 1 1 1 1 1 1 1 1 1 1 1 1 1 1 1 1 1 1 1 1 1 1 1 1 1 1 1 1 1 1 1 1 1 1 1 1 1 1 1 1 1 1 1 1 1 1 1 1 1 1 1 1 1 1 1 1 1 1 1 1 1 1 1 1 1 1 1 1 1 1 1 1 1 1 1 1 1 1 1 1 1 1 1 1 1 1 1 1 1 1 1 1 1 1 1 1 1 1 1 1 1 1 1 1 1 1 1 1 1 1 1 1 1 1 1 1 1 1 1 1 1 1 1 1 1 1 1 1 1 1 1 1 1 1 1 1 1 1 1 1 1 1 1 1 1 1 1 1 1 1 1 1 1 1 1 1 1 1 1 1 1 1 1 1 1 1 1 1 1 1 1 1 1 1 1 1 1 1 1 1 1 1 1 1 1 1 1 1 1 1 1 1 1 1 1 1 1 1 1 1 1 1 1 1 1 1 1 1 1 1 1 1 1 1 1 1 1 1 1 1 1 1 1 1 1 1 1 1 1 1 1 1 1 1 1 1 1 1 1 1 1 1 1 1 1 1 1 1 1 1 1 1 1 1 1 1 1 1 1 1 1 1 1 1 1 1 1 1 1 1 1 1 1 1 1 1 1 1 1 1 1 1 1 1 1 1 1 1 1 1 1 1 1 1 1 1 1 1 1 1 1 1 1 1 1 1 1 1 1 1 1 1 1 1 1 1 1 1 1 1 1 1 1 1 1 1 1 1 1 1 1 1 1 1 1 1 1 1 1 1 1 1 1 1 1 1 1 1 1 1 1 1 1 1 1 1 1 1 1 1 1 1 1 1 1 1 1 1 1 1 1 1 1 1 1 1 1 1 1 1 1 1 1 1 1 1 1 1 1 1 1 1 1 1 1 1 1 1 1 1 1 1 1 1 1 1 1 1 1 1 1 1 1 1 1 1 1 1 1 1 1 1 1 1 1 1 1 1 1 1 1 1 1 1 1 1 1 1 1 1 1 1 1 1 1 1 1 1 1 1 1 1 1 1 1 1 1 1 1 1 1 1 1 1 1 1 1 1 1 1 1 1 1 1 1 1 1 1 1 1 1 1 1 1 1 1 1 1 1 1 1 1 1 1 1 1 1 1 1 1 1 1 1 1 1 1 1 1 1 1 1 1 1 1 1 1 1 1 1 1 1 1 1 1 1 1 1 1 1 1 1 1 1 1 1 1 1 1 1 1 1 1 1 1 1 1 1 1 1 1 1 1 1 1 1 1 1 1 1 1 1 1 1 1 1 1 1 1 1 1 1 1 1 1 1 1 1 1 1 1 1 1 1 1 1 1 1 1 1 1 1 1 1 1 1 1 1 1 1 1 1 1 1 1 1 1 1 1 1 1 1 1 1 1 1 1 1 1 1 1 1 1 1 1 1 1 1 1 1 1 1 1 1 1 1 1 1 1 1 1 1 1 1 1 1 1 1 1 1 1 1 1 1 1 1 1 1 1 1 1 1 1 1 1 1 1 1 1 1 1 1 1 1 1 1 1 1 1 1 1 1 1 1 1 1 1 1 1 1 1 1 1 1 1 1 1 1 1 1 1 1 1 1 1 1 1 1 1 1 1 1 1 1 1 1 1 1 1 1 1 1 1 1 1 1 1 1 1 1 1 1 1 1 1 1 1 1 1 1 1 1 1 1 1 1 1 1 1 1 1 1 1 1 1 1 1 1 1 1 1 1 1 1 1 1 1 1 1 1 1 1 1 1 1 1 1 1 1 1 1 1 1 1 1 1 1 1 1 1 1 1 1 1 1 1 1 1 1 1 1 1 1 1 1 1 1 1 1 1 1 1 1 1 1 1 1 1 1 1 1 1 1 1 1 1 1 1 1 1 1 1 1 1 1 1 1 1 1 1 1 1 1 1 1 1 1 1 1 1 1 1 1 1 1 1 1 1 1 1 1 1 1 1 1 1 1 1 1 1 1 1 1 1 1 1 1 1 1 1 1 1 1 1 1 1 1 1 1 1 1 1 1 1 1 1 1 1 1 1 1 1 1 1 1 1 1 1 1 1 1 1 1 1 1 1 1 1 1 1 1 1 1 1 1 1 1 1 1 1 1 1 1 1 1 1 1 1 1 1 1 1 1 1 1 1 1 1 1 1 1 1 1 1 1 1 1 1 1 1 1 1 1 1 1 1 1 1 1 1 1 1 1 1 1 1 1 1 1 1 1 1 1 1 1 1 1 1 1 1 1 1 1 1 1 1 1 1 1 1 1 1 1 1 1 1 1 1 1 1 1 1 1 1 1 1 1 1 1 1 1 1 1 1 1 1 1 1 1 1 1 1 1 1 1 1 1 1 1 1 1 1 1 1 1 1 1 1 1 1 1 1 1 1 1 1 1 1 1 1 1 1 1 1 1 1 1 1 1 1 1 1 1 1 1 1 1 1 1 1 1 1 1 1 1 1 1 1 1 1 1 1 1 1 1 1 1 1 1 1 1 1 1 1 1 1 1 1 1 1 1 1 1 1 1 1 1 1 1 1 1 1 1 1 1 1 1 1 1 1 1 1 1 1 1 1 1 1 1 1 1 1 1 1 1 1 1 1 1 1 1 1 1 1 1 1 1 1 1 1 1 1 1 1 1 1 1 1 1 1 1 1 1 1 1 1 1 1 1 1 1 1 1 1 1 1 1 1 1 1 1 1 1 1 1 1 1 1 1 1 1 1 1 1 1 1 1 1 1 1 1 1 1 1 1 1 1 1 1 1 1 1 1 1 1 1 1 1 1 1 1 1 1 1 1 1 1 1 1 1 1 1 1 1 1 1 1 1 1 1 1 1 1 1 1 1 1 1 1 1 1 1 1 1 1 1 1 1 1 1 1 1 1 1 1 1 1 1 1 1 1 1 1 1 1 1 1 1 1 1 1 1 1 1 1 1 1 1 1 1 1 1 1 1 1 1 1 1 1 1 1 1 1 1 1 1 1 1 1 1 1 1 1 1 1 1 1 1 1 1 1 1 1 1 1 1 1 1 1 1 1 1 1 1 1 1 1 1 1 1 1 1 1 1 1 1 1 1 1 1 1 1 1 1 1 1 1 1 1 1 1 1 1 1 1 1 1 1 1 1 1 1 1 1 1 1 1 1 1 1 1 1 1 1 1 1 1 1 1 1 1 1 1 1 1 1 1 1 1 1 1 1 1 1 1 1 1 1 1 1 1 1 1 1 1 1 1 1 1 1 1 1 1 1 1 1 1 1 1 1 1 1 1 1 1 1 1 1 1 1 1 1 1 1 1 1 1 1 1 1 1 1 1 1 1 1 1 1 1 1 1 1 1 1 1 1 1 1 1 1 1 1 1 1 1 1 1 1 1 1 1 1 1 1 1 1 1 1 1 1 1 1 1 1 1 1 1 1 1 1 1 1 1 1 1 1 1 1 1 1 1 1 1 1 1 1 1 1 1 1 1 1 1 1 1 1 1 1 1 1 1 1 1 1 1 1 1 1 1 1 1 1 1 1 1 1 1 1 1 1 1 1 1 1 1 1 1 1 1 1 1 1 1 1 1 1 1 1 1 1 1 1 1 1 1 1 1 1 1 1 1 1 1 1 1 1 1 1 1 1 1 1 1 1 1 1 1 1 1 1 1 1 1 1 1 1 1 1 1 1 1 1 1 1 1 1 1 1 1 1 1 1 1 1 1 1 1 1 1 1 1 1 1 1 1 1 1 1 1 1 1 1 1 1 1 1 1 1 1 1 1 1 1 1 1 1 1 1 1 1 1 1 1 1 1 1 1 1 1 1 1 1 1 1 1 1 1 1 1 1 1 1 1 1 1 1 1 1 1 1 1 1 1 1 1 1 1 1 1 1 1 1 1 1 1 1 1 1 1 1 1 1 1 1 1 1 1 1 1 1 1 1 1 1 1 1 1 1 1 1 1 1 1 1 1 1 1 1 1 1 1 1 1 1 1 1 1 1 1 1 1 1 1 1 1 1 1 1 1 1 1 1 1 1 1 1 1 1 1 1 1 1 1 1 1 1 1 1 1 1 1 1 1 1 1 1 1 1 1 1 1 1 1 1 1 1 1 1 1 1 1 1 1 1 1 1 1 1 1 1 1 1 1 1 1 1 1 1 1 1 1 1 1 1 1 </float_array>
          <technique_common>
            <accessor count="4614" offset="0" source="#colormap_1-color0-array" stride="3">
              <param name="R" type="float" />
              <param name="G" type="float" />
              <param name="B" type="float" />
            </accessor>
          </technique_common>
        </source>
        <vertices id="colormap_1-vertices">
          <input semantic="POSITION" source="#colormap_1-positions" />
        </vertices>
        <polylist count="1538" material="defaultMaterial">
          <input offset="0" semantic="VERTEX" source="#colormap_1-vertices" />
          <input offset="0" semantic="NORMAL" source="#colormap_1-normals" />
          <input offset="0" semantic="TEXCOORD" source="#colormap_1-tex0" set="0" />
          <input offset="0" semantic="COLOR" source="#colormap_1-color0" set="0" />
          <vcount>3 3 3 3 3 3 3 3 3 3 3 3 3 3 3 3 3 3 3 3 3 3 3 3 3 3 3 3 3 3 3 3 3 3 3 3 3 3 3 3 3 3 3 3 3 3 3 3 3 3 3 3 3 3 3 3 3 3 3 3 3 3 3 3 3 3 3 3 3 3 3 3 3 3 3 3 3 3 3 3 3 3 3 3 3 3 3 3 3 3 3 3 3 3 3 3 3 3 3 3 3 3 3 3 3 3 3 3 3 3 3 3 3 3 3 3 3 3 3 3 3 3 3 3 3 3 3 3 3 3 3 3 3 3 3 3 3 3 3 3 3 3 3 3 3 3 3 3 3 3 3 3 3 3 3 3 3 3 3 3 3 3 3 3 3 3 3 3 3 3 3 3 3 3 3 3 3 3 3 3 3 3 3 3 3 3 3 3 3 3 3 3 3 3 3 3 3 3 3 3 3 3 3 3 3 3 3 3 3 3 3 3 3 3 3 3 3 3 3 3 3 3 3 3 3 3 3 3 3 3 3 3 3 3 3 3 3 3 3 3 3 3 3 3 3 3 3 3 3 3 3 3 3 3 3 3 3 3 3 3 3 3 3 3 3 3 3 3 3 3 3 3 3 3 3 3 3 3 3 3 3 3 3 3 3 3 3 3 3 3 3 3 3 3 3 3 3 3 3 3 3 3 3 3 3 3 3 3 3 3 3 3 3 3 3 3 3 3 3 3 3 3 3 3 3 3 3 3 3 3 3 3 3 3 3 3 3 3 3 3 3 3 3 3 3 3 3 3 3 3 3 3 3 3 3 3 3 3 3 3 3 3 3 3 3 3 3 3 3 3 3 3 3 3 3 3 3 3 3 3 3 3 3 3 3 3 3 3 3 3 3 3 3 3 3 3 3 3 3 3 3 3 3 3 3 3 3 3 3 3 3 3 3 3 3 3 3 3 3 3 3 3 3 3 3 3 3 3 3 3 3 3 3 3 3 3 3 3 3 3 3 3 3 3 3 3 3 3 3 3 3 3 3 3 3 3 3 3 3 3 3 3 3 3 3 3 3 3 3 3 3 3 3 3 3 3 3 3 3 3 3 3 3 3 3 3 3 3 3 3 3 3 3 3 3 3 3 3 3 3 3 3 3 3 3 3 3 3 3 3 3 3 3 3 3 3 3 3 3 3 3 3 3 3 3 3 3 3 3 3 3 3 3 3 3 3 3 3 3 3 3 3 3 3 3 3 3 3 3 3 3 3 3 3 3 3 3 3 3 3 3 3 3 3 3 3 3 3 3 3 3 3 3 3 3 3 3 3 3 3 3 3 3 3 3 3 3 3 3 3 3 3 3 3 3 3 3 3 3 3 3 3 3 3 3 3 3 3 3 3 3 3 3 3 3 3 3 3 3 3 3 3 3 3 3 3 3 3 3 3 3 3 3 3 3 3 3 3 3 3 3 3 3 3 3 3 3 3 3 3 3 3 3 3 3 3 3 3 3 3 3 3 3 3 3 3 3 3 3 3 3 3 3 3 3 3 3 3 3 3 3 3 3 3 3 3 3 3 3 3 3 3 3 3 3 3 3 3 3 3 3 3 3 3 3 3 3 3 3 3 3 3 3 3 3 3 3 3 3 3 3 3 3 3 3 3 3 3 3 3 3 3 3 3 3 3 3 3 3 3 3 3 3 3 3 3 3 3 3 3 3 3 3 3 3 3 3 3 3 3 3 3 3 3 3 3 3 3 3 3 3 3 3 3 3 3 3 3 3 3 3 3 3 3 3 3 3 3 3 3 3 3 3 3 3 3 3 3 3 3 3 3 3 3 3 3 3 3 3 3 3 3 3 3 3 3 3 3 3 3 3 3 3 3 3 3 3 3 3 3 3 3 3 3 3 3 3 3 3 3 3 3 3 3 3 3 3 3 3 3 3 3 3 3 3 3 3 3 3 3 3 3 3 3 3 3 3 3 3 3 3 3 3 3 3 3 3 3 3 3 3 3 3 3 3 3 3 3 3 3 3 3 3 3 3 3 3 3 3 3 3 3 3 3 3 3 3 3 3 3 3 3 3 3 3 3 3 3 3 3 3 3 3 3 3 3 3 3 3 3 3 3 3 3 3 3 3 3 3 3 3 3 3 3 3 3 3 3 3 3 3 3 3 3 3 3 3 3 3 3 3 3 3 3 3 3 3 3 3 3 3 3 3 3 3 3 3 3 3 3 3 3 3 3 3 3 3 3 3 3 3 3 3 3 3 3 3 3 3 3 3 3 3 3 3 3 3 3 3 3 3 3 3 3 3 3 3 3 3 3 3 3 3 3 3 3 3 3 3 3 3 3 3 3 3 3 3 3 3 3 3 3 3 3 3 3 3 3 3 3 3 3 3 3 3 3 3 3 3 3 3 3 3 3 3 3 3 3 3 3 3 3 3 3 3 3 3 3 3 3 3 3 3 3 3 3 3 3 3 3 3 3 3 3 3 3 3 3 3 3 3 3 3 3 3 3 3 3 3 3 3 3 3 3 3 3 3 3 3 3 3 3 3 3 3 3 3 3 3 3 3 3 3 3 3 3 3 3 3 3 3 3 3 3 3 3 3 3 3 3 3 3 3 3 3 3 3 3 3 3 3 3 3 3 3 3 3 3 3 3 3 3 3 3 3 3 3 3 3 3 3 3 3 3 3 3 3 3 3 3 3 3 3 3 3 3 3 3 3 3 3 3 3 3 3 3 3 3 3 3 3 3 3 3 3 3 3 3 3 3 3 3 3 3 3 3 3 3 3 3 3 3 3 3 3 3 3 3 3 3 3 3 3 3 3 3 3 3 3 3 3 3 3 3 3 3 3 3 3 3 3 3 3 3 3 3 3 3 3 3 3 3 3 3 3 3 3 3 3 3 3 3 3 3 3 3 3 3 3 3 3 3 3 3 3 3 3 3 3 3 3 3 3 3 3 3 3 3 3 3 3 3 3 3 3 3 3 3 3 3 3 3 3 3 3 3 3 3 3 3 3 3 3 3 3 3 3 3 3 3 3 3 3 3 3 3 3 3 3 3 3 3 3 3 3 3 3 3 3 3 3 3 3 3 3 3 3 3 3 3 3 3 3 3 3 3 3 3 3 3 3 3 3 3 3 3 3 3 3 3 3 3 3 3 3 3 3 3 3 3 3 3 3 3 3 3 3 3 3 3 3 3 3 3 3 3 3 3 3 3 3 3 3 3 3 3 3 3 3 3 3 3 3 3 3 3 3 3 3 3 3 3 3 3 3 3 3 3 3 3 3 3 3 3 3 3 3 3 3 3 3 3 3 3 3 3 3 3 3 3 3 3 3 3 3 3 3 3 3 3 3 3 3 3 3 3 3 3 3 3 3 3 3 3 3 3 3 3 3 3 3 3 3 3 3 3 3 3 3 3 3 3 3 3 3 3 3 3 3 3 3 3 3 3 3 3 3 3 3 3 3 3 3 3 3 3 3 3 </vcount>
          <p>0 1 2 3 4 5 6 7 8 9 10 11 12 13 14 15 16 17 18 19 20 21 22 23 24 25 26 27 28 29 30 31 32 33 34 35 36 37 38 39 40 41 42 43 44 45 46 47 48 49 50 51 52 53 54 55 56 57 58 59 60 61 62 63 64 65 66 67 68 69 70 71 72 73 74 75 76 77 78 79 80 81 82 83 84 85 86 87 88 89 90 91 92 93 94 95 96 97 98 99 100 101 102 103 104 105 106 107 108 109 110 111 112 113 114 115 116 117 118 119 120 121 122 123 124 125 126 127 128 129 130 131 132 133 134 135 136 137 138 139 140 141 142 143 144 145 146 147 148 149 150 151 152 153 154 155 156 157 158 159 160 161 162 163 164 165 166 167 168 169 170 171 172 173 174 175 176 177 178 179 180 181 182 183 184 185 186 187 188 189 190 191 192 193 194 195 196 197 198 199 200 201 202 203 204 205 206 207 208 209 210 211 212 213 214 215 216 217 218 219 220 221 222 223 224 225 226 227 228 229 230 231 232 233 234 235 236 237 238 239 240 241 242 243 244 245 246 247 248 249 250 251 252 253 254 255 256 257 258 259 260 261 262 263 264 265 266 267 268 269 270 271 272 273 274 275 276 277 278 279 280 281 282 283 284 285 286 287 288 289 290 291 292 293 294 295 296 297 298 299 300 301 302 303 304 305 306 307 308 309 310 311 312 313 314 315 316 317 318 319 320 321 322 323 324 325 326 327 328 329 330 331 332 333 334 335 336 337 338 339 340 341 342 343 344 345 346 347 348 349 350 351 352 353 354 355 356 357 358 359 360 361 362 363 364 365 366 367 368 369 370 371 372 373 374 375 376 377 378 379 380 381 382 383 384 385 386 387 388 389 390 391 392 393 394 395 396 397 398 399 400 401 402 403 404 405 406 407 408 409 410 411 412 413 414 415 416 417 418 419 420 421 422 423 424 425 426 427 428 429 430 431 432 433 434 435 436 437 438 439 440 441 442 443 444 445 446 447 448 449 450 451 452 453 454 455 456 457 458 459 460 461 462 463 464 465 466 467 468 469 470 471 472 473 474 475 476 477 478 479 480 481 482 483 484 485 486 487 488 489 490 491 492 493 494 495 496 497 498 499 500 501 502 503 504 505 506 507 508 509 510 511 512 513 514 515 516 517 518 519 520 521 522 523 524 525 526 527 528 529 530 531 532 533 534 535 536 537 538 539 540 541 542 543 544 545 546 547 548 549 550 551 552 553 554 555 556 557 558 559 560 561 562 563 564 565 566 567 568 569 570 571 572 573 574 575 576 577 578 579 580 581 582 583 584 585 586 587 588 589 590 591 592 593 594 595 596 597 598 599 600 601 602 603 604 605 606 607 608 609 610 611 612 613 614 615 616 617 618 619 620 621 622 623 624 625 626 627 628 629 630 631 632 633 634 635 636 637 638 639 640 641 642 643 644 645 646 647 648 649 650 651 652 653 654 655 656 657 658 659 660 661 662 663 664 665 666 667 668 669 670 671 672 673 674 675 676 677 678 679 680 681 682 683 684 685 686 687 688 689 690 691 692 693 694 695 696 697 698 699 700 701 702 703 704 705 706 707 708 709 710 711 712 713 714 715 716 717 718 719 720 721 722 723 724 725 726 727 728 729 730 731 732 733 734 735 736 737 738 739 740 741 742 743 744 745 746 747 748 749 750 751 752 753 754 755 756 757 758 759 760 761 762 763 764 765 766 767 768 769 770 771 772 773 774 775 776 777 778 779 780 781 782 783 784 785 786 787 788 789 790 791 792 793 794 795 796 797 798 799 800 801 802 803 804 805 806 807 808 809 810 811 812 813 814 815 816 817 818 819 820 821 822 823 824 825 826 827 828 829 830 831 832 833 834 835 836 837 838 839 840 841 842 843 844 845 846 847 848 849 850 851 852 853 854 855 856 857 858 859 860 861 862 863 864 865 866 867 868 869 870 871 872 873 874 875 876 877 878 879 880 881 882 883 884 885 886 887 888 889 890 891 892 893 894 895 896 897 898 899 900 901 902 903 904 905 906 907 908 909 910 911 912 913 914 915 916 917 918 919 920 921 922 923 924 925 926 927 928 929 930 931 932 933 934 935 936 937 938 939 940 941 942 943 944 945 946 947 948 949 950 951 952 953 954 955 956 957 958 959 960 961 962 963 964 965 966 967 968 969 970 971 972 973 974 975 976 977 978 979 980 981 982 983 984 985 986 987 988 989 990 991 992 993 994 995 996 997 998 999 1000 1001 1002 1003 1004 1005 1006 1007 1008 1009 1010 1011 1012 1013 1014 1015 1016 1017 1018 1019 1020 1021 1022 1023 1024 1025 1026 1027 1028 1029 1030 1031 1032 1033 1034 1035 1036 1037 1038 1039 1040 1041 1042 1043 1044 1045 1046 1047 1048 1049 1050 1051 1052 1053 1054 1055 1056 1057 1058 1059 1060 1061 1062 1063 1064 1065 1066 1067 1068 1069 1070 1071 1072 1073 1074 1075 1076 1077 1078 1079 1080 1081 1082 1083 1084 1085 1086 1087 1088 1089 1090 1091 1092 1093 1094 1095 1096 1097 1098 1099 1100 1101 1102 1103 1104 1105 1106 1107 1108 1109 1110 1111 1112 1113 1114 1115 1116 1117 1118 1119 1120 1121 1122 1123 1124 1125 1126 1127 1128 1129 1130 1131 1132 1133 1134 1135 1136 1137 1138 1139 1140 1141 1142 1143 1144 1145 1146 1147 1148 1149 1150 1151 1152 1153 1154 1155 1156 1157 1158 1159 1160 1161 1162 1163 1164 1165 1166 1167 1168 1169 1170 1171 1172 1173 1174 1175 1176 1177 1178 1179 1180 1181 1182 1183 1184 1185 1186 1187 1188 1189 1190 1191 1192 1193 1194 1195 1196 1197 1198 1199 1200 1201 1202 1203 1204 1205 1206 1207 1208 1209 1210 1211 1212 1213 1214 1215 1216 1217 1218 1219 1220 1221 1222 1223 1224 1225 1226 1227 1228 1229 1230 1231 1232 1233 1234 1235 1236 1237 1238 1239 1240 1241 1242 1243 1244 1245 1246 1247 1248 1249 1250 1251 1252 1253 1254 1255 1256 1257 1258 1259 1260 1261 1262 1263 1264 1265 1266 1267 1268 1269 1270 1271 1272 1273 1274 1275 1276 1277 1278 1279 1280 1281 1282 1283 1284 1285 1286 1287 1288 1289 1290 1291 1292 1293 1294 1295 1296 1297 1298 1299 1300 1301 1302 1303 1304 1305 1306 1307 1308 1309 1310 1311 1312 1313 1314 1315 1316 1317 1318 1319 1320 1321 1322 1323 1324 1325 1326 1327 1328 1329 1330 1331 1332 1333 1334 1335 1336 1337 1338 1339 1340 1341 1342 1343 1344 1345 1346 1347 1348 1349 1350 1351 1352 1353 1354 1355 1356 1357 1358 1359 1360 1361 1362 1363 1364 1365 1366 1367 1368 1369 1370 1371 1372 1373 1374 1375 1376 1377 1378 1379 1380 1381 1382 1383 1384 1385 1386 1387 1388 1389 1390 1391 1392 1393 1394 1395 1396 1397 1398 1399 1400 1401 1402 1403 1404 1405 1406 1407 1408 1409 1410 1411 1412 1413 1414 1415 1416 1417 1418 1419 1420 1421 1422 1423 1424 1425 1426 1427 1428 1429 1430 1431 1432 1433 1434 1435 1436 1437 1438 1439 1440 1441 1442 1443 1444 1445 1446 1447 1448 1449 1450 1451 1452 1453 1454 1455 1456 1457 1458 1459 1460 1461 1462 1463 1464 1465 1466 1467 1468 1469 1470 1471 1472 1473 1474 1475 1476 1477 1478 1479 1480 1481 1482 1483 1484 1485 1486 1487 1488 1489 1490 1491 1492 1493 1494 1495 1496 1497 1498 1499 1500 1501 1502 1503 1504 1505 1506 1507 1508 1509 1510 1511 1512 1513 1514 1515 1516 1517 1518 1519 1520 1521 1522 1523 1524 1525 1526 1527 1528 1529 1530 1531 1532 1533 1534 1535 1536 1537 1538 1539 1540 1541 1542 1543 1544 1545 1546 1547 1548 1549 1550 1551 1552 1553 1554 1555 1556 1557 1558 1559 1560 1561 1562 1563 1564 1565 1566 1567 1568 1569 1570 1571 1572 1573 1574 1575 1576 1577 1578 1579 1580 1581 1582 1583 1584 1585 1586 1587 1588 1589 1590 1591 1592 1593 1594 1595 1596 1597 1598 1599 1600 1601 1602 1603 1604 1605 1606 1607 1608 1609 1610 1611 1612 1613 1614 1615 1616 1617 1618 1619 1620 1621 1622 1623 1624 1625 1626 1627 1628 1629 1630 1631 1632 1633 1634 1635 1636 1637 1638 1639 1640 1641 1642 1643 1644 1645 1646 1647 1648 1649 1650 1651 1652 1653 1654 1655 1656 1657 1658 1659 1660 1661 1662 1663 1664 1665 1666 1667 1668 1669 1670 1671 1672 1673 1674 1675 1676 1677 1678 1679 1680 1681 1682 1683 1684 1685 1686 1687 1688 1689 1690 1691 1692 1693 1694 1695 1696 1697 1698 1699 1700 1701 1702 1703 1704 1705 1706 1707 1708 1709 1710 1711 1712 1713 1714 1715 1716 1717 1718 1719 1720 1721 1722 1723 1724 1725 1726 1727 1728 1729 1730 1731 1732 1733 1734 1735 1736 1737 1738 1739 1740 1741 1742 1743 1744 1745 1746 1747 1748 1749 1750 1751 1752 1753 1754 1755 1756 1757 1758 1759 1760 1761 1762 1763 1764 1765 1766 1767 1768 1769 1770 1771 1772 1773 1774 1775 1776 1777 1778 1779 1780 1781 1782 1783 1784 1785 1786 1787 1788 1789 1790 1791 1792 1793 1794 1795 1796 1797 1798 1799 1800 1801 1802 1803 1804 1805 1806 1807 1808 1809 1810 1811 1812 1813 1814 1815 1816 1817 1818 1819 1820 1821 1822 1823 1824 1825 1826 1827 1828 1829 1830 1831 1832 1833 1834 1835 1836 1837 1838 1839 1840 1841 1842 1843 1844 1845 1846 1847 1848 1849 1850 1851 1852 1853 1854 1855 1856 1857 1858 1859 1860 1861 1862 1863 1864 1865 1866 1867 1868 1869 1870 1871 1872 1873 1874 1875 1876 1877 1878 1879 1880 1881 1882 1883 1884 1885 1886 1887 1888 1889 1890 1891 1892 1893 1894 1895 1896 1897 1898 1899 1900 1901 1902 1903 1904 1905 1906 1907 1908 1909 1910 1911 1912 1913 1914 1915 1916 1917 1918 1919 1920 1921 1922 1923 1924 1925 1926 1927 1928 1929 1930 1931 1932 1933 1934 1935 1936 1937 1938 1939 1940 1941 1942 1943 1944 1945 1946 1947 1948 1949 1950 1951 1952 1953 1954 1955 1956 1957 1958 1959 1960 1961 1962 1963 1964 1965 1966 1967 1968 1969 1970 1971 1972 1973 1974 1975 1976 1977 1978 1979 1980 1981 1982 1983 1984 1985 1986 1987 1988 1989 1990 1991 1992 1993 1994 1995 1996 1997 1998 1999 2000 2001 2002 2003 2004 2005 2006 2007 2008 2009 2010 2011 2012 2013 2014 2015 2016 2017 2018 2019 2020 2021 2022 2023 2024 2025 2026 2027 2028 2029 2030 2031 2032 2033 2034 2035 2036 2037 2038 2039 2040 2041 2042 2043 2044 2045 2046 2047 2048 2049 2050 2051 2052 2053 2054 2055 2056 2057 2058 2059 2060 2061 2062 2063 2064 2065 2066 2067 2068 2069 2070 2071 2072 2073 2074 2075 2076 2077 2078 2079 2080 2081 2082 2083 2084 2085 2086 2087 2088 2089 2090 2091 2092 2093 2094 2095 2096 2097 2098 2099 2100 2101 2102 2103 2104 2105 2106 2107 2108 2109 2110 2111 2112 2113 2114 2115 2116 2117 2118 2119 2120 2121 2122 2123 2124 2125 2126 2127 2128 2129 2130 2131 2132 2133 2134 2135 2136 2137 2138 2139 2140 2141 2142 2143 2144 2145 2146 2147 2148 2149 2150 2151 2152 2153 2154 2155 2156 2157 2158 2159 2160 2161 2162 2163 2164 2165 2166 2167 2168 2169 2170 2171 2172 2173 2174 2175 2176 2177 2178 2179 2180 2181 2182 2183 2184 2185 2186 2187 2188 2189 2190 2191 2192 2193 2194 2195 2196 2197 2198 2199 2200 2201 2202 2203 2204 2205 2206 2207 2208 2209 2210 2211 2212 2213 2214 2215 2216 2217 2218 2219 2220 2221 2222 2223 2224 2225 2226 2227 2228 2229 2230 2231 2232 2233 2234 2235 2236 2237 2238 2239 2240 2241 2242 2243 2244 2245 2246 2247 2248 2249 2250 2251 2252 2253 2254 2255 2256 2257 2258 2259 2260 2261 2262 2263 2264 2265 2266 2267 2268 2269 2270 2271 2272 2273 2274 2275 2276 2277 2278 2279 2280 2281 2282 2283 2284 2285 2286 2287 2288 2289 2290 2291 2292 2293 2294 2295 2296 2297 2298 2299 2300 2301 2302 2303 2304 2305 2306 2307 2308 2309 2310 2311 2312 2313 2314 2315 2316 2317 2318 2319 2320 2321 2322 2323 2324 2325 2326 2327 2328 2329 2330 2331 2332 2333 2334 2335 2336 2337 2338 2339 2340 2341 2342 2343 2344 2345 2346 2347 2348 2349 2350 2351 2352 2353 2354 2355 2356 2357 2358 2359 2360 2361 2362 2363 2364 2365 2366 2367 2368 2369 2370 2371 2372 2373 2374 2375 2376 2377 2378 2379 2380 2381 2382 2383 2384 2385 2386 2387 2388 2389 2390 2391 2392 2393 2394 2395 2396 2397 2398 2399 2400 2401 2402 2403 2404 2405 2406 2407 2408 2409 2410 2411 2412 2413 2414 2415 2416 2417 2418 2419 2420 2421 2422 2423 2424 2425 2426 2427 2428 2429 2430 2431 2432 2433 2434 2435 2436 2437 2438 2439 2440 2441 2442 2443 2444 2445 2446 2447 2448 2449 2450 2451 2452 2453 2454 2455 2456 2457 2458 2459 2460 2461 2462 2463 2464 2465 2466 2467 2468 2469 2470 2471 2472 2473 2474 2475 2476 2477 2478 2479 2480 2481 2482 2483 2484 2485 2486 2487 2488 2489 2490 2491 2492 2493 2494 2495 2496 2497 2498 2499 2500 2501 2502 2503 2504 2505 2506 2507 2508 2509 2510 2511 2512 2513 2514 2515 2516 2517 2518 2519 2520 2521 2522 2523 2524 2525 2526 2527 2528 2529 2530 2531 2532 2533 2534 2535 2536 2537 2538 2539 2540 2541 2542 2543 2544 2545 2546 2547 2548 2549 2550 2551 2552 2553 2554 2555 2556 2557 2558 2559 2560 2561 2562 2563 2564 2565 2566 2567 2568 2569 2570 2571 2572 2573 2574 2575 2576 2577 2578 2579 2580 2581 2582 2583 2584 2585 2586 2587 2588 2589 2590 2591 2592 2593 2594 2595 2596 2597 2598 2599 2600 2601 2602 2603 2604 2605 2606 2607 2608 2609 2610 2611 2612 2613 2614 2615 2616 2617 2618 2619 2620 2621 2622 2623 2624 2625 2626 2627 2628 2629 2630 2631 2632 2633 2634 2635 2636 2637 2638 2639 2640 2641 2642 2643 2644 2645 2646 2647 2648 2649 2650 2651 2652 2653 2654 2655 2656 2657 2658 2659 2660 2661 2662 2663 2664 2665 2666 2667 2668 2669 2670 2671 2672 2673 2674 2675 2676 2677 2678 2679 2680 2681 2682 2683 2684 2685 2686 2687 2688 2689 2690 2691 2692 2693 2694 2695 2696 2697 2698 2699 2700 2701 2702 2703 2704 2705 2706 2707 2708 2709 2710 2711 2712 2713 2714 2715 2716 2717 2718 2719 2720 2721 2722 2723 2724 2725 2726 2727 2728 2729 2730 2731 2732 2733 2734 2735 2736 2737 2738 2739 2740 2741 2742 2743 2744 2745 2746 2747 2748 2749 2750 2751 2752 2753 2754 2755 2756 2757 2758 2759 2760 2761 2762 2763 2764 2765 2766 2767 2768 2769 2770 2771 2772 2773 2774 2775 2776 2777 2778 2779 2780 2781 2782 2783 2784 2785 2786 2787 2788 2789 2790 2791 2792 2793 2794 2795 2796 2797 2798 2799 2800 2801 2802 2803 2804 2805 2806 2807 2808 2809 2810 2811 2812 2813 2814 2815 2816 2817 2818 2819 2820 2821 2822 2823 2824 2825 2826 2827 2828 2829 2830 2831 2832 2833 2834 2835 2836 2837 2838 2839 2840 2841 2842 2843 2844 2845 2846 2847 2848 2849 2850 2851 2852 2853 2854 2855 2856 2857 2858 2859 2860 2861 2862 2863 2864 2865 2866 2867 2868 2869 2870 2871 2872 2873 2874 2875 2876 2877 2878 2879 2880 2881 2882 2883 2884 2885 2886 2887 2888 2889 2890 2891 2892 2893 2894 2895 2896 2897 2898 2899 2900 2901 2902 2903 2904 2905 2906 2907 2908 2909 2910 2911 2912 2913 2914 2915 2916 2917 2918 2919 2920 2921 2922 2923 2924 2925 2926 2927 2928 2929 2930 2931 2932 2933 2934 2935 2936 2937 2938 2939 2940 2941 2942 2943 2944 2945 2946 2947 2948 2949 2950 2951 2952 2953 2954 2955 2956 2957 2958 2959 2960 2961 2962 2963 2964 2965 2966 2967 2968 2969 2970 2971 2972 2973 2974 2975 2976 2977 2978 2979 2980 2981 2982 2983 2984 2985 2986 2987 2988 2989 2990 2991 2992 2993 2994 2995 2996 2997 2998 2999 3000 3001 3002 3003 3004 3005 3006 3007 3008 3009 3010 3011 3012 3013 3014 3015 3016 3017 3018 3019 3020 3021 3022 3023 3024 3025 3026 3027 3028 3029 3030 3031 3032 3033 3034 3035 3036 3037 3038 3039 3040 3041 3042 3043 3044 3045 3046 3047 3048 3049 3050 3051 3052 3053 3054 3055 3056 3057 3058 3059 3060 3061 3062 3063 3064 3065 3066 3067 3068 3069 3070 3071 3072 3073 3074 3075 3076 3077 3078 3079 3080 3081 3082 3083 3084 3085 3086 3087 3088 3089 3090 3091 3092 3093 3094 3095 3096 3097 3098 3099 3100 3101 3102 3103 3104 3105 3106 3107 3108 3109 3110 3111 3112 3113 3114 3115 3116 3117 3118 3119 3120 3121 3122 3123 3124 3125 3126 3127 3128 3129 3130 3131 3132 3133 3134 3135 3136 3137 3138 3139 3140 3141 3142 3143 3144 3145 3146 3147 3148 3149 3150 3151 3152 3153 3154 3155 3156 3157 3158 3159 3160 3161 3162 3163 3164 3165 3166 3167 3168 3169 3170 3171 3172 3173 3174 3175 3176 3177 3178 3179 3180 3181 3182 3183 3184 3185 3186 3187 3188 3189 3190 3191 3192 3193 3194 3195 3196 3197 3198 3199 3200 3201 3202 3203 3204 3205 3206 3207 3208 3209 3210 3211 3212 3213 3214 3215 3216 3217 3218 3219 3220 3221 3222 3223 3224 3225 3226 3227 3228 3229 3230 3231 3232 3233 3234 3235 3236 3237 3238 3239 3240 3241 3242 3243 3244 3245 3246 3247 3248 3249 3250 3251 3252 3253 3254 3255 3256 3257 3258 3259 3260 3261 3262 3263 3264 3265 3266 3267 3268 3269 3270 3271 3272 3273 3274 3275 3276 3277 3278 3279 3280 3281 3282 3283 3284 3285 3286 3287 3288 3289 3290 3291 3292 3293 3294 3295 3296 3297 3298 3299 3300 3301 3302 3303 3304 3305 3306 3307 3308 3309 3310 3311 3312 3313 3314 3315 3316 3317 3318 3319 3320 3321 3322 3323 3324 3325 3326 3327 3328 3329 3330 3331 3332 3333 3334 3335 3336 3337 3338 3339 3340 3341 3342 3343 3344 3345 3346 3347 3348 3349 3350 3351 3352 3353 3354 3355 3356 3357 3358 3359 3360 3361 3362 3363 3364 3365 3366 3367 3368 3369 3370 3371 3372 3373 3374 3375 3376 3377 3378 3379 3380 3381 3382 3383 3384 3385 3386 3387 3388 3389 3390 3391 3392 3393 3394 3395 3396 3397 3398 3399 3400 3401 3402 3403 3404 3405 3406 3407 3408 3409 3410 3411 3412 3413 3414 3415 3416 3417 3418 3419 3420 3421 3422 3423 3424 3425 3426 3427 3428 3429 3430 3431 3432 3433 3434 3435 3436 3437 3438 3439 3440 3441 3442 3443 3444 3445 3446 3447 3448 3449 3450 3451 3452 3453 3454 3455 3456 3457 3458 3459 3460 3461 3462 3463 3464 3465 3466 3467 3468 3469 3470 3471 3472 3473 3474 3475 3476 3477 3478 3479 3480 3481 3482 3483 3484 3485 3486 3487 3488 3489 3490 3491 3492 3493 3494 3495 3496 3497 3498 3499 3500 3501 3502 3503 3504 3505 3506 3507 3508 3509 3510 3511 3512 3513 3514 3515 3516 3517 3518 3519 3520 3521 3522 3523 3524 3525 3526 3527 3528 3529 3530 3531 3532 3533 3534 3535 3536 3537 3538 3539 3540 3541 3542 3543 3544 3545 3546 3547 3548 3549 3550 3551 3552 3553 3554 3555 3556 3557 3558 3559 3560 3561 3562 3563 3564 3565 3566 3567 3568 3569 3570 3571 3572 3573 3574 3575 3576 3577 3578 3579 3580 3581 3582 3583 3584 3585 3586 3587 3588 3589 3590 3591 3592 3593 3594 3595 3596 3597 3598 3599 3600 3601 3602 3603 3604 3605 3606 3607 3608 3609 3610 3611 3612 3613 3614 3615 3616 3617 3618 3619 3620 3621 3622 3623 3624 3625 3626 3627 3628 3629 3630 3631 3632 3633 3634 3635 3636 3637 3638 3639 3640 3641 3642 3643 3644 3645 3646 3647 3648 3649 3650 3651 3652 3653 3654 3655 3656 3657 3658 3659 3660 3661 3662 3663 3664 3665 3666 3667 3668 3669 3670 3671 3672 3673 3674 3675 3676 3677 3678 3679 3680 3681 3682 3683 3684 3685 3686 3687 3688 3689 3690 3691 3692 3693 3694 3695 3696 3697 3698 3699 3700 3701 3702 3703 3704 3705 3706 3707 3708 3709 3710 3711 3712 3713 3714 3715 3716 3717 3718 3719 3720 3721 3722 3723 3724 3725 3726 3727 3728 3729 3730 3731 3732 3733 3734 3735 3736 3737 3738 3739 3740 3741 3742 3743 3744 3745 3746 3747 3748 3749 3750 3751 3752 3753 3754 3755 3756 3757 3758 3759 3760 3761 3762 3763 3764 3765 3766 3767 3768 3769 3770 3771 3772 3773 3774 3775 3776 3777 3778 3779 3780 3781 3782 3783 3784 3785 3786 3787 3788 3789 3790 3791 3792 3793 3794 3795 3796 3797 3798 3799 3800 3801 3802 3803 3804 3805 3806 3807 3808 3809 3810 3811 3812 3813 3814 3815 3816 3817 3818 3819 3820 3821 3822 3823 3824 3825 3826 3827 3828 3829 3830 3831 3832 3833 3834 3835 3836 3837 3838 3839 3840 3841 3842 3843 3844 3845 3846 3847 3848 3849 3850 3851 3852 3853 3854 3855 3856 3857 3858 3859 3860 3861 3862 3863 3864 3865 3866 3867 3868 3869 3870 3871 3872 3873 3874 3875 3876 3877 3878 3879 3880 3881 3882 3883 3884 3885 3886 3887 3888 3889 3890 3891 3892 3893 3894 3895 3896 3897 3898 3899 3900 3901 3902 3903 3904 3905 3906 3907 3908 3909 3910 3911 3912 3913 3914 3915 3916 3917 3918 3919 3920 3921 3922 3923 3924 3925 3926 3927 3928 3929 3930 3931 3932 3933 3934 3935 3936 3937 3938 3939 3940 3941 3942 3943 3944 3945 3946 3947 3948 3949 3950 3951 3952 3953 3954 3955 3956 3957 3958 3959 3960 3961 3962 3963 3964 3965 3966 3967 3968 3969 3970 3971 3972 3973 3974 3975 3976 3977 3978 3979 3980 3981 3982 3983 3984 3985 3986 3987 3988 3989 3990 3991 3992 3993 3994 3995 3996 3997 3998 3999 4000 4001 4002 4003 4004 4005 4006 4007 4008 4009 4010 4011 4012 4013 4014 4015 4016 4017 4018 4019 4020 4021 4022 4023 4024 4025 4026 4027 4028 4029 4030 4031 4032 4033 4034 4035 4036 4037 4038 4039 4040 4041 4042 4043 4044 4045 4046 4047 4048 4049 4050 4051 4052 4053 4054 4055 4056 4057 4058 4059 4060 4061 4062 4063 4064 4065 4066 4067 4068 4069 4070 4071 4072 4073 4074 4075 4076 4077 4078 4079 4080 4081 4082 4083 4084 4085 4086 4087 4088 4089 4090 4091 4092 4093 4094 4095 4096 4097 4098 4099 4100 4101 4102 4103 4104 4105 4106 4107 4108 4109 4110 4111 4112 4113 4114 4115 4116 4117 4118 4119 4120 4121 4122 4123 4124 4125 4126 4127 4128 4129 4130 4131 4132 4133 4134 4135 4136 4137 4138 4139 4140 4141 4142 4143 4144 4145 4146 4147 4148 4149 4150 4151 4152 4153 4154 4155 4156 4157 4158 4159 4160 4161 4162 4163 4164 4165 4166 4167 4168 4169 4170 4171 4172 4173 4174 4175 4176 4177 4178 4179 4180 4181 4182 4183 4184 4185 4186 4187 4188 4189 4190 4191 4192 4193 4194 4195 4196 4197 4198 4199 4200 4201 4202 4203 4204 4205 4206 4207 4208 4209 4210 4211 4212 4213 4214 4215 4216 4217 4218 4219 4220 4221 4222 4223 4224 4225 4226 4227 4228 4229 4230 4231 4232 4233 4234 4235 4236 4237 4238 4239 4240 4241 4242 4243 4244 4245 4246 4247 4248 4249 4250 4251 4252 4253 4254 4255 4256 4257 4258 4259 4260 4261 4262 4263 4264 4265 4266 4267 4268 4269 4270 4271 4272 4273 4274 4275 4276 4277 4278 4279 4280 4281 4282 4283 4284 4285 4286 4287 4288 4289 4290 4291 4292 4293 4294 4295 4296 4297 4298 4299 4300 4301 4302 4303 4304 4305 4306 4307 4308 4309 4310 4311 4312 4313 4314 4315 4316 4317 4318 4319 4320 4321 4322 4323 4324 4325 4326 4327 4328 4329 4330 4331 4332 4333 4334 4335 4336 4337 4338 4339 4340 4341 4342 4343 4344 4345 4346 4347 4348 4349 4350 4351 4352 4353 4354 4355 4356 4357 4358 4359 4360 4361 4362 4363 4364 4365 4366 4367 4368 4369 4370 4371 4372 4373 4374 4375 4376 4377 4378 4379 4380 4381 4382 4383 4384 4385 4386 4387 4388 4389 4390 4391 4392 4393 4394 4395 4396 4397 4398 4399 4400 4401 4402 4403 4404 4405 4406 4407 4408 4409 4410 4411 4412 4413 4414 4415 4416 4417 4418 4419 4420 4421 4422 4423 4424 4425 4426 4427 4428 4429 4430 4431 4432 4433 4434 4435 4436 4437 4438 4439 4440 4441 4442 4443 4444 4445 4446 4447 4448 4449 4450 4451 4452 4453 4454 4455 4456 4457 4458 4459 4460 4461 4462 4463 4464 4465 4466 4467 4468 4469 4470 4471 4472 4473 4474 4475 4476 4477 4478 4479 4480 4481 4482 4483 4484 4485 4486 4487 4488 4489 4490 4491 4492 4493 4494 4495 4496 4497 4498 4499 4500 4501 4502 4503 4504 4505 4506 4507 4508 4509 4510 4511 4512 4513 4514 4515 4516 4517 4518 4519 4520 4521 4522 4523 4524 4525 4526 4527 4528 4529 4530 4531 4532 4533 4534 4535 4536 4537 4538 4539 4540 4541 4542 4543 4544 4545 4546 4547 4548 4549 4550 4551 4552 4553 4554 4555 4556 4557 4558 4559 4560 4561 4562 4563 4564 4565 4566 4567 4568 4569 4570 4571 4572 4573 4574 4575 4576 4577 4578 4579 4580 4581 4582 4583 4584 4585 4586 4587 4588 4589 4590 4591 4592 4593 4594 4595 4596 4597 4598 4599 4600 4601 4602 4603 4604 4605 4606 4607 4608 4609 4610 4611 4612 4613 </p>
        </polylist>
      </mesh>
    </geometry>
    <geometry id="colormap-specular_2" name="colormap-specular" >
      <mesh>
        <source id="colormap-specular_2-positions" name="colormap-specular_2-positions">
          <float_array id="colormap-specular_2-positions-array" count="126"> -0.898206115 0.995149314 0.337059289 -0.718205988 1.06604505 0.620642126 -0.718206108 0.995149314 0.3370592 -0.718205988 1.06604505 0.620642126 -0.898206115 0.995149314 0.337059289 -0.898206115 1.06604505 0.620642185 -0.438206106 0.995149314 0.337059289 -0.25820601 1.06604505 0.620642126 -0.258206099 0.995149314 0.3370592 -0.25820601 1.06604505 0.620642126 -0.438206106 0.995149314 0.337059289 -0.438205987 1.06604505 0.620642185 0.121794097 0.25 -0.305999994 0.321794093 0.150000006 -0.305999994 0.121794097 0.150000006 -0.305999994 0.321794093 0.150000006 -0.305999994 0.121794097 0.25 -0.305999994 0.321794093 0.25 -0.305999994 -0.678206086 0.25 -0.305999994 -0.478206098 0.25 -0.305999994 -0.678206086 0.150000006 -0.305999994 -0.478206098 0.150000006 -0.305999994 -0.678206086 0.150000006 -0.305999994 -0.478206098 0.25 -0.305999994 -1.15820599 0.75 0.324000001 -1.15820599 0.699999988 0.224000007 -1.15820599 0.699999988 0.324000001 -1.15820599 0.699999988 0.224000007 -1.15820599 0.75 0.324000001 -1.15820599 0.75 0.224000007 -0.278205991 0.0199999996 -0.305999994 -0.188206002 0.25 -0.305999994 -0.188206002 0.0199999996 -0.305999994 -0.188206002 0.25 -0.305999994 -0.278205991 0.0199999996 -0.305999994 -0.278205991 0.25 -0.305999994 -0.168206006 0.0199999996 -0.305999994 -0.0782059729 0.25 -0.305999994 -0.0782059729 0.0199999996 -0.305999994 -0.0782059729 0.25 -0.305999994 -0.168206006 0.0199999996 -0.305999994 -0.168206006 0.25 -0.305999994 </float_array>
          <technique_common>
            <accessor count="42" offset="0" source="#colormap-specular_2-positions-array" stride="3">
              <param name="X" type="float" />
              <param name="Y" type="float" />
              <param name="Z" type="float" />
            </accessor>
          </technique_common>
        </source>
        <source id="colormap-specular_2-normals" name="colormap-specular_2-normals">
          <float_array id="colormap-specular_2-normals-array" count="126"> -2.89125008e-08 0.970142484 -0.242535695 -2.89125008e-08 0.970142484 -0.242535695 -2.89125008e-08 0.970142484 -0.242535695 -2.89125008e-08 0.970142484 -0.242535695 -2.89125008e-08 0.970142484 -0.242535695 -2.89125008e-08 0.970142484 -0.242535695 -2.89125008e-08 0.970142484 -0.242535695 -2.89125008e-08 0.970142484 -0.242535695 -2.89125008e-08 0.970142484 -0.242535695 -2.89125008e-08 0.970142484 -0.242535695 -2.89125008e-08 0.970142484 -0.242535695 -2.89125008e-08 0.970142484 -0.242535695 0 0 -1 0 0 -1 0 0 -1 0 0 -1 0 0 -1 0 0 -1 -2.65039099e-14 0 -1 -2.65039099e-14 0 -1 -2.65039099e-14 0 -1 -2.65039099e-14 0 -1 -2.65039099e-14 0 -1 -2.65039099e-14 0 -1 -1 0 1.19209304e-07 -1 0 1.19209304e-07 -1 0 1.19209304e-07 -1 0 1.19209304e-07 -1 0 1.19209304e-07 -1 0 1.19209304e-07 0 0 -1 0 0 -1 0 0 -1 0 0 -1 0 0 -1 0 0 -1 0 0 -1 0 0 -1 0 0 -1 0 0 -1 0 0 -1 0 0 -1 </float_array>
          <technique_common>
            <accessor count="42" offset="0" source="#colormap-specular_2-normals-array" stride="3">
              <param name="X" type="float" />
              <param name="Y" type="float" />
              <param name="Z" type="float" />
            </accessor>
          </technique_common>
        </source>
        <source id="colormap-specular_2-tex0" name="colormap-specular_2-tex0">
          <float_array id="colormap-specular_2-tex0-array" count="84"> 0.59375 0.113695703 0.59375 0.179782897 0.59375 0.113695703 0.59375 0.179782897 0.59375 0.113695703 0.59375 0.179782897 0.59375 0.113695703 0.59375 0.179782897 0.59375 0.113695703 0.59375 0.179782897 0.59375 0.113695703 0.59375 0.179782897 0.59375 0.0935714319 0.59375 0.0364285707 0.59375 0.0364285707 0.59375 0.0364285707 0.59375 0.0935714319 0.59375 0.0935714319 0.59375 0.0935714319 0.59375 0.0935714319 0.59375 0.0364285707 0.59375 0.0364285707 0.59375 0.0364285707 0.59375 0.0935714319 0.59375 0.0935714319 0.59375 0.0649999976 0.59375 0.0649999976 0.59375 0.0649999976 0.59375 0.0935714319 0.59375 0.0935714319 0.59375 0.0309259295 0.59375 0.0990740731 0.59375 0.0309259295 0.59375 0.0990740731 0.59375 0.0309259295 0.59375 0.0990740731 0.59375 0.0309259295 0.59375 0.0990740731 0.59375 0.0309259295 0.59375 0.0990740731 0.59375 0.0309259295 0.59375 0.0990740731 </float_array>
          <technique_common>
            <accessor count="42" offset="0" source="#colormap-specular_2-tex0-array" stride="2">
              <param name="S" type="float" />
              <param name="T" type="float" />
            </accessor>
          </technique_common>
        </source>
        <source id="colormap-specular_2-color0" name="colormap-specular_2-color0">
          <float_array id="colormap-specular_2-color0-array" count="126"> 1 1 1 1 1 1 1 1 1 1 1 1 1 1 1 1 1 1 1 1 1 1 1 1 1 1 1 1 1 1 1 1 1 1 1 1 1 1 1 1 1 1 1 1 1 1 1 1 1 1 1 1 1 1 1 1 1 1 1 1 1 1 1 1 1 1 1 1 1 1 1 1 1 1 1 1 1 1 1 1 1 1 1 1 1 1 1 1 1 1 1 1 1 1 1 1 1 1 1 1 1 1 1 1 1 1 1 1 1 1 1 1 1 1 1 1 1 1 1 1 1 1 1 1 1 1 </float_array>
          <technique_common>
            <accessor count="42" offset="0" source="#colormap-specular_2-color0-array" stride="3">
              <param name="R" type="float" />
              <param name="G" type="float" />
              <param name="B" type="float" />
            </accessor>
          </technique_common>
        </source>
        <vertices id="colormap-specular_2-vertices">
          <input semantic="POSITION" source="#colormap-specular_2-positions" />
        </vertices>
        <polylist count="14" material="defaultMaterial">
          <input offset="0" semantic="VERTEX" source="#colormap-specular_2-vertices" />
          <input offset="0" semantic="NORMAL" source="#colormap-specular_2-normals" />
          <input offset="0" semantic="TEXCOORD" source="#colormap-specular_2-tex0" set="0" />
          <input offset="0" semantic="COLOR" source="#colormap-specular_2-color0" set="0" />
          <vcount>3 3 3 3 3 3 3 3 3 3 3 3 3 3 </vcount>
          <p>0 1 2 3 4 5 6 7 8 9 10 11 12 13 14 15 16 17 18 19 20 21 22 23 24 25 26 27 28 29 30 31 32 33 34 35 36 37 38 39 40 41 </p>
        </polylist>
      </mesh>
    </geometry>
  </library_geometries>
  <library_controllers>
  </library_controllers>
  <library_visual_scenes>
    <visual_scene id="building-f.obj" name="building-f.obj">
      <node id="building-f" name="building-f" type="NODE">
        <matrix sid="matrix">1 0 0 0 0 1 0 0 0 0 1 0 0 0 0 1</matrix>
        <instance_geometry url="#building-f_1">
          <bind_material>
            <technique_common>
              <instance_material symbol="defaultMaterial" target="#colormap">
                <bind_vertex_input semantic="CHANNEL0" input_semantic="TEXCOORD" input_set="0"/>
              </instance_material>
            </technique_common>
          </bind_material>
        </instance_geometry>
        <instance_geometry url="#colormap-specular_1">
          <bind_material>
            <technique_common>
              <instance_material symbol="defaultMaterial" target="#colormap-specular">
                <bind_vertex_input semantic="CHANNEL0" input_semantic="TEXCOORD" input_set="0"/>
              </instance_material>
            </technique_common>
          </bind_material>
        </instance_geometry>
        <instance_geometry url="#colormap_1">
          <bind_material>
            <technique_common>
              <instance_material symbol="defaultMaterial" target="#colormap">
                <bind_vertex_input semantic="CHANNEL0" input_semantic="TEXCOORD" input_set="0"/>
              </instance_material>
            </technique_common>
          </bind_material>
        </instance_geometry>
        <instance_geometry url="#colormap-specular_2">
          <bind_material>
            <technique_common>
              <instance_material symbol="defaultMaterial" target="#colormap-specular">
                <bind_vertex_input semantic="CHANNEL0" input_semantic="TEXCOORD" input_set="0"/>
              </instance_material>
            </technique_common>
          </bind_material>
        </instance_geometry>
      </node>
    </visual_scene>
  </library_visual_scenes>
  <scene>
    <instance_visual_scene url="#building-f.obj" />
  </scene>
</COLLADA>
