<?xml version="1.0" encoding="UTF-8" standalone="no" ?>
<COLLADA xmlns="http://www.collada.org/2005/11/COLLADASchema" version="1.4.1">
  <asset>
    <contributor>
      <author>Assimp</author>
      <authoring_tool>Assimp Exporter</authoring_tool>
    </contributor>
    <created>2026-09-03T00:11:31</created>
    <modified>2026-09-03T00:11:31</modified>
    <unit name="meter" meter="1" />
    <up_axis>Y_UP</up_axis>
  </asset>
  <library_images>
    <image id="colormap-diffuse-image">
      <init_from>colormap.png</init_from>
    </image>
  </library_images>
  <library_effects>
    <effect id="DefaultMaterial-fx" name="DefaultMaterial">
      <profile_COMMON>
        <technique sid="standard">
          <phong>
            <emission>
              <color sid="emission">0   0   0   1</color>
            </emission>
            <ambient>
              <color sid="ambient">0.6 0.6 0.6 1</color>
            </ambient>
            <diffuse>
              <color sid="diffuse">0.600000024   0.600000024   0.600000024   1</color>
            </diffuse>
            <specular>
              <color sid="specular">0   0   0   1</color>
            </specular>
            <shininess>
              <float sid="shininess">0</float>
            </shininess>
            <transparent>
              <color sid="transparent">1   1   1   1</color>
            </transparent>
            <transparency>
              <float sid="transparency">1</float>
            </transparency>
            <index_of_refraction>
              <float sid="index_of_refraction">1</float>
            </index_of_refraction>
          </phong>
        </technique>
      </profile_COMMON>
    </effect>
    <effect id="colormap-fx" name="colormap">
      <profile_COMMON>
        <newparam sid="colormap-diffuse-surface">
          <surface type="2D">
            <init_from>colormap-diffuse-image</init_from>
          </surface>
        </newparam>
        <newparam sid="colormap-diffuse-sampler">
          <sampler2D>
            <source>colormap-diffuse-surface</source>
          </sampler2D>
        </newparam>
        <technique sid="standard">
          <phong>
            <emission>
              <color sid="emission">0   0   0   1</color>
            </emission>
            <ambient>
              <color sid="ambient">0.6 0.6 0.6 1</color>
            </ambient>
            <diffuse>
              <texture texture="colormap-diffuse-sampler" texcoord="CHANNEL0" />
            </diffuse>
            <specular>
              <color sid="specular">0   0   0   1</color>
            </specular>
            <shininess>
              <float sid="shininess">0</float>
            </shininess>
            <transparent>
              <color sid="transparent">1   1   1   1</color>
            </transparent>
            <transparency>
              <float sid="transparency">1</float>
            </transparency>
            <index_of_refraction>
              <float sid="index_of_refraction">1</float>
            </index_of_refraction>
          </phong>
        </technique>
      </profile_COMMON>
    </effect>
  </library_effects>
  <library_materials>
    <material id="DefaultMaterial" name="DefaultMaterial">
      <instance_effect url="#DefaultMaterial-fx"/>
    </material>
    <material id="colormap" name="colormap">
      <instance_effect url="#colormap-fx"/>
    </material>
  </library_materials>
  <library_geometries>
    <geometry id="road-bend_1" name="road-bend" >
      <mesh>
        <source id="road-bend_1-positions" name="road-bend_1-positions">
          <float_array id="road-bend_1-positions-array" count="4680"> -0.413397402 0.0199999996 0.449999988 -0.420664698 0.00999999978 0.439123899 -0.420664698 0.0199999996 0.439123899 -0.420664698 0.00999999978 0.439123899 -0.413397402 0.0199999996 0.449999988 -0.413397402 0.00999999978 0.449999988 -0.420664698 0.0199999996 0.439123899 -0.429289311 0.00999999978 0.429289311 -0.429289311 0.0199999996 0.429289311 -0.429289311 0.00999999978 0.429289311 -0.420664698 0.0199999996 0.439123899 -0.420664698 0.00999999978 0.439123899 -0.439123899 0.0199999996 0.420664698 -0.429289311 0.00999999978 0.429289311 -0.439123899 0.00999999978 0.420664698 -0.429289311 0.00999999978 0.429289311 -0.439123899 0.0199999996 0.420664698 -0.429289311 0.0199999996 0.429289311 -0.461731613 0.0199999996 0.407611996 -0.449999988 0.00999999978 0.413397402 -0.461731613 0.00999999978 0.407611996 -0.449999988 0.00999999978 0.413397402 -0.461731613 0.0199999996 0.407611996 -0.449999988 0.0199999996 0.413397402 -0.474118114 0.0199999996 0.403407395 -0.461731613 0.00999999978 0.407611996 -0.474118114 0.00999999978 0.403407395 -0.461731613 0.00999999978 0.407611996 -0.474118114 0.0199999996 0.403407395 -0.461731613 0.0199999996 0.407611996 -0.5 0.0199999996 0.400000006 -0.486947387 0.00999999978 0.400855511 -0.5 0.00999999978 0.400000006 -0.486947387 0.00999999978 0.400855511 -0.5 0.0199999996 0.400000006 -0.486947387 0.0199999996 0.400855511 -0.267062902 0.00999999978 -0.369333208 -0.382526398 0.0199999996 -0.392300397 -0.382526398 0.00999999978 -0.392300397 -0.382526398 0.0199999996 -0.392300397 -0.267062902 0.00999999978 -0.369333208 -0.267062902 0.0199999996 -0.369333208 -0.155584902 0.00999999978 -0.33149159 -0.267062902 0.0199999996 -0.369333208 -0.267062902 0.00999999978 -0.369333208 -0.267062902 0.0199999996 -0.369333208 -0.155584902 0.00999999978 -0.33149159 -0.155584902 0.0199999996 -0.33149159 -0.449999988 0.0199999996 0.413397402 -0.439123899 0.00999999978 0.420664698 -0.449999988 0.00999999978 0.413397402 -0.439123899 0.00999999978 0.420664698 -0.449999988 0.0199999996 0.413397402 -0.439123899 0.0199999996 0.420664698 -0.486947387 0.0199999996 0.400855511 -0.474118114 0.00999999978 0.403407395 -0.486947387 0.00999999978 0.400855511 -0.474118114 0.00999999978 0.403407395 -0.486947387 0.0199999996 0.400855511 -0.474118114 0.0199999996 0.403407395 0.33149159 0.00999999978 0.155584902 0.27942279 0.0199999996 0.0500000007 0.27942279 0.00999999978 0.0500000007 0.27942279 0.0199999996 0.0500000007 0.33149159 0.00999999978 0.155584902 0.33149159 0.0199999996 0.155584902 -0.5 0 0.5 0.491444886 0 0.369473785 0.5 0 0.5 0.491444886 0 0.369473785 -0.5 0 0.5 0.465925813 0 0.241181001 0.465925813 0 0.241181001 -0.5 0 0.5 0.423879504 0 0.117316604 0.423879504 0 0.117316604 -0.5 0 0.5 0.366025388 1.12798699e-17 -1.5882049e-14 0.366025388 1.12798699e-17 -1.5882049e-14 -0.5 0 0.5 0.293353289 2.25597299e-17 -0.1087614 0.293353289 2.25597299e-17 -0.1087614 -0.5 0 0.5 0.207106799 4.51194599e-17 -0.207106799 0.207106799 4.51194599e-17 -0.207106799 -0.5 0 0.5 0.1087614 6.76791964e-17 -0.293353289 0.1087614 6.76791964e-17 -0.293353289 -0.5 0 0.5 3.60955705e-16 9.0238933e-17 -0.366025388 3.60955705e-16 9.0238933e-17 -0.366025388 -0.5 0 0.5 -0.117316604 1.24078508e-16 -0.423879504 -0.117316604 1.24078508e-16 -0.423879504 -0.5 0 0.5 -0.241181001 1.57918096e-16 -0.465925813 -0.241181001 1.57918096e-16 -0.465925813 -0.5 0 0.5 -0.369473785 2.03037596e-16 -0.491444886 -0.369473785 2.03037596e-16 -0.491444886 -0.5 0 0.5 -0.5 0 -0.5 0.0478852801 0.00999999978 -0.214018002 -0.0500000007 0.0199999996 -0.27942279 -0.0500000007 0.00999999978 -0.27942279 -0.0500000007 0.0199999996 -0.27942279 0.0478852801 0.00999999978 -0.214018002 0.0478852801 0.0199999996 -0.214018002 -0.382526398 0.00999999978 -0.392300397 -0.5 0.0199999996 -0.400000006 -0.5 0.00999999978 -0.400000006 -0.5 0.0199999996 -0.400000006 -0.382526398 0.00999999978 -0.392300397 -0.382526398 0.0199999996 -0.392300397 0.136396095 0.00999999978 -0.136396095 0.0478852801 0.0199999996 -0.214018002 0.0478852801 0.00999999978 -0.214018002 0.0478852801 0.0199999996 -0.214018002 0.136396095 0.00999999978 -0.136396095 0.136396095 0.0199999996 -0.136396095 0.27942279 0.00999999978 0.0500000007 0.214018002 0.0199999996 -0.0478852801 0.214018002 0.00999999978 -0.0478852801 0.214018002 0.0199999996 -0.0478852801 0.27942279 0.00999999978 0.0500000007 0.27942279 0.0199999996 0.0500000007 0.392300397 0.00999999978 0.382526398 0.369333208 0.0199999996 0.267062902 0.369333208 0.00999999978 0.267062902 0.369333208 0.0199999996 0.267062902 0.392300397 0.00999999978 0.382526398 0.392300397 0.0199999996 0.382526398 0.400000006 0.00999999978 0.5 0.392300397 0.0199999996 0.382526398 0.392300397 0.00999999978 0.382526398 0.392300397 0.0199999996 0.382526398 0.400000006 0.00999999978 0.5 0.400000006 0.0199999996 0.5 -0.400855511 0.0199999996 0.486947387 -0.5 0.0199999996 0.5 -0.400000006 0.0199999996 0.5 -0.5 0.0199999996 0.5 -0.400855511 0.0199999996 0.486947387 -0.403407395 0.0199999996 0.474118114 -0.5 0.0199999996 0.5 -0.403407395 0.0199999996 0.474118114 -0.407611996 0.0199999996 0.461731613 -0.5 0.0199999996 0.5 -0.407611996 0.0199999996 0.461731613 -0.413397402 0.0199999996 0.449999988 -0.5 0.0199999996 0.5 -0.413397402 0.0199999996 0.449999988 -0.420664698 0.0199999996 0.439123899 -0.5 0.0199999996 0.5 -0.420664698 0.0199999996 0.439123899 -0.429289311 0.0199999996 0.429289311 -0.5 0.0199999996 0.5 -0.429289311 0.0199999996 0.429289311 -0.439123899 0.0199999996 0.420664698 -0.5 0.0199999996 0.5 -0.439123899 0.0199999996 0.420664698 -0.449999988 0.0199999996 0.413397402 -0.5 0.0199999996 0.5 -0.449999988 0.0199999996 0.413397402 -0.461731613 0.0199999996 0.407611996 -0.5 0.0199999996 0.5 -0.461731613 0.0199999996 0.407611996 -0.474118114 0.0199999996 0.403407395 -0.5 0.0199999996 0.5 -0.474118114 0.0199999996 0.403407395 -0.486947387 0.0199999996 0.400855511 -0.5 0.0199999996 0.5 -0.486947387 0.0199999996 0.400855511 -0.5 0.0199999996 0.400000006 -0.400855511 0.0199999996 0.486947387 -0.403407395 0.00999999978 0.474118114 -0.403407395 0.0199999996 0.474118114 -0.403407395 0.00999999978 0.474118114 -0.400855511 0.0199999996 0.486947387 -0.400855511 0.00999999978 0.486947387 -0.403407395 0.0199999996 0.474118114 -0.407611996 0.00999999978 0.461731613 -0.407611996 0.0199999996 0.461731613 -0.407611996 0.00999999978 0.461731613 -0.403407395 0.0199999996 0.474118114 -0.403407395 0.00999999978 0.474118114 -0.0500000007 0.00999999978 -0.27942279 -0.155584902 0.0199999996 -0.33149159 -0.155584902 0.00999999978 -0.33149159 -0.155584902 0.0199999996 -0.33149159 -0.0500000007 0.00999999978 -0.27942279 -0.0500000007 0.0199999996 -0.27942279 -0.407611996 0.0199999996 0.461731613 -0.413397402 0.00999999978 0.449999988 -0.413397402 0.0199999996 0.449999988 -0.413397402 0.00999999978 0.449999988 -0.407611996 0.0199999996 0.461731613 -0.407611996 0.00999999978 0.461731613 0.369333208 0.00999999978 0.267062902 0.33149159 0.0199999996 0.155584902 0.33149159 0.00999999978 0.155584902 0.33149159 0.0199999996 0.155584902 0.369333208 0.00999999978 0.267062902 0.369333208 0.0199999996 0.267062902 -0.400000006 0.0199999996 0.5 -0.400855511 0.00999999978 0.486947387 -0.400855511 0.0199999996 0.486947387 -0.400855511 0.00999999978 0.486947387 -0.400000006 0.0199999996 0.5 -0.400000006 0.00999999978 0.5 0.214018002 0.00999999978 -0.0478852801 0.136396095 0.0199999996 -0.136396095 0.136396095 0.00999999978 -0.136396095 0.136396095 0.0199999996 -0.136396095 0.214018002 0.00999999978 -0.0478852801 0.214018002 0.0199999996 -0.0478852801 0.491444886 0.0199999996 0.369473785 0.400000006 0.0199999996 0.5 0.5 0.0199999996 0.5 0.400000006 0.0199999996 0.5 0.491444886 0.0199999996 0.369473785 0.465925813 0.0199999996 0.241181001 0.400000006 0.0199999996 0.5 0.465925813 0.0199999996 0.241181001 0.423879504 0.0199999996 0.117316604 0.400000006 0.0199999996 0.5 0.423879504 0.0199999996 0.117316604 0.392300397 0.0199999996 0.382526398 0.392300397 0.0199999996 0.382526398 0.423879504 0.0199999996 0.117316604 0.366025388 0.0199999996 -1.5882049e-14 0.392300397 0.0199999996 0.382526398 0.366025388 0.0199999996 -1.5882049e-14 0.369333208 0.0199999996 0.267062902 0.369333208 0.0199999996 0.267062902 0.366025388 0.0199999996 -1.5882049e-14 0.33149159 0.0199999996 0.155584902 0.33149159 0.0199999996 0.155584902 0.366025388 0.0199999996 -1.5882049e-14 0.293353289 0.0199999996 -0.1087614 0.33149159 0.0199999996 0.155584902 0.293353289 0.0199999996 -0.1087614 0.27942279 0.0199999996 0.0500000007 0.27942279 0.0199999996 0.0500000007 0.293353289 0.0199999996 -0.1087614 0.207106799 0.0199999996 -0.207106799 0.27942279 0.0199999996 0.0500000007 0.207106799 0.0199999996 -0.207106799 0.214018002 0.0199999996 -0.0478852801 0.214018002 0.0199999996 -0.0478852801 0.207106799 0.0199999996 -0.207106799 0.136396095 0.0199999996 -0.136396095 0.136396095 0.0199999996 -0.136396095 0.207106799 0.0199999996 -0.207106799 0.1087614 0.0199999996 -0.293353289 0.136396095 0.0199999996 -0.136396095 0.1087614 0.0199999996 -0.293353289 0.0478852801 0.0199999996 -0.214018002 0.0478852801 0.0199999996 -0.214018002 0.1087614 0.0199999996 -0.293353289 3.60955705e-16 0.0199999996 -0.366025388 0.0478852801 0.0199999996 -0.214018002 3.60955705e-16 0.0199999996 -0.366025388 -0.0500000007 0.0199999996 -0.27942279 -0.0500000007 0.0199999996 -0.27942279 3.60955705e-16 0.0199999996 -0.366025388 -0.117316604 0.0199999996 -0.423879504 -0.0500000007 0.0199999996 -0.27942279 -0.117316604 0.0199999996 -0.423879504 -0.155584902 0.0199999996 -0.33149159 -0.155584902 0.0199999996 -0.33149159 -0.117316604 0.0199999996 -0.423879504 -0.241181001 0.0199999996 -0.465925813 -0.155584902 0.0199999996 -0.33149159 -0.241181001 0.0199999996 -0.465925813 -0.267062902 0.0199999996 -0.369333208 -0.267062902 0.0199999996 -0.369333208 -0.241181001 0.0199999996 -0.465925813 -0.369473785 0.0199999996 -0.491444886 -0.267062902 0.0199999996 -0.369333208 -0.369473785 0.0199999996 -0.491444886 -0.382526398 0.0199999996 -0.392300397 -0.382526398 0.0199999996 -0.392300397 -0.369473785 0.0199999996 -0.491444886 -0.5 0.0199999996 -0.5 -0.382526398 0.0199999996 -0.392300397 -0.5 0.0199999996 -0.5 -0.5 0.0199999996 -0.400000006 -0.5 0.0199999996 -0.5 -0.369473785 2.03037596e-16 -0.491444886 -0.5 0 -0.5 -0.369473785 2.03037596e-16 -0.491444886 -0.5 0.0199999996 -0.5 -0.369473785 0.0199999996 -0.491444886 -0.369473785 2.03037596e-16 -0.491444886 -0.241181001 0.0199999996 -0.465925813 -0.241181001 1.57918096e-16 -0.465925813 -0.241181001 0.0199999996 -0.465925813 -0.369473785 2.03037596e-16 -0.491444886 -0.369473785 0.0199999996 -0.491444886 -0.241181001 1.57918096e-16 -0.465925813 -0.117316604 0.0199999996 -0.423879504 -0.117316604 1.24078508e-16 -0.423879504 -0.117316604 0.0199999996 -0.423879504 -0.241181001 1.57918096e-16 -0.465925813 -0.241181001 0.0199999996 -0.465925813 -0.117316604 1.24078508e-16 -0.423879504 3.60955705e-16 0.0199999996 -0.366025388 3.60955705e-16 9.0238933e-17 -0.366025388 3.60955705e-16 0.0199999996 -0.366025388 -0.117316604 1.24078508e-16 -0.423879504 -0.117316604 0.0199999996 -0.423879504 3.60955705e-16 9.0238933e-17 -0.366025388 0.1087614 0.0199999996 -0.293353289 0.1087614 6.76791964e-17 -0.293353289 0.1087614 0.0199999996 -0.293353289 3.60955705e-16 9.0238933e-17 -0.366025388 3.60955705e-16 0.0199999996 -0.366025388 0.1087614 6.76791964e-17 -0.293353289 0.207106799 0.0199999996 -0.207106799 0.207106799 4.51194599e-17 -0.207106799 0.207106799 0.0199999996 -0.207106799 0.1087614 6.76791964e-17 -0.293353289 0.1087614 0.0199999996 -0.293353289 0.293353289 0.0199999996 -0.1087614 0.207106799 4.51194599e-17 -0.207106799 0.207106799 0.0199999996 -0.207106799 0.207106799 4.51194599e-17 -0.207106799 0.293353289 0.0199999996 -0.1087614 0.293353289 2.25597299e-17 -0.1087614 0.366025388 0.0199999996 -1.5882049e-14 0.293353289 2.25597299e-17 -0.1087614 0.293353289 0.0199999996 -0.1087614 0.293353289 2.25597299e-17 -0.1087614 0.366025388 0.0199999996 -1.5882049e-14 0.366025388 1.12798699e-17 -1.5882049e-14 0.423879504 0.0199999996 0.117316604 0.366025388 1.12798699e-17 -1.5882049e-14 0.366025388 0.0199999996 -1.5882049e-14 0.366025388 1.12798699e-17 -1.5882049e-14 0.423879504 0.0199999996 0.117316604 0.423879504 0 0.117316604 0.465925813 0.0199999996 0.241181001 0.423879504 0 0.117316604 0.423879504 0.0199999996 0.117316604 0.423879504 0 0.117316604 0.465925813 0.0199999996 0.241181001 0.465925813 0 0.241181001 0.491444886 0.0199999996 0.369473785 0.465925813 0 0.241181001 0.465925813 0.0199999996 0.241181001 0.465925813 0 0.241181001 0.491444886 0.0199999996 0.369473785 0.491444886 0 0.369473785 0.5 0.0199999996 0.5 0.491444886 0 0.369473785 0.491444886 0.0199999996 0.369473785 0.491444886 0 0.369473785 0.5 0.0199999996 0.5 0.5 0 0.5 -0.5 0.0199999996 0.400000006 -0.5 0 0.5 -0.5 0.0199999996 0.5 -0.5 0.00999999978 0.400000006 -0.5 0 0.5 -0.5 0.0199999996 0.400000006 -0.5 0.00999999978 0.300000012 -0.5 0 0.5 -0.5 0.00999999978 0.400000006 -0.5 0.00999999978 0.00999999978 -0.5 0 0.5 -0.5 0.00999999978 0.300000012 -0.5 0.00999999978 -0.00999999978 -0.5 0 0.5 -0.5 0.00999999978 0.00999999978 -0.5 0.00999999978 -0.300000012 -0.5 0 0.5 -0.5 0.00999999978 -0.00999999978 -0.5 0.00999999978 -0.400000006 -0.5 0 0.5 -0.5 0.00999999978 -0.300000012 -0.5 0.00999999978 -0.400000006 -0.5 0 -0.5 -0.5 0 0.5 -0.5 0 -0.5 -0.5 0.00999999978 -0.400000006 -0.5 0.0199999996 -0.5 -0.5 0.0199999996 -0.400000006 -0.5 0.0199999996 -0.5 -0.5 0.00999999978 -0.400000006 0.400000006 0.00999999978 0.5 0.5 0.0199999996 0.5 0.400000006 0.0199999996 0.5 0.400000006 0.00999999978 0.5 0.5 0 0.5 0.5 0.0199999996 0.5 0.5 0 0.5 0.400000006 0.00999999978 0.5 -0.5 0 0.5 -0.5 0 0.5 0.400000006 0.00999999978 0.5 0.300000012 0.00999999978 0.5 -0.400000006 0.00999999978 0.5 -0.5 0 0.5 0.300000012 0.00999999978 0.5 -0.5 0 0.5 -0.400000006 0.00999999978 0.5 -0.5 0.0199999996 0.5 -0.5 0.0199999996 0.5 -0.400000006 0.00999999978 0.5 -0.400000006 0.0199999996 0.5 0.00999999978 0.00999999978 0.5 -0.400000006 0.00999999978 0.5 0.300000012 0.00999999978 0.5 -0.400000006 0.00999999978 0.5 0.00999999978 0.00999999978 0.5 -0.300000012 0.00999999978 0.5 -0.300000012 0.00999999978 0.5 0.00999999978 0.00999999978 0.5 -0.00999999978 0.00999999978 0.5 -0.0141919302 0.00999999978 0.43604219 -0.299999893 0.00999999978 0.5 -0.00999990944 0.00999999978 0.5 -0.299999893 0.00999999978 0.5 -0.0141919302 0.00999999978 0.43604219 -0.0266962498 0.00999999978 0.373178691 -0.299999893 0.00999999978 0.5 -0.0266962498 0.00999999978 0.373178691 -0.0472989418 0.00999999978 0.312485188 -0.299999893 0.00999999978 0.5 -0.0472989418 0.00999999978 0.312485188 -0.0756474584 0.00999999978 0.254999995 -0.299999893 0.00999999978 0.5 -0.0756474584 0.00999999978 0.254999995 -0.111256801 0.00999999978 0.201706901 -0.299999893 0.00999999978 0.5 -0.111256801 0.00999999978 0.201706901 -0.153517604 0.00999999978 0.153517693 -0.299999893 0.00999999978 0.5 -0.153517604 0.00999999978 0.153517693 -0.201706797 0.00999999978 0.111256897 -0.299999893 0.00999999978 0.5 -0.201706797 0.00999999978 0.111256897 -0.254999906 0.00999999978 0.0756475776 -0.299999893 0.00999999978 0.5 -0.254999906 0.00999999978 0.0756475776 -0.312485009 0.00999999978 0.047299061 -0.299999893 0.00999999978 0.5 -0.312485009 0.00999999978 0.047299061 -0.301710904 0.00999999978 0.473894805 -0.301710904 0.00999999978 0.473894805 -0.312485009 0.00999999978 0.047299061 -0.3068147 0.00999999978 0.448236197 -0.3068147 0.00999999978 0.448236197 -0.312485009 0.00999999978 0.047299061 -0.315223992 0.00999999978 0.423463315 -0.315223992 0.00999999978 0.423463315 -0.312485009 0.00999999978 0.047299061 -0.373178601 0.00999999978 0.0266963709 -0.315223992 0.00999999978 0.423463315 -0.373178601 0.00999999978 0.0266963709 -0.326794803 0.00999999978 0.400000006 -0.326794803 0.00999999978 0.400000006 -0.373178601 0.00999999978 0.0266963709 -0.341329187 0.00999999978 0.378247708 -0.341329187 0.00999999978 0.378247708 -0.373178601 0.00999999978 0.0266963709 -0.358578503 0.00999999978 0.358578712 -0.358578503 0.00999999978 0.358578712 -0.373178601 0.00999999978 0.0266963709 -0.378247589 0.00999999978 0.341329306 -0.378247589 0.00999999978 0.341329306 -0.373178601 0.00999999978 0.0266963709 -0.4360421 0.00999999978 0.0141920401 -0.378247589 0.00999999978 0.341329306 -0.4360421 0.00999999978 0.0141920401 -0.399999887 0.00999999978 0.326795012 -0.399999887 0.00999999978 0.326795012 -0.4360421 0.00999999978 0.0141920401 -0.423463196 0.00999999978 0.315224111 -0.423463196 0.00999999978 0.315224111 -0.4360421 0.00999999978 0.0141920401 -0.448236108 0.00999999978 0.30681479 -0.448236108 0.00999999978 0.30681479 -0.4360421 0.00999999978 0.0141920401 -0.499999911 0.00999999978 0.0100000296 -0.448236108 0.00999999978 0.30681479 -0.499999911 0.00999999978 0.0100000296 -0.473894686 0.00999999978 0.301711112 -0.473894686 0.00999999978 0.301711112 -0.499999911 0.00999999978 0.0100000296 -0.499999911 0.00999999978 0.300000012 0.293155998 0.00999999978 0.3955791 0.0100000901 0.00999999978 0.5 0.300000101 0.00999999978 0.5 0.0100000901 0.00999999978 0.5 0.293155998 0.00999999978 0.3955791 0.272740811 0.00999999978 0.292944789 0.0100000901 0.00999999978 0.5 0.272740811 0.00999999978 0.292944789 0.239103705 0.00999999978 0.193853304 0.0100000901 0.00999999978 0.5 0.239103705 0.00999999978 0.193853304 0.1928204 0.00999999978 0.100000001 0.0100000901 0.00999999978 0.5 0.1928204 0.00999999978 0.100000001 0.134682804 0.00999999978 0.0129908798 0.0100000901 0.00999999978 0.5 0.134682804 0.00999999978 0.0129908798 0.065685533 0.00999999978 -0.0656854063 0.0100000901 0.00999999978 0.5 0.065685533 0.00999999978 -0.0656854063 -0.0129907597 0.00999999978 -0.134682596 0.0100000901 0.00999999978 0.5 -0.0129907597 0.00999999978 -0.134682596 0.00563697517 0.00999999978 0.433431715 0.00563697517 0.00999999978 0.433431715 -0.0129907597 0.00999999978 -0.134682596 -0.0073777358 0.00999999978 0.368002295 -0.0073777358 0.00999999978 0.368002295 -0.0129907597 0.00999999978 -0.134682596 -0.0288213491 0.00999999978 0.304831386 -0.0288213491 0.00999999978 0.304831386 -0.0129907597 0.00999999978 -0.134682596 -0.0999998972 0.00999999978 -0.192820296 -0.0288213491 0.00999999978 0.304831386 -0.0999998972 0.00999999978 -0.192820296 -0.0583269484 0.00999999978 0.245000005 -0.0583269484 0.00999999978 0.245000005 -0.0999998972 0.00999999978 -0.192820296 -0.0953897014 0.00999999978 0.189531699 -0.0953897014 0.00999999978 0.189531699 -0.0999998972 0.00999999978 -0.192820296 -0.139375404 0.00999999978 0.139375597 -0.139375404 0.00999999978 0.139375597 -0.0999998972 0.00999999978 -0.192820296 -0.193853199 0.00999999978 -0.2391036 -0.139375404 0.00999999978 0.139375597 -0.193853199 0.00999999978 -0.2391036 -0.189531595 0.00999999978 0.0953898206 -0.189531595 0.00999999978 0.0953898206 -0.193853199 0.00999999978 -0.2391036 -0.2449999 0.00999999978 0.0583270714 -0.2449999 0.00999999978 0.0583270714 -0.193853199 0.00999999978 -0.2391036 -0.2929447 0.00999999978 -0.272740602 -0.2449999 0.00999999978 0.0583270714 -0.2929447 0.00999999978 -0.272740602 -0.304831296 0.00999999978 0.0288214702 -0.304831296 0.00999999978 0.0288214702 -0.2929447 0.00999999978 -0.272740602 -0.39557901 0.00999999978 -0.293155909 -0.304831296 0.00999999978 0.0288214702 -0.39557901 0.00999999978 -0.293155909 -0.368002206 0.00999999978 0.00737785501 -0.368002206 0.00999999978 0.00737785501 -0.39557901 0.00999999978 -0.293155909 -0.433431506 0.00999999978 -0.00563685596 -0.433431506 0.00999999978 -0.00563685596 -0.39557901 0.00999999978 -0.293155909 -0.499999911 0.00999999978 -0.300000012 -0.433431506 0.00999999978 -0.00563685596 -0.499999911 0.00999999978 -0.300000012 -0.499999911 0.00999999978 -0.00999996811 0.00563699007 0.00999999978 0.433431596 -0.00999988616 0.00999999978 0.5 0.0100001097 0.00999999978 0.5 -0.00999988616 0.00999999978 0.5 0.00563699007 0.00999999978 0.433431596 -0.00737771392 0.00999999978 0.368002295 -0.00999988616 0.00999999978 0.5 -0.00737771392 0.00999999978 0.368002295 -0.0141919097 0.00999999978 0.43604219 -0.0141919097 0.00999999978 0.43604219 -0.00737771392 0.00999999978 0.368002295 -0.0288213193 0.00999999978 0.304831386 -0.0141919097 0.00999999978 0.43604219 -0.0288213193 0.00999999978 0.304831386 -0.0266962294 0.00999999978 0.373178691 -0.0266962294 0.00999999978 0.373178691 -0.0288213193 0.00999999978 0.304831386 -0.0472989194 0.00999999978 0.312485099 -0.0472989194 0.00999999978 0.312485099 -0.0288213193 0.00999999978 0.304831386 -0.0583269298 0.00999999978 0.245000005 -0.0472989194 0.00999999978 0.312485099 -0.0583269298 0.00999999978 0.245000005 -0.0756474286 0.00999999978 0.254999995 -0.0756474286 0.00999999978 0.254999995 -0.0583269298 0.00999999978 0.245000005 -0.0953896865 0.00999999978 0.189531699 -0.0756474286 0.00999999978 0.254999995 -0.0953896865 0.00999999978 0.189531699 -0.111256696 0.00999999978 0.201706901 -0.111256696 0.00999999978 0.201706901 -0.0953896865 0.00999999978 0.189531699 -0.139375404 0.00999999978 0.139375493 -0.111256696 0.00999999978 0.201706901 -0.139375404 0.00999999978 0.139375493 -0.153517604 0.00999999978 0.153517693 -0.153517604 0.00999999978 0.153517693 -0.139375404 0.00999999978 0.139375493 -0.189531505 0.00999999978 0.0953898132 -0.153517604 0.00999999978 0.153517693 -0.189531505 0.00999999978 0.0953898132 -0.201706797 0.00999999978 0.111256897 -0.201706797 0.00999999978 0.111256897 -0.189531505 0.00999999978 0.0953898132 -0.2449999 0.00999999978 0.058327049 -0.201706797 0.00999999978 0.111256897 -0.2449999 0.00999999978 0.058327049 -0.254999906 0.00999999978 0.0756475478 -0.254999906 0.00999999978 0.0756475478 -0.2449999 0.00999999978 0.058327049 -0.304831296 0.00999999978 0.0288214404 -0.254999906 0.00999999978 0.0756475478 -0.304831296 0.00999999978 0.0288214404 -0.312485009 0.00999999978 0.0472990386 -0.312485009 0.00999999978 0.0472990386 -0.304831296 0.00999999978 0.0288214404 -0.368002206 0.00999999978 0.00737783313 -0.312485009 0.00999999978 0.0472990386 -0.368002206 0.00999999978 0.00737783313 -0.373178512 0.00999999978 0.0266963504 -0.373178512 0.00999999978 0.0266963504 -0.368002206 0.00999999978 0.00737783313 -0.433431506 0.00999999978 -0.00563687086 -0.373178512 0.00999999978 0.0266963504 -0.433431506 0.00999999978 -0.00563687086 -0.4360421 0.00999999978 0.0141920298 -0.4360421 0.00999999978 0.0141920298 -0.433431506 0.00999999978 -0.00563687086 -0.499999911 0.00999999978 -0.00999999046 -0.4360421 0.00999999978 0.0141920298 -0.499999911 0.00999999978 -0.00999999046 -0.499999911 0.00999999978 0.01000001 0.392300397 0.00999999978 0.382526398 0.300000012 0.00999999978 0.5 0.400000006 0.00999999978 0.5 0.300000012 0.00999999978 0.5 0.392300397 0.00999999978 0.382526398 0.369333297 0.00999999978 0.267062902 0.300000012 0.00999999978 0.5 0.369333297 0.00999999978 0.267062902 0.33149159 0.00999999978 0.155584902 0.300000012 0.00999999978 0.5 0.33149159 0.00999999978 0.155584902 0.279422909 0.00999999978 0.0500000082 0.300000012 0.00999999978 0.5 0.279422909 0.00999999978 0.0500000082 0.293155909 0.00999999978 0.3955791 0.293155909 0.00999999978 0.3955791 0.279422909 0.00999999978 0.0500000082 0.272740692 0.00999999978 0.292944789 0.272740692 0.00999999978 0.292944789 0.279422909 0.00999999978 0.0500000082 0.214018106 0.00999999978 -0.0478852801 0.272740692 0.00999999978 0.292944789 0.214018106 0.00999999978 -0.0478852801 0.239103705 0.00999999978 0.193853304 0.239103705 0.00999999978 0.193853304 0.214018106 0.00999999978 -0.0478852801 0.1928204 0.00999999978 0.100000001 0.1928204 0.00999999978 0.100000001 0.214018106 0.00999999978 -0.0478852801 0.136396199 0.00999999978 -0.136396095 0.1928204 0.00999999978 0.100000001 0.136396199 0.00999999978 -0.136396095 0.1346827 0.00999999978 0.0129908696 0.1346827 0.00999999978 0.0129908696 0.136396199 0.00999999978 -0.136396095 0.0478853397 0.00999999978 -0.214018002 0.1346827 0.00999999978 0.0129908696 0.0478853397 0.00999999978 -0.214018002 0.0656854734 0.00999999978 -0.0656854063 0.0656854734 0.00999999978 -0.0656854063 0.0478853397 0.00999999978 -0.214018002 -0.01299081 0.00999999978 -0.1346827 -0.01299081 0.00999999978 -0.1346827 0.0478853397 0.00999999978 -0.214018002 -0.0499999486 0.00999999978 -0.27942279 -0.01299081 0.00999999978 -0.1346827 -0.0499999486 0.00999999978 -0.27942279 -0.0999999493 0.00999999978 -0.192820296 -0.0999999493 0.00999999978 -0.192820296 -0.0499999486 0.00999999978 -0.27942279 -0.155584902 0.00999999978 -0.33149159 -0.0999999493 0.00999999978 -0.192820296 -0.155584902 0.00999999978 -0.33149159 -0.193853199 0.00999999978 -0.2391036 -0.193853199 0.00999999978 -0.2391036 -0.155584902 0.00999999978 -0.33149159 -0.267062813 0.00999999978 -0.369333208 -0.193853199 0.00999999978 -0.2391036 -0.267062813 0.00999999978 -0.369333208 -0.2929447 0.00999999978 -0.272740692 -0.2929447 0.00999999978 -0.272740692 -0.267062813 0.00999999978 -0.369333208 -0.382526398 0.00999999978 -0.392300397 -0.2929447 0.00999999978 -0.272740692 -0.382526398 0.00999999978 -0.392300397 -0.39557901 0.00999999978 -0.293155909 -0.39557901 0.00999999978 -0.293155909 -0.382526398 0.00999999978 -0.392300397 -0.499999911 0.00999999978 -0.400000006 -0.39557901 0.00999999978 -0.293155909 -0.499999911 0.00999999978 -0.400000006 -0.499999911 0.00999999978 -0.300000012 -0.301710993 0.00999999978 0.473894805 -0.399999887 0.00999999978 0.5 -0.300000012 0.00999999978 0.5 -0.399999887 0.00999999978 0.5 -0.301710993 0.00999999978 0.473894805 -0.30681479 0.00999999978 0.448236197 -0.399999887 0.00999999978 0.5 -0.30681479 0.00999999978 0.448236197 -0.315224111 0.00999999978 0.423463315 -0.399999887 0.00999999978 0.5 -0.315224111 0.00999999978 0.423463315 -0.326794893 0.00999999978 0.400000006 -0.399999887 0.00999999978 0.5 -0.326794893 0.00999999978 0.400000006 -0.341329306 0.00999999978 0.378247708 -0.399999887 0.00999999978 0.5 -0.341329306 0.00999999978 0.378247708 -0.358578593 0.00999999978 0.358578712 -0.399999887 0.00999999978 0.5 -0.358578593 0.00999999978 0.358578712 -0.378247708 0.00999999978 0.341329306 -0.399999887 0.00999999978 0.5 -0.378247708 0.00999999978 0.341329306 -0.399999887 0.00999999978 0.326794893 -0.399999887 0.00999999978 0.5 -0.399999887 0.00999999978 0.326794893 -0.400855511 0.00999999978 0.486947387 -0.400855511 0.00999999978 0.486947387 -0.399999887 0.00999999978 0.326794893 -0.423463315 0.00999999978 0.315224111 -0.400855511 0.00999999978 0.486947387 -0.423463315 0.00999999978 0.315224111 -0.403407395 0.00999999978 0.474118114 -0.403407395 0.00999999978 0.474118114 -0.423463315 0.00999999978 0.315224111 -0.407611996 0.00999999978 0.461731702 -0.407611996 0.00999999978 0.461731702 -0.423463315 0.00999999978 0.315224111 -0.413397402 0.00999999978 0.449999988 -0.413397402 0.00999999978 0.449999988 -0.423463315 0.00999999978 0.315224111 -0.420664608 0.00999999978 0.439123899 -0.420664608 0.00999999978 0.439123899 -0.423463315 0.00999999978 0.315224111 -0.429289311 0.00999999978 0.429289311 -0.429289311 0.00999999978 0.429289311 -0.423463315 0.00999999978 0.315224111 -0.448236108 0.00999999978 0.30681479 -0.429289311 0.00999999978 0.429289311 -0.448236108 0.00999999978 0.30681479 -0.439123809 0.00999999978 0.420664698 -0.439123809 0.00999999978 0.420664698 -0.448236108 0.00999999978 0.30681479 -0.449999988 0.00999999978 0.413397491 -0.449999988 0.00999999978 0.413397491 -0.448236108 0.00999999978 0.30681479 -0.473894686 0.00999999978 0.301710993 -0.449999988 0.00999999978 0.413397491 -0.473894686 0.00999999978 0.301710993 -0.461731613 0.00999999978 0.407612085 -0.461731613 0.00999999978 0.407612085 -0.473894686 0.00999999978 0.301710993 -0.474118114 0.00999999978 0.403407395 -0.474118114 0.00999999978 0.403407395 -0.473894686 0.00999999978 0.301710993 -0.499999911 0.00999999978 0.300000012 -0.474118114 0.00999999978 0.403407395 -0.499999911 0.00999999978 0.300000012 -0.486947298 0.00999999978 0.400855511 -0.486947298 0.00999999978 0.400855511 -0.499999911 0.00999999978 0.300000012 -0.499999911 0.00999999978 0.400000006 -0.413397402 0.0199999996 0.449999988 -0.420664698 0.00999999978 0.439123899 -0.420664698 0.0199999996 0.439123899 -0.420664698 0.00999999978 0.439123899 -0.413397402 0.0199999996 0.449999988 -0.413397402 0.00999999978 0.449999988 -0.420664698 0.0199999996 0.439123899 -0.429289311 0.00999999978 0.429289311 -0.429289311 0.0199999996 0.429289311 -0.429289311 0.00999999978 0.429289311 -0.420664698 0.0199999996 0.439123899 -0.420664698 0.00999999978 0.439123899 -0.439123899 0.0199999996 0.420664698 -0.429289311 0.00999999978 0.429289311 -0.439123899 0.00999999978 0.420664698 -0.429289311 0.00999999978 0.429289311 -0.439123899 0.0199999996 0.420664698 -0.429289311 0.0199999996 0.429289311 -0.461731613 0.0199999996 0.407611996 -0.449999988 0.00999999978 0.413397402 -0.461731613 0.00999999978 0.407611996 -0.449999988 0.00999999978 0.413397402 -0.461731613 0.0199999996 0.407611996 -0.449999988 0.0199999996 0.413397402 -0.474118114 0.0199999996 0.403407395 -0.461731613 0.00999999978 0.407611996 -0.474118114 0.00999999978 0.403407395 -0.461731613 0.00999999978 0.407611996 -0.474118114 0.0199999996 0.403407395 -0.461731613 0.0199999996 0.407611996 -0.5 0.0199999996 0.400000006 -0.486947387 0.00999999978 0.400855511 -0.5 0.00999999978 0.400000006 -0.486947387 0.00999999978 0.400855511 -0.5 0.0199999996 0.400000006 -0.486947387 0.0199999996 0.400855511 -0.267062902 0.00999999978 -0.369333208 -0.382526398 0.0199999996 -0.392300397 -0.382526398 0.00999999978 -0.392300397 -0.382526398 0.0199999996 -0.392300397 -0.267062902 0.00999999978 -0.369333208 -0.267062902 0.0199999996 -0.369333208 -0.155584902 0.00999999978 -0.33149159 -0.267062902 0.0199999996 -0.369333208 -0.267062902 0.00999999978 -0.369333208 -0.267062902 0.0199999996 -0.369333208 -0.155584902 0.00999999978 -0.33149159 -0.155584902 0.0199999996 -0.33149159 -0.449999988 0.0199999996 0.413397402 -0.439123899 0.00999999978 0.420664698 -0.449999988 0.00999999978 0.413397402 -0.439123899 0.00999999978 0.420664698 -0.449999988 0.0199999996 0.413397402 -0.439123899 0.0199999996 0.420664698 -0.486947387 0.0199999996 0.400855511 -0.474118114 0.00999999978 0.403407395 -0.486947387 0.00999999978 0.400855511 -0.474118114 0.00999999978 0.403407395 -0.486947387 0.0199999996 0.400855511 -0.474118114 0.0199999996 0.403407395 0.33149159 0.00999999978 0.155584902 0.27942279 0.0199999996 0.0500000007 0.27942279 0.00999999978 0.0500000007 0.27942279 0.0199999996 0.0500000007 0.33149159 0.00999999978 0.155584902 0.33149159 0.0199999996 0.155584902 -0.5 0 0.5 0.491444886 0 0.369473785 0.5 0 0.5 0.491444886 0 0.369473785 -0.5 0 0.5 0.465925813 0 0.241181001 0.465925813 0 0.241181001 -0.5 0 0.5 0.423879504 0 0.117316604 0.423879504 0 0.117316604 -0.5 0 0.5 0.366025388 1.12798699e-17 -1.5882049e-14 0.366025388 1.12798699e-17 -1.5882049e-14 -0.5 0 0.5 0.293353289 2.25597299e-17 -0.1087614 0.293353289 2.25597299e-17 -0.1087614 -0.5 0 0.5 0.207106799 4.51194599e-17 -0.207106799 0.207106799 4.51194599e-17 -0.207106799 -0.5 0 0.5 0.1087614 6.76791964e-17 -0.293353289 0.1087614 6.76791964e-17 -0.293353289 -0.5 0 0.5 3.60955705e-16 9.0238933e-17 -0.366025388 3.60955705e-16 9.0238933e-17 -0.366025388 -0.5 0 0.5 -0.117316604 1.24078508e-16 -0.423879504 -0.117316604 1.24078508e-16 -0.423879504 -0.5 0 0.5 -0.241181001 1.57918096e-16 -0.465925813 -0.241181001 1.57918096e-16 -0.465925813 -0.5 0 0.5 -0.369473785 2.03037596e-16 -0.491444886 -0.369473785 2.03037596e-16 -0.491444886 -0.5 0 0.5 -0.5 0 -0.5 0.0478852801 0.00999999978 -0.214018002 -0.0500000007 0.0199999996 -0.27942279 -0.0500000007 0.00999999978 -0.27942279 -0.0500000007 0.0199999996 -0.27942279 0.0478852801 0.00999999978 -0.214018002 0.0478852801 0.0199999996 -0.214018002 -0.382526398 0.00999999978 -0.392300397 -0.5 0.0199999996 -0.400000006 -0.5 0.00999999978 -0.400000006 -0.5 0.0199999996 -0.400000006 -0.382526398 0.00999999978 -0.392300397 -0.382526398 0.0199999996 -0.392300397 0.136396095 0.00999999978 -0.136396095 0.0478852801 0.0199999996 -0.214018002 0.0478852801 0.00999999978 -0.214018002 0.0478852801 0.0199999996 -0.214018002 0.136396095 0.00999999978 -0.136396095 0.136396095 0.0199999996 -0.136396095 0.27942279 0.00999999978 0.0500000007 0.214018002 0.0199999996 -0.0478852801 0.214018002 0.00999999978 -0.0478852801 0.214018002 0.0199999996 -0.0478852801 0.27942279 0.00999999978 0.0500000007 0.27942279 0.0199999996 0.0500000007 0.392300397 0.00999999978 0.382526398 0.369333208 0.0199999996 0.267062902 0.369333208 0.00999999978 0.267062902 0.369333208 0.0199999996 0.267062902 0.392300397 0.00999999978 0.382526398 0.392300397 0.0199999996 0.382526398 0.400000006 0.00999999978 0.5 0.392300397 0.0199999996 0.382526398 0.392300397 0.00999999978 0.382526398 0.392300397 0.0199999996 0.382526398 0.400000006 0.00999999978 0.5 0.400000006 0.0199999996 0.5 -0.400855511 0.0199999996 0.486947387 -0.5 0.0199999996 0.5 -0.400000006 0.0199999996 0.5 -0.5 0.0199999996 0.5 -0.400855511 0.0199999996 0.486947387 -0.403407395 0.0199999996 0.474118114 -0.5 0.0199999996 0.5 -0.403407395 0.0199999996 0.474118114 -0.407611996 0.0199999996 0.461731613 -0.5 0.0199999996 0.5 -0.407611996 0.0199999996 0.461731613 -0.413397402 0.0199999996 0.449999988 -0.5 0.0199999996 0.5 -0.413397402 0.0199999996 0.449999988 -0.420664698 0.0199999996 0.439123899 -0.5 0.0199999996 0.5 -0.420664698 0.0199999996 0.439123899 -0.429289311 0.0199999996 0.429289311 -0.5 0.0199999996 0.5 -0.429289311 0.0199999996 0.429289311 -0.439123899 0.0199999996 0.420664698 -0.5 0.0199999996 0.5 -0.439123899 0.0199999996 0.420664698 -0.449999988 0.0199999996 0.413397402 -0.5 0.0199999996 0.5 -0.449999988 0.0199999996 0.413397402 -0.461731613 0.0199999996 0.407611996 -0.5 0.0199999996 0.5 -0.461731613 0.0199999996 0.407611996 -0.474118114 0.0199999996 0.403407395 -0.5 0.0199999996 0.5 -0.474118114 0.0199999996 0.403407395 -0.486947387 0.0199999996 0.400855511 -0.5 0.0199999996 0.5 -0.486947387 0.0199999996 0.400855511 -0.5 0.0199999996 0.400000006 -0.400855511 0.0199999996 0.486947387 -0.403407395 0.00999999978 0.474118114 -0.403407395 0.0199999996 0.474118114 -0.403407395 0.00999999978 0.474118114 -0.400855511 0.0199999996 0.486947387 -0.400855511 0.00999999978 0.486947387 -0.403407395 0.0199999996 0.474118114 -0.407611996 0.00999999978 0.461731613 -0.407611996 0.0199999996 0.461731613 -0.407611996 0.00999999978 0.461731613 -0.403407395 0.0199999996 0.474118114 -0.403407395 0.00999999978 0.474118114 -0.0500000007 0.00999999978 -0.27942279 -0.155584902 0.0199999996 -0.33149159 -0.155584902 0.00999999978 -0.33149159 -0.155584902 0.0199999996 -0.33149159 -0.0500000007 0.00999999978 -0.27942279 -0.0500000007 0.0199999996 -0.27942279 -0.407611996 0.0199999996 0.461731613 -0.413397402 0.00999999978 0.449999988 -0.413397402 0.0199999996 0.449999988 -0.413397402 0.00999999978 0.449999988 -0.407611996 0.0199999996 0.461731613 -0.407611996 0.00999999978 0.461731613 0.369333208 0.00999999978 0.267062902 0.33149159 0.0199999996 0.155584902 0.33149159 0.00999999978 0.155584902 0.33149159 0.0199999996 0.155584902 0.369333208 0.00999999978 0.267062902 0.369333208 0.0199999996 0.267062902 -0.400000006 0.0199999996 0.5 -0.400855511 0.00999999978 0.486947387 -0.400855511 0.0199999996 0.486947387 -0.400855511 0.00999999978 0.486947387 -0.400000006 0.0199999996 0.5 -0.400000006 0.00999999978 0.5 0.214018002 0.00999999978 -0.0478852801 0.136396095 0.0199999996 -0.136396095 0.136396095 0.00999999978 -0.136396095 0.136396095 0.0199999996 -0.136396095 0.214018002 0.00999999978 -0.0478852801 0.214018002 0.0199999996 -0.0478852801 0.491444886 0.0199999996 0.369473785 0.400000006 0.0199999996 0.5 0.5 0.0199999996 0.5 0.400000006 0.0199999996 0.5 0.491444886 0.0199999996 0.369473785 0.465925813 0.0199999996 0.241181001 0.400000006 0.0199999996 0.5 0.465925813 0.0199999996 0.241181001 0.423879504 0.0199999996 0.117316604 0.400000006 0.0199999996 0.5 0.423879504 0.0199999996 0.117316604 0.392300397 0.0199999996 0.382526398 0.392300397 0.0199999996 0.382526398 0.423879504 0.0199999996 0.117316604 0.366025388 0.0199999996 -1.5882049e-14 0.392300397 0.0199999996 0.382526398 0.366025388 0.0199999996 -1.5882049e-14 0.369333208 0.0199999996 0.267062902 0.369333208 0.0199999996 0.267062902 0.366025388 0.0199999996 -1.5882049e-14 0.33149159 0.0199999996 0.155584902 0.33149159 0.0199999996 0.155584902 0.366025388 0.0199999996 -1.5882049e-14 0.293353289 0.0199999996 -0.1087614 0.33149159 0.0199999996 0.155584902 0.293353289 0.0199999996 -0.1087614 0.27942279 0.0199999996 0.0500000007 0.27942279 0.0199999996 0.0500000007 0.293353289 0.0199999996 -0.1087614 0.207106799 0.0199999996 -0.207106799 0.27942279 0.0199999996 0.0500000007 0.207106799 0.0199999996 -0.207106799 0.214018002 0.0199999996 -0.0478852801 0.214018002 0.0199999996 -0.0478852801 0.207106799 0.0199999996 -0.207106799 0.136396095 0.0199999996 -0.136396095 0.136396095 0.0199999996 -0.136396095 0.207106799 0.0199999996 -0.207106799 0.1087614 0.0199999996 -0.293353289 0.136396095 0.0199999996 -0.136396095 0.1087614 0.0199999996 -0.293353289 0.0478852801 0.0199999996 -0.214018002 0.0478852801 0.0199999996 -0.214018002 0.1087614 0.0199999996 -0.293353289 3.60955705e-16 0.0199999996 -0.366025388 0.0478852801 0.0199999996 -0.214018002 3.60955705e-16 0.0199999996 -0.366025388 -0.0500000007 0.0199999996 -0.27942279 -0.0500000007 0.0199999996 -0.27942279 3.60955705e-16 0.0199999996 -0.366025388 -0.117316604 0.0199999996 -0.423879504 -0.0500000007 0.0199999996 -0.27942279 -0.117316604 0.0199999996 -0.423879504 -0.155584902 0.0199999996 -0.33149159 -0.155584902 0.0199999996 -0.33149159 -0.117316604 0.0199999996 -0.423879504 -0.241181001 0.0199999996 -0.465925813 -0.155584902 0.0199999996 -0.33149159 -0.241181001 0.0199999996 -0.465925813 -0.267062902 0.0199999996 -0.369333208 -0.267062902 0.0199999996 -0.369333208 -0.241181001 0.0199999996 -0.465925813 -0.369473785 0.0199999996 -0.491444886 -0.267062902 0.0199999996 -0.369333208 -0.369473785 0.0199999996 -0.491444886 -0.382526398 0.0199999996 -0.392300397 -0.382526398 0.0199999996 -0.392300397 -0.369473785 0.0199999996 -0.491444886 -0.5 0.0199999996 -0.5 -0.382526398 0.0199999996 -0.392300397 -0.5 0.0199999996 -0.5 -0.5 0.0199999996 -0.400000006 -0.5 0.0199999996 -0.5 -0.369473785 2.03037596e-16 -0.491444886 -0.5 0 -0.5 -0.369473785 2.03037596e-16 -0.491444886 -0.5 0.0199999996 -0.5 -0.369473785 0.0199999996 -0.491444886 -0.369473785 2.03037596e-16 -0.491444886 -0.241181001 0.0199999996 -0.465925813 -0.241181001 1.57918096e-16 -0.465925813 -0.241181001 0.0199999996 -0.465925813 -0.369473785 2.03037596e-16 -0.491444886 -0.369473785 0.0199999996 -0.491444886 -0.241181001 1.57918096e-16 -0.465925813 -0.117316604 0.0199999996 -0.423879504 -0.117316604 1.24078508e-16 -0.423879504 -0.117316604 0.0199999996 -0.423879504 -0.241181001 1.57918096e-16 -0.465925813 -0.241181001 0.0199999996 -0.465925813 -0.117316604 1.24078508e-16 -0.423879504 3.60955705e-16 0.0199999996 -0.366025388 3.60955705e-16 9.0238933e-17 -0.366025388 3.60955705e-16 0.0199999996 -0.366025388 -0.117316604 1.24078508e-16 -0.423879504 -0.117316604 0.0199999996 -0.423879504 3.60955705e-16 9.0238933e-17 -0.366025388 0.1087614 0.0199999996 -0.293353289 0.1087614 6.76791964e-17 -0.293353289 0.1087614 0.0199999996 -0.293353289 3.60955705e-16 9.0238933e-17 -0.366025388 3.60955705e-16 0.0199999996 -0.366025388 0.1087614 6.76791964e-17 -0.293353289 0.207106799 0.0199999996 -0.207106799 0.207106799 4.51194599e-17 -0.207106799 0.207106799 0.0199999996 -0.207106799 0.1087614 6.76791964e-17 -0.293353289 0.1087614 0.0199999996 -0.293353289 0.293353289 0.0199999996 -0.1087614 0.207106799 4.51194599e-17 -0.207106799 0.207106799 0.0199999996 -0.207106799 0.207106799 4.51194599e-17 -0.207106799 0.293353289 0.0199999996 -0.1087614 0.293353289 2.25597299e-17 -0.1087614 0.366025388 0.0199999996 -1.5882049e-14 0.293353289 2.25597299e-17 -0.1087614 0.293353289 0.0199999996 -0.1087614 0.293353289 2.25597299e-17 -0.1087614 0.366025388 0.0199999996 -1.5882049e-14 0.366025388 1.12798699e-17 -1.5882049e-14 0.423879504 0.0199999996 0.117316604 0.366025388 1.12798699e-17 -1.5882049e-14 0.366025388 0.0199999996 -1.5882049e-14 0.366025388 1.12798699e-17 -1.5882049e-14 0.423879504 0.0199999996 0.117316604 0.423879504 0 0.117316604 0.465925813 0.0199999996 0.241181001 0.423879504 0 0.117316604 0.423879504 0.0199999996 0.117316604 0.423879504 0 0.117316604 0.465925813 0.0199999996 0.241181001 0.465925813 0 0.241181001 0.491444886 0.0199999996 0.369473785 0.465925813 0 0.241181001 0.465925813 0.0199999996 0.241181001 0.465925813 0 0.241181001 0.491444886 0.0199999996 0.369473785 0.491444886 0 0.369473785 0.5 0.0199999996 0.5 0.491444886 0 0.369473785 0.491444886 0.0199999996 0.369473785 0.491444886 0 0.369473785 0.5 0.0199999996 0.5 0.5 0 0.5 -0.5 0.0199999996 0.400000006 -0.5 0 0.5 -0.5 0.0199999996 0.5 -0.5 0.00999999978 0.400000006 -0.5 0 0.5 -0.5 0.0199999996 0.400000006 -0.5 0.00999999978 0.300000012 -0.5 0 0.5 -0.5 0.00999999978 0.400000006 -0.5 0.00999999978 0.00999999978 -0.5 0 0.5 -0.5 0.00999999978 0.300000012 -0.5 0.00999999978 -0.00999999978 -0.5 0 0.5 -0.5 0.00999999978 0.00999999978 -0.5 0.00999999978 -0.300000012 -0.5 0 0.5 -0.5 0.00999999978 -0.00999999978 -0.5 0.00999999978 -0.400000006 -0.5 0 0.5 -0.5 0.00999999978 -0.300000012 -0.5 0.00999999978 -0.400000006 -0.5 0 -0.5 -0.5 0 0.5 -0.5 0 -0.5 -0.5 0.00999999978 -0.400000006 -0.5 0.0199999996 -0.5 -0.5 0.0199999996 -0.400000006 -0.5 0.0199999996 -0.5 -0.5 0.00999999978 -0.400000006 0.400000006 0.00999999978 0.5 0.5 0.0199999996 0.5 0.400000006 0.0199999996 0.5 0.400000006 0.00999999978 0.5 0.5 0 0.5 0.5 0.0199999996 0.5 0.5 0 0.5 0.400000006 0.00999999978 0.5 -0.5 0 0.5 -0.5 0 0.5 0.400000006 0.00999999978 0.5 0.300000012 0.00999999978 0.5 -0.400000006 0.00999999978 0.5 -0.5 0 0.5 0.300000012 0.00999999978 0.5 -0.5 0 0.5 -0.400000006 0.00999999978 0.5 -0.5 0.0199999996 0.5 -0.5 0.0199999996 0.5 -0.400000006 0.00999999978 0.5 -0.400000006 0.0199999996 0.5 0.00999999978 0.00999999978 0.5 -0.400000006 0.00999999978 0.5 0.300000012 0.00999999978 0.5 -0.400000006 0.00999999978 0.5 0.00999999978 0.00999999978 0.5 -0.300000012 0.00999999978 0.5 -0.300000012 0.00999999978 0.5 0.00999999978 0.00999999978 0.5 -0.00999999978 0.00999999978 0.5 -0.0141919302 0.00999999978 0.43604219 -0.299999893 0.00999999978 0.5 -0.00999990944 0.00999999978 0.5 -0.299999893 0.00999999978 0.5 -0.0141919302 0.00999999978 0.43604219 -0.0266962498 0.00999999978 0.373178691 -0.299999893 0.00999999978 0.5 -0.0266962498 0.00999999978 0.373178691 -0.0472989418 0.00999999978 0.312485188 -0.299999893 0.00999999978 0.5 -0.0472989418 0.00999999978 0.312485188 -0.0756474584 0.00999999978 0.254999995 -0.299999893 0.00999999978 0.5 -0.0756474584 0.00999999978 0.254999995 -0.111256801 0.00999999978 0.201706901 -0.299999893 0.00999999978 0.5 -0.111256801 0.00999999978 0.201706901 -0.153517604 0.00999999978 0.153517693 -0.299999893 0.00999999978 0.5 -0.153517604 0.00999999978 0.153517693 -0.201706797 0.00999999978 0.111256897 -0.299999893 0.00999999978 0.5 -0.201706797 0.00999999978 0.111256897 -0.254999906 0.00999999978 0.0756475776 -0.299999893 0.00999999978 0.5 -0.254999906 0.00999999978 0.0756475776 -0.312485009 0.00999999978 0.047299061 -0.299999893 0.00999999978 0.5 -0.312485009 0.00999999978 0.047299061 -0.301710904 0.00999999978 0.473894805 -0.301710904 0.00999999978 0.473894805 -0.312485009 0.00999999978 0.047299061 -0.3068147 0.00999999978 0.448236197 -0.3068147 0.00999999978 0.448236197 -0.312485009 0.00999999978 0.047299061 -0.315223992 0.00999999978 0.423463315 -0.315223992 0.00999999978 0.423463315 -0.312485009 0.00999999978 0.047299061 -0.373178601 0.00999999978 0.0266963709 -0.315223992 0.00999999978 0.423463315 -0.373178601 0.00999999978 0.0266963709 -0.326794803 0.00999999978 0.400000006 -0.326794803 0.00999999978 0.400000006 -0.373178601 0.00999999978 0.0266963709 -0.341329187 0.00999999978 0.378247708 -0.341329187 0.00999999978 0.378247708 -0.373178601 0.00999999978 0.0266963709 -0.358578503 0.00999999978 0.358578712 -0.358578503 0.00999999978 0.358578712 -0.373178601 0.00999999978 0.0266963709 -0.378247589 0.00999999978 0.341329306 -0.378247589 0.00999999978 0.341329306 -0.373178601 0.00999999978 0.0266963709 -0.4360421 0.00999999978 0.0141920401 -0.378247589 0.00999999978 0.341329306 -0.4360421 0.00999999978 0.0141920401 -0.399999887 0.00999999978 0.326795012 -0.399999887 0.00999999978 0.326795012 -0.4360421 0.00999999978 0.0141920401 -0.423463196 0.00999999978 0.315224111 -0.423463196 0.00999999978 0.315224111 -0.4360421 0.00999999978 0.0141920401 -0.448236108 0.00999999978 0.30681479 -0.448236108 0.00999999978 0.30681479 -0.4360421 0.00999999978 0.0141920401 -0.499999911 0.00999999978 0.0100000296 -0.448236108 0.00999999978 0.30681479 -0.499999911 0.00999999978 0.0100000296 -0.473894686 0.00999999978 0.301711112 -0.473894686 0.00999999978 0.301711112 -0.499999911 0.00999999978 0.0100000296 -0.499999911 0.00999999978 0.300000012 0.293155998 0.00999999978 0.3955791 0.0100000901 0.00999999978 0.5 0.300000101 0.00999999978 0.5 0.0100000901 0.00999999978 0.5 0.293155998 0.00999999978 0.3955791 0.272740811 0.00999999978 0.292944789 0.0100000901 0.00999999978 0.5 0.272740811 0.00999999978 0.292944789 0.239103705 0.00999999978 0.193853304 0.0100000901 0.00999999978 0.5 0.239103705 0.00999999978 0.193853304 0.1928204 0.00999999978 0.100000001 0.0100000901 0.00999999978 0.5 0.1928204 0.00999999978 0.100000001 0.134682804 0.00999999978 0.0129908798 0.0100000901 0.00999999978 0.5 0.134682804 0.00999999978 0.0129908798 0.065685533 0.00999999978 -0.0656854063 0.0100000901 0.00999999978 0.5 0.065685533 0.00999999978 -0.0656854063 -0.0129907597 0.00999999978 -0.134682596 0.0100000901 0.00999999978 0.5 -0.0129907597 0.00999999978 -0.134682596 0.00563697517 0.00999999978 0.433431715 0.00563697517 0.00999999978 0.433431715 -0.0129907597 0.00999999978 -0.134682596 -0.0073777358 0.00999999978 0.368002295 -0.0073777358 0.00999999978 0.368002295 -0.0129907597 0.00999999978 -0.134682596 -0.0288213491 0.00999999978 0.304831386 -0.0288213491 0.00999999978 0.304831386 -0.0129907597 0.00999999978 -0.134682596 -0.0999998972 0.00999999978 -0.192820296 -0.0288213491 0.00999999978 0.304831386 -0.0999998972 0.00999999978 -0.192820296 -0.0583269484 0.00999999978 0.245000005 -0.0583269484 0.00999999978 0.245000005 -0.0999998972 0.00999999978 -0.192820296 -0.0953897014 0.00999999978 0.189531699 -0.0953897014 0.00999999978 0.189531699 -0.0999998972 0.00999999978 -0.192820296 -0.139375404 0.00999999978 0.139375597 -0.139375404 0.00999999978 0.139375597 -0.0999998972 0.00999999978 -0.192820296 -0.193853199 0.00999999978 -0.2391036 -0.139375404 0.00999999978 0.139375597 -0.193853199 0.00999999978 -0.2391036 -0.189531595 0.00999999978 0.0953898206 -0.189531595 0.00999999978 0.0953898206 -0.193853199 0.00999999978 -0.2391036 -0.2449999 0.00999999978 0.0583270714 -0.2449999 0.00999999978 0.0583270714 -0.193853199 0.00999999978 -0.2391036 -0.2929447 0.00999999978 -0.272740602 -0.2449999 0.00999999978 0.0583270714 -0.2929447 0.00999999978 -0.272740602 -0.304831296 0.00999999978 0.0288214702 -0.304831296 0.00999999978 0.0288214702 -0.2929447 0.00999999978 -0.272740602 -0.39557901 0.00999999978 -0.293155909 -0.304831296 0.00999999978 0.0288214702 -0.39557901 0.00999999978 -0.293155909 -0.368002206 0.00999999978 0.00737785501 -0.368002206 0.00999999978 0.00737785501 -0.39557901 0.00999999978 -0.293155909 -0.433431506 0.00999999978 -0.00563685596 -0.433431506 0.00999999978 -0.00563685596 -0.39557901 0.00999999978 -0.293155909 -0.499999911 0.00999999978 -0.300000012 -0.433431506 0.00999999978 -0.00563685596 -0.499999911 0.00999999978 -0.300000012 -0.499999911 0.00999999978 -0.00999996811 0.00563699007 0.00999999978 0.433431596 -0.00999988616 0.00999999978 0.5 0.0100001097 0.00999999978 0.5 -0.00999988616 0.00999999978 0.5 0.00563699007 0.00999999978 0.433431596 -0.00737771392 0.00999999978 0.368002295 -0.00999988616 0.00999999978 0.5 -0.00737771392 0.00999999978 0.368002295 -0.0141919097 0.00999999978 0.43604219 -0.0141919097 0.00999999978 0.43604219 -0.00737771392 0.00999999978 0.368002295 -0.0288213193 0.00999999978 0.304831386 -0.0141919097 0.00999999978 0.43604219 -0.0288213193 0.00999999978 0.304831386 -0.0266962294 0.00999999978 0.373178691 -0.0266962294 0.00999999978 0.373178691 -0.0288213193 0.00999999978 0.304831386 -0.0472989194 0.00999999978 0.312485099 -0.0472989194 0.00999999978 0.312485099 -0.0288213193 0.00999999978 0.304831386 -0.0583269298 0.00999999978 0.245000005 -0.0472989194 0.00999999978 0.312485099 -0.0583269298 0.00999999978 0.245000005 -0.0756474286 0.00999999978 0.254999995 -0.0756474286 0.00999999978 0.254999995 -0.0583269298 0.00999999978 0.245000005 -0.0953896865 0.00999999978 0.189531699 -0.0756474286 0.00999999978 0.254999995 -0.0953896865 0.00999999978 0.189531699 -0.111256696 0.00999999978 0.201706901 -0.111256696 0.00999999978 0.201706901 -0.0953896865 0.00999999978 0.189531699 -0.139375404 0.00999999978 0.139375493 -0.111256696 0.00999999978 0.201706901 -0.139375404 0.00999999978 0.139375493 -0.153517604 0.00999999978 0.153517693 -0.153517604 0.00999999978 0.153517693 -0.139375404 0.00999999978 0.139375493 -0.189531505 0.00999999978 0.0953898132 -0.153517604 0.00999999978 0.153517693 -0.189531505 0.00999999978 0.0953898132 -0.201706797 0.00999999978 0.111256897 -0.201706797 0.00999999978 0.111256897 -0.189531505 0.00999999978 0.0953898132 -0.2449999 0.00999999978 0.058327049 -0.201706797 0.00999999978 0.111256897 -0.2449999 0.00999999978 0.058327049 -0.254999906 0.00999999978 0.0756475478 -0.254999906 0.00999999978 0.0756475478 -0.2449999 0.00999999978 0.058327049 -0.304831296 0.00999999978 0.0288214404 -0.254999906 0.00999999978 0.0756475478 -0.304831296 0.00999999978 0.0288214404 -0.312485009 0.00999999978 0.0472990386 -0.312485009 0.00999999978 0.0472990386 -0.304831296 0.00999999978 0.0288214404 -0.368002206 0.00999999978 0.00737783313 -0.312485009 0.00999999978 0.0472990386 -0.368002206 0.00999999978 0.00737783313 -0.373178512 0.00999999978 0.0266963504 -0.373178512 0.00999999978 0.0266963504 -0.368002206 0.00999999978 0.00737783313 -0.433431506 0.00999999978 -0.00563687086 -0.373178512 0.00999999978 0.0266963504 -0.433431506 0.00999999978 -0.00563687086 -0.4360421 0.00999999978 0.0141920298 -0.4360421 0.00999999978 0.0141920298 -0.433431506 0.00999999978 -0.00563687086 -0.499999911 0.00999999978 -0.00999999046 -0.4360421 0.00999999978 0.0141920298 -0.499999911 0.00999999978 -0.00999999046 -0.499999911 0.00999999978 0.01000001 0.392300397 0.00999999978 0.382526398 0.300000012 0.00999999978 0.5 0.400000006 0.00999999978 0.5 0.300000012 0.00999999978 0.5 0.392300397 0.00999999978 0.382526398 0.369333297 0.00999999978 0.267062902 0.300000012 0.00999999978 0.5 0.369333297 0.00999999978 0.267062902 0.33149159 0.00999999978 0.155584902 0.300000012 0.00999999978 0.5 0.33149159 0.00999999978 0.155584902 0.279422909 0.00999999978 0.0500000082 0.300000012 0.00999999978 0.5 0.279422909 0.00999999978 0.0500000082 0.293155909 0.00999999978 0.3955791 0.293155909 0.00999999978 0.3955791 0.279422909 0.00999999978 0.0500000082 0.272740692 0.00999999978 0.292944789 0.272740692 0.00999999978 0.292944789 0.279422909 0.00999999978 0.0500000082 0.214018106 0.00999999978 -0.0478852801 0.272740692 0.00999999978 0.292944789 0.214018106 0.00999999978 -0.0478852801 0.239103705 0.00999999978 0.193853304 0.239103705 0.00999999978 0.193853304 0.214018106 0.00999999978 -0.0478852801 0.1928204 0.00999999978 0.100000001 0.1928204 0.00999999978 0.100000001 0.214018106 0.00999999978 -0.0478852801 0.136396199 0.00999999978 -0.136396095 0.1928204 0.00999999978 0.100000001 0.136396199 0.00999999978 -0.136396095 0.1346827 0.00999999978 0.0129908696 0.1346827 0.00999999978 0.0129908696 0.136396199 0.00999999978 -0.136396095 0.0478853397 0.00999999978 -0.214018002 0.1346827 0.00999999978 0.0129908696 0.0478853397 0.00999999978 -0.214018002 0.0656854734 0.00999999978 -0.0656854063 0.0656854734 0.00999999978 -0.0656854063 0.0478853397 0.00999999978 -0.214018002 -0.01299081 0.00999999978 -0.1346827 -0.01299081 0.00999999978 -0.1346827 0.0478853397 0.00999999978 -0.214018002 -0.0499999486 0.00999999978 -0.27942279 -0.01299081 0.00999999978 -0.1346827 -0.0499999486 0.00999999978 -0.27942279 -0.0999999493 0.00999999978 -0.192820296 -0.0999999493 0.00999999978 -0.192820296 -0.0499999486 0.00999999978 -0.27942279 -0.155584902 0.00999999978 -0.33149159 -0.0999999493 0.00999999978 -0.192820296 -0.155584902 0.00999999978 -0.33149159 -0.193853199 0.00999999978 -0.2391036 -0.193853199 0.00999999978 -0.2391036 -0.155584902 0.00999999978 -0.33149159 -0.267062813 0.00999999978 -0.369333208 -0.193853199 0.00999999978 -0.2391036 -0.267062813 0.00999999978 -0.369333208 -0.2929447 0.00999999978 -0.272740692 -0.2929447 0.00999999978 -0.272740692 -0.267062813 0.00999999978 -0.369333208 -0.382526398 0.00999999978 -0.392300397 -0.2929447 0.00999999978 -0.272740692 -0.382526398 0.00999999978 -0.392300397 -0.39557901 0.00999999978 -0.293155909 -0.39557901 0.00999999978 -0.293155909 -0.382526398 0.00999999978 -0.392300397 -0.499999911 0.00999999978 -0.400000006 -0.39557901 0.00999999978 -0.293155909 -0.499999911 0.00999999978 -0.400000006 -0.499999911 0.00999999978 -0.300000012 -0.301710993 0.00999999978 0.473894805 -0.399999887 0.00999999978 0.5 -0.300000012 0.00999999978 0.5 -0.399999887 0.00999999978 0.5 -0.301710993 0.00999999978 0.473894805 -0.30681479 0.00999999978 0.448236197 -0.399999887 0.00999999978 0.5 -0.30681479 0.00999999978 0.448236197 -0.315224111 0.00999999978 0.423463315 -0.399999887 0.00999999978 0.5 -0.315224111 0.00999999978 0.423463315 -0.326794893 0.00999999978 0.400000006 -0.399999887 0.00999999978 0.5 -0.326794893 0.00999999978 0.400000006 -0.341329306 0.00999999978 0.378247708 -0.399999887 0.00999999978 0.5 -0.341329306 0.00999999978 0.378247708 -0.358578593 0.00999999978 0.358578712 -0.399999887 0.00999999978 0.5 -0.358578593 0.00999999978 0.358578712 -0.378247708 0.00999999978 0.341329306 -0.399999887 0.00999999978 0.5 -0.378247708 0.00999999978 0.341329306 -0.399999887 0.00999999978 0.326794893 -0.399999887 0.00999999978 0.5 -0.399999887 0.00999999978 0.326794893 -0.400855511 0.00999999978 0.486947387 -0.400855511 0.00999999978 0.486947387 -0.399999887 0.00999999978 0.326794893 -0.423463315 0.00999999978 0.315224111 -0.400855511 0.00999999978 0.486947387 -0.423463315 0.00999999978 0.315224111 -0.403407395 0.00999999978 0.474118114 -0.403407395 0.00999999978 0.474118114 -0.423463315 0.00999999978 0.315224111 -0.407611996 0.00999999978 0.461731702 -0.407611996 0.00999999978 0.461731702 -0.423463315 0.00999999978 0.315224111 -0.413397402 0.00999999978 0.449999988 -0.413397402 0.00999999978 0.449999988 -0.423463315 0.00999999978 0.315224111 -0.420664608 0.00999999978 0.439123899 -0.420664608 0.00999999978 0.439123899 -0.423463315 0.00999999978 0.315224111 -0.429289311 0.00999999978 0.429289311 -0.429289311 0.00999999978 0.429289311 -0.423463315 0.00999999978 0.315224111 -0.448236108 0.00999999978 0.30681479 -0.429289311 0.00999999978 0.429289311 -0.448236108 0.00999999978 0.30681479 -0.439123809 0.00999999978 0.420664698 -0.439123809 0.00999999978 0.420664698 -0.448236108 0.00999999978 0.30681479 -0.449999988 0.00999999978 0.413397491 -0.449999988 0.00999999978 0.413397491 -0.448236108 0.00999999978 0.30681479 -0.473894686 0.00999999978 0.301710993 -0.449999988 0.00999999978 0.413397491 -0.473894686 0.00999999978 0.301710993 -0.461731613 0.00999999978 0.407612085 -0.461731613 0.00999999978 0.407612085 -0.473894686 0.00999999978 0.301710993 -0.474118114 0.00999999978 0.403407395 -0.474118114 0.00999999978 0.403407395 -0.473894686 0.00999999978 0.301710993 -0.499999911 0.00999999978 0.300000012 -0.474118114 0.00999999978 0.403407395 -0.499999911 0.00999999978 0.300000012 -0.486947298 0.00999999978 0.400855511 -0.486947298 0.00999999978 0.400855511 -0.499999911 0.00999999978 0.300000012 -0.499999911 0.00999999978 0.400000006 </float_array>
          <technique_common>
            <accessor count="1560" offset="0" source="#road-bend_1-positions-array" stride="3">
              <param name="X" type="float" />
              <param name="Y" type="float" />
              <param name="Z" type="float" />
            </accessor>
          </technique_common>
        </source>
        <source id="road-bend_1-normals" name="road-bend_1-normals">
          <float_array id="road-bend_1-normals-array" count="4680"> 0.866025388 0 -0.5 0.793353319 0 -0.60876143 0.793353319 0 -0.60876143 0.793353319 0 -0.60876143 0.866025388 0 -0.5 0.866025388 0 -0.5 0.793353319 0 -0.60876143 0.707106829 0 -0.707106829 0.707106829 0 -0.707106829 0.707106829 0 -0.707106829 0.793353319 0 -0.60876143 0.793353319 0 -0.60876143 0.60876143 0 -0.793353319 0.707106829 0 -0.707106829 0.60876143 0 -0.793353319 0.707106829 0 -0.707106829 0.60876143 0 -0.793353319 0.707106829 0 -0.707106829 0.382683396 0 -0.923879504 0.5 0 -0.866025388 0.382683396 0 -0.923879504 0.5 0 -0.866025388 0.382683396 0 -0.923879504 0.5 0 -0.866025388 0.258819014 0 -0.965925813 0.382683396 0 -0.923879504 0.258819014 0 -0.965925813 0.382683396 0 -0.923879504 0.258819014 0 -0.965925813 0.382683396 0 -0.923879504 0.0654031336 0 -0.997858882 0.1305262 0 -0.991444886 0.0654031336 0 -0.997858882 0.1305262 0 -0.991444886 0.0654031336 0 -0.997858882 0.1305262 0 -0.991444886 -0.258819014 0 0.965925813 -0.1305262 0 0.991444886 -0.1305262 0 0.991444886 -0.1305262 0 0.991444886 -0.258819014 0 0.965925813 -0.258819014 0 0.965925813 -0.382683396 0 0.923879504 -0.258819014 0 0.965925813 -0.258819014 0 0.965925813 -0.258819014 0 0.965925813 -0.382683396 0 0.923879504 -0.382683396 0 0.923879504 0.5 0 -0.866025388 0.60876143 0 -0.793353319 0.5 0 -0.866025388 0.60876143 0 -0.793353319 0.5 0 -0.866025388 0.60876143 0 -0.793353319 0.1305262 0 -0.991444886 0.258819014 0 -0.965925813 0.1305262 0 -0.991444886 0.258819014 0 -0.965925813 0.1305262 0 -0.991444886 0.258819014 0 -0.965925813 -0.923879504 0 0.382683396 -0.866025388 0 0.5 -0.866025388 0 0.5 -0.866025388 0 0.5 -0.923879504 0 0.382683396 -0.923879504 0 0.382683396 0 -1 0 0 -1 0 0 -1 0 0 -1 0 0 -1 0 0 -1 0 0 -1 0 0 -1 0 0 -1 0 0 -1 0 0 -1 0 0 -1 0 0 -1 0 0 -1 0 0 -1 0 0 -1 0 0 -1 0 0 -1 0 0 -1 0 0 -1 0 0 -1 0 0 -1 0 0 -1 0 0 -1 0 0 -1 0 0 -1 0 0 -1 0 0 -1 0 0 -1 0 0 -1 0 0 -1 0 0 -1 0 0 -1 0 0 -1 0 0 -1 0 0 -1 0 -0.60876143 0 0.793353319 -0.5 0 0.866025388 -0.5 0 0.866025388 -0.5 0 0.866025388 -0.60876143 0 0.793353319 -0.60876143 0 0.793353319 -0.1305262 0 0.991444886 -0.0654031336 0 0.997858882 -0.0654031336 0 0.997858882 -0.0654031336 0 0.997858882 -0.1305262 0 0.991444886 -0.1305262 0 0.991444886 -0.707106829 0 0.707106829 -0.60876143 0 0.793353319 -0.60876143 0 0.793353319 -0.60876143 0 0.793353319 -0.707106829 0 0.707106829 -0.707106829 0 0.707106829 -0.866025388 0 0.5 -0.793353319 0 0.60876143 -0.793353319 0 0.60876143 -0.793353319 0 0.60876143 -0.866025388 0 0.5 -0.866025388 0 0.5 -0.991444886 0 0.1305262 -0.965925813 0 0.258819014 -0.965925813 0 0.258819014 -0.965925813 0 0.258819014 -0.991444886 0 0.1305262 -0.991444886 0 0.1305262 -0.997858882 0 0.0654031336 -0.991444886 0 0.1305262 -0.991444886 0 0.1305262 -0.991444886 0 0.1305262 -0.997858882 0 0.0654031336 -0.997858882 0 0.0654031336 0 1 0 0 1 0 0 1 0 0 1 0 0 1 0 0 1 0 0 1 0 0 1 0 0 1 0 0 1 0 0 1 0 0 1 0 0 1 0 0 1 0 0 1 0 0 1 0 0 1 0 0 1 0 0 1 0 0 1 0 0 1 0 0 1 0 0 1 0 0 1 0 0 1 0 0 1 0 0 1 0 0 1 0 0 1 0 0 1 0 0 1 0 0 1 0 0 1 0 0 1 0 0 1 0 0 1 0 0.991444886 0 -0.1305262 0.965925813 0 -0.258819014 0.965925813 0 -0.258819014 0.965925813 0 -0.258819014 0.991444886 0 -0.1305262 0.991444886 0 -0.1305262 0.965925813 0 -0.258819014 0.923879504 0 -0.382683396 0.923879504 0 -0.382683396 0.923879504 0 -0.382683396 0.965925813 0 -0.258819014 0.965925813 0 -0.258819014 -0.5 0 0.866025388 -0.382683396 0 0.923879504 -0.382683396 0 0.923879504 -0.382683396 0 0.923879504 -0.5 0 0.866025388 -0.5 0 0.866025388 0.923879504 0 -0.382683396 0.866025388 0 -0.5 0.866025388 0 -0.5 0.866025388 0 -0.5 0.923879504 0 -0.382683396 0.923879504 0 -0.382683396 -0.965925813 0 0.258819014 -0.923879504 0 0.382683396 -0.923879504 0 0.382683396 -0.923879504 0 0.382683396 -0.965925813 0 0.258819014 -0.965925813 0 0.258819014 0.997858882 0 -0.0654031336 0.991444886 0 -0.1305262 0.991444886 0 -0.1305262 0.991444886 0 -0.1305262 0.997858882 0 -0.0654031336 0.997858882 0 -0.0654031336 -0.793353319 0 0.60876143 -0.707106829 0 0.707106829 -0.707106829 0 0.707106829 -0.707106829 0 0.707106829 -0.793353319 0 0.60876143 -0.793353319 0 0.60876143 0 1 0 0 1 0 0 1 0 0 1 0 0 1 0 0 1 0 0 1 0 0 1 0 0 1 0 0 1 0 0 1 0 0 1 0 0 1 0 0 1 0 0 1 0 0 1 0 0 1 0 0 1 0 0 1 0 0 1 0 0 1 0 0 1 0 0 1 0 0 1 0 0 1 0 0 1 0 0 1 0 0 1 0 0 1 0 0 1 0 0 1 0 0 1 0 0 1 0 0 1 0 0 1 0 0 1 0 0 1 0 0 1 0 0 1 0 0 1 0 0 1 0 0 1 0 0 1 0 0 1 0 0 1 0 0 1 0 0 1 0 0 1 0 0 1 0 0 1 0 0 1 0 0 1 0 0 1 0 0 1 0 0 1 0 0 1 0 0 1 0 0 1 0 0 1 0 0 1 0 0 1 0 0 1 0 0 1 0 0 1 0 0 1 0 0 1 0 0 1 0 0 1 0 0 1 0 0 1 0 0 1 0 0 1 0 0.0654031336 0 -0.997858882 0.1305262 0 -0.991444886 0.0654031336 0 -0.997858882 0.1305262 0 -0.991444886 0.0654031336 0 -0.997858882 0.1305262 0 -0.991444886 0.1305262 0 -0.991444886 0.258819014 0 -0.965925813 0.258819014 0 -0.965925813 0.258819014 0 -0.965925813 0.1305262 0 -0.991444886 0.1305262 0 -0.991444886 0.258819014 0 -0.965925813 0.382683396 0 -0.923879504 0.382683396 0 -0.923879504 0.382683396 0 -0.923879504 0.258819014 0 -0.965925813 0.258819014 0 -0.965925813 0.382683396 0 -0.923879504 0.5 0 -0.866025388 0.5 0 -0.866025388 0.5 0 -0.866025388 0.382683396 0 -0.923879504 0.382683396 0 -0.923879504 0.5 0 -0.866025388 0.60876143 0 -0.793353319 0.60876143 0 -0.793353319 0.60876143 0 -0.793353319 0.5 0 -0.866025388 0.5 0 -0.866025388 0.60876143 0 -0.793353319 0.707106829 0 -0.707106829 0.707106829 0 -0.707106829 0.707106829 0 -0.707106829 0.60876143 0 -0.793353319 0.60876143 0 -0.793353319 0.793353319 0 -0.60876143 0.707106829 0 -0.707106829 0.707106829 0 -0.707106829 0.707106829 0 -0.707106829 0.793353319 0 -0.60876143 0.793353319 0 -0.60876143 0.866025388 0 -0.5 0.793353319 0 -0.60876143 0.793353319 0 -0.60876143 0.793353319 0 -0.60876143 0.866025388 0 -0.5 0.866025388 0 -0.5 0.923879504 0 -0.382683396 0.866025388 0 -0.5 0.866025388 0 -0.5 0.866025388 0 -0.5 0.923879504 0 -0.382683396 0.923879504 0 -0.382683396 0.965925813 0 -0.258819014 0.923879504 0 -0.382683396 0.923879504 0 -0.382683396 0.923879504 0 -0.382683396 0.965925813 0 -0.258819014 0.965925813 0 -0.258819014 0.991444886 0 -0.1305262 0.965925813 0 -0.258819014 0.965925813 0 -0.258819014 0.965925813 0 -0.258819014 0.991444886 0 -0.1305262 0.991444886 0 -0.1305262 0.997858882 0 -0.0654031336 0.991444886 0 -0.1305262 0.991444886 0 -0.1305262 0.991444886 0 -0.1305262 0.997858882 0 -0.0654031336 0.997858882 0 -0.0654031336 -1 0 0 -1 0 0 -1 0 0 -1 0 0 -1 0 0 -1 0 0 -1 0 0 -1 0 0 -1 0 0 -1 0 0 -1 0 0 -1 0 0 -1 0 0 -1 0 0 -1 0 0 -1 0 0 -1 0 0 -1 0 0 -1 0 0 -1 0 0 -1 0 0 -1 0 0 -1 0 0 -1 0 0 -1 0 0 -1 0 0 -1 0 0 -1 0 0 -1 0 0 -1 0 0 0 0 1 0 0 1 0 0 1 0 0 1 0 0 1 0 0 1 0 0 1 0 0 1 0 0 1 0 0 1 0 0 1 0 0 1 0 0 1 0 0 1 0 0 1 0 0 1 0 0 1 0 0 1 0 0 1 0 0 1 0 0 1 0 0 1 0 0 1 0 0 1 0 0 1 0 0 1 0 0 1 0 0 1 0 0 1 0 0 1 0 1 0 0 1 0 0 1 0 0 1 0 0 1 0 0 1 0 0 1 0 0 1 0 0 1 0 0 1 0 0 1 0 0 1 0 0 1 0 0 1 0 0 1 0 0 1 0 0 1 0 0 1 0 0 1 0 0 1 0 0 1 0 0 1 0 0 1 0 0 1 0 0 1 0 0 1 0 0 1 0 0 1 0 0 1 0 0 1 0 0 1 0 0 1 0 0 1 0 0 1 0 0 1 0 0 1 0 0 1 0 0 1 0 0 1 0 0 1 0 0 1 0 0 1 0 0 1 0 0 1 0 0 1 0 0 1 0 0 1 0 0 1 0 0 1 0 0 1 0 0 1 0 0 1 0 0 1 0 0 1 0 0 1 0 0 1 0 0 1 0 0 1 0 0 1 0 0 1 0 0 1 0 0 1 0 0 1 0 0 1 0 0 1 0 0 1 0 0 1 0 0 1 0 0 1 0 0 1 0 0 1 0 0 1 0 0 1 0 0 1 0 0 1 0 0 1 0 0 1 0 0 1 0 0 1 0 0 1 0 0 1 0 0 1 0 0 1 0 0 1 0 0 1 0 0 1 0 0 1 0 0 1 0 0 1 0 0 1 0 0 1 0 0 1 0 0 1 0 0 1 0 0 1 0 0 1 0 0 1 0 0 1 0 0 1 0 0 1 0 0 1 0 0 1 0 0 1 0 0 1 0 0 1 0 0 1 0 0 1 0 0 1 0 0 1 0 0 1 0 0 1 0 0 1 0 0 1 0 0 1 0 0 1 0 0 1 0 0 1 0 0 1 0 0 1 0 0 1 0 0 1 0 0 1 0 0 1 0 0 1 0 0 1 0 0 1 0 0 1 0 0 1 0 0 1 0 0 1 0 0 1 0 0 1 0 0 1 0 0 1 0 0 1 0 0 1 0 0 1 0 0 1 0 0 1 0 0 1 0 0 1 0 0 1 0 0 1 0 0 1 0 0 1 0 0 1 0 0 1 0 0 1 0 0 1 0 0 1 0 0 1 0 0 1 0 0 1 0 0 1 0 0 1 0 0 1 0 0 1 0 0 1 0 0 1 0 0 1 0 0 1 0 0 1 0 0 1 0 0 1 0 0 1 0 0 1 0 0 1 0 0 1 0 0 1 0 0 1 0 0 1 0 0 1 0 0 1 0 0 1 0 0 1 0 0 1 0 0 1 0 0 1 0 0 1 0 0 1 0 0 1 0 0 1 0 0 1 0 0 1 0 0 1 0 0 1 0 0 1 0 0 1 0 0 1 0 0 1 0 0 1 0 0 1 0 0 1 0 0 1 0 0 1 0 0 1 0 0 1 0 0 1 0 0 1 0 0 1 0 0 1 0 0 1 0 0 1 0 0 1 0 0 1 0 0 1 0 0 1 0 0 1 0 0 1 0 0 1 0 0 1 0 0 1 0 0 1 0 0 1 0 0 1 0 0 1 0 0 1 0 0 1 0 0 1 0 0 1 0 0 1 0 0 1 0 0 1 0 0 1 0 0 1 0 0 1 0 0 1 0 0 1 0 0 1 0 0 1 0 0 1 0 0 1 0 0 1 0 0 1 0 0 1 0 0 1 0 0 1 0 0 1 0 0 1 0 0 1 0 0 1 0 0 1 0 0 1 0 0 1 0 0 1 0 0 1 0 0 1 0 0 1 0 0 1 0 0 1 0 0 1 0 0 1 0 0 1 0 0 1 0 0 1 0 0 1 0 0 1 0 0 1 0 0 1 0 0 1 0 0 1 0 0 1 0 0 1 0 0 1 0 0 1 0 0 1 0 0 1 0 0 1 0 0 1 0 0 1 0 0 1 0 0 1 0 0 1 0 0 1 0 0 1 0 0 1 0 0 1 0 0 1 0 0 1 0 0 1 0 0 1 0 0 1 0 0 1 0 0 1 0 0 1 0 0 1 0 0 1 0 0 1 0 0 1 0 0 1 0 0 1 0 0 1 0 0 1 0 0 1 0 0 1 0 0 1 0 0 1 0 0 1 0 0 1 0 0 1 0 0 1 0 0 1 0 0 1 0 0 1 0 0 1 0 0 1 0 0 1 0 0 1 0 0 1 0 0 1 0 0 1 0 0 1 0 0 1 0 0 1 0 0 1 0 0 1 0 0 1 0 0 1 0 0 1 0 0 1 0 0 1 0 0 1 0 0 1 0 0 1 0 0 1 0 0 1 0 0 1 0 0 1 0 0 1 0 0 1 0 0 1 0 0 1 0 0 1 0 0 1 0 0 1 0 0 1 0 0 1 0 0 1 0 0 1 0 0 1 0 0 1 0 0 1 0 0 1 0 0 1 0 0 1 0 0 1 0 0 1 0 0 1 0 0 1 0 0 1 0 0 1 0 0 1 0 0 1 0 0 1 0 0 1 0 0 1 0 0 1 0 0 1 0 0 1 0 0 1 0 0.866025388 0 -0.5 0.793353319 0 -0.60876143 0.793353319 0 -0.60876143 0.793353319 0 -0.60876143 0.866025388 0 -0.5 0.866025388 0 -0.5 0.793353319 0 -0.60876143 0.707106829 0 -0.707106829 0.707106829 0 -0.707106829 0.707106829 0 -0.707106829 0.793353319 0 -0.60876143 0.793353319 0 -0.60876143 0.60876143 0 -0.793353319 0.707106829 0 -0.707106829 0.60876143 0 -0.793353319 0.707106829 0 -0.707106829 0.60876143 0 -0.793353319 0.707106829 0 -0.707106829 0.382683396 0 -0.923879504 0.5 0 -0.866025388 0.382683396 0 -0.923879504 0.5 0 -0.866025388 0.382683396 0 -0.923879504 0.5 0 -0.866025388 0.258819014 0 -0.965925813 0.382683396 0 -0.923879504 0.258819014 0 -0.965925813 0.382683396 0 -0.923879504 0.258819014 0 -0.965925813 0.382683396 0 -0.923879504 0.0654031336 0 -0.997858882 0.1305262 0 -0.991444886 0.0654031336 0 -0.997858882 0.1305262 0 -0.991444886 0.0654031336 0 -0.997858882 0.1305262 0 -0.991444886 -0.258819014 0 0.965925813 -0.1305262 0 0.991444886 -0.1305262 0 0.991444886 -0.1305262 0 0.991444886 -0.258819014 0 0.965925813 -0.258819014 0 0.965925813 -0.382683396 0 0.923879504 -0.258819014 0 0.965925813 -0.258819014 0 0.965925813 -0.258819014 0 0.965925813 -0.382683396 0 0.923879504 -0.382683396 0 0.923879504 0.5 0 -0.866025388 0.60876143 0 -0.793353319 0.5 0 -0.866025388 0.60876143 0 -0.793353319 0.5 0 -0.866025388 0.60876143 0 -0.793353319 0.1305262 0 -0.991444886 0.258819014 0 -0.965925813 0.1305262 0 -0.991444886 0.258819014 0 -0.965925813 0.1305262 0 -0.991444886 0.258819014 0 -0.965925813 -0.923879504 0 0.382683396 -0.866025388 0 0.5 -0.866025388 0 0.5 -0.866025388 0 0.5 -0.923879504 0 0.382683396 -0.923879504 0 0.382683396 0 -1 0 0 -1 0 0 -1 0 0 -1 0 0 -1 0 0 -1 0 0 -1 0 0 -1 0 0 -1 0 0 -1 0 0 -1 0 0 -1 0 0 -1 0 0 -1 0 0 -1 0 0 -1 0 0 -1 0 0 -1 0 0 -1 0 0 -1 0 0 -1 0 0 -1 0 0 -1 0 0 -1 0 0 -1 0 0 -1 0 0 -1 0 0 -1 0 0 -1 0 0 -1 0 0 -1 0 0 -1 0 0 -1 0 0 -1 0 0 -1 0 0 -1 0 -0.60876143 0 0.793353319 -0.5 0 0.866025388 -0.5 0 0.866025388 -0.5 0 0.866025388 -0.60876143 0 0.793353319 -0.60876143 0 0.793353319 -0.1305262 0 0.991444886 -0.0654031336 0 0.997858882 -0.0654031336 0 0.997858882 -0.0654031336 0 0.997858882 -0.1305262 0 0.991444886 -0.1305262 0 0.991444886 -0.707106829 0 0.707106829 -0.60876143 0 0.793353319 -0.60876143 0 0.793353319 -0.60876143 0 0.793353319 -0.707106829 0 0.707106829 -0.707106829 0 0.707106829 -0.866025388 0 0.5 -0.793353319 0 0.60876143 -0.793353319 0 0.60876143 -0.793353319 0 0.60876143 -0.866025388 0 0.5 -0.866025388 0 0.5 -0.991444886 0 0.1305262 -0.965925813 0 0.258819014 -0.965925813 0 0.258819014 -0.965925813 0 0.258819014 -0.991444886 0 0.1305262 -0.991444886 0 0.1305262 -0.997858882 0 0.0654031336 -0.991444886 0 0.1305262 -0.991444886 0 0.1305262 -0.991444886 0 0.1305262 -0.997858882 0 0.0654031336 -0.997858882 0 0.0654031336 0 1 0 0 1 0 0 1 0 0 1 0 0 1 0 0 1 0 0 1 0 0 1 0 0 1 0 0 1 0 0 1 0 0 1 0 0 1 0 0 1 0 0 1 0 0 1 0 0 1 0 0 1 0 0 1 0 0 1 0 0 1 0 0 1 0 0 1 0 0 1 0 0 1 0 0 1 0 0 1 0 0 1 0 0 1 0 0 1 0 0 1 0 0 1 0 0 1 0 0 1 0 0 1 0 0 1 0 0.991444886 0 -0.1305262 0.965925813 0 -0.258819014 0.965925813 0 -0.258819014 0.965925813 0 -0.258819014 0.991444886 0 -0.1305262 0.991444886 0 -0.1305262 0.965925813 0 -0.258819014 0.923879504 0 -0.382683396 0.923879504 0 -0.382683396 0.923879504 0 -0.382683396 0.965925813 0 -0.258819014 0.965925813 0 -0.258819014 -0.5 0 0.866025388 -0.382683396 0 0.923879504 -0.382683396 0 0.923879504 -0.382683396 0 0.923879504 -0.5 0 0.866025388 -0.5 0 0.866025388 0.923879504 0 -0.382683396 0.866025388 0 -0.5 0.866025388 0 -0.5 0.866025388 0 -0.5 0.923879504 0 -0.382683396 0.923879504 0 -0.382683396 -0.965925813 0 0.258819014 -0.923879504 0 0.382683396 -0.923879504 0 0.382683396 -0.923879504 0 0.382683396 -0.965925813 0 0.258819014 -0.965925813 0 0.258819014 0.997858882 0 -0.0654031336 0.991444886 0 -0.1305262 0.991444886 0 -0.1305262 0.991444886 0 -0.1305262 0.997858882 0 -0.0654031336 0.997858882 0 -0.0654031336 -0.793353319 0 0.60876143 -0.707106829 0 0.707106829 -0.707106829 0 0.707106829 -0.707106829 0 0.707106829 -0.793353319 0 0.60876143 -0.793353319 0 0.60876143 0 1 0 0 1 0 0 1 0 0 1 0 0 1 0 0 1 0 0 1 0 0 1 0 0 1 0 0 1 0 0 1 0 0 1 0 0 1 0 0 1 0 0 1 0 0 1 0 0 1 0 0 1 0 0 1 0 0 1 0 0 1 0 0 1 0 0 1 0 0 1 0 0 1 0 0 1 0 0 1 0 0 1 0 0 1 0 0 1 0 0 1 0 0 1 0 0 1 0 0 1 0 0 1 0 0 1 0 0 1 0 0 1 0 0 1 0 0 1 0 0 1 0 0 1 0 0 1 0 0 1 0 0 1 0 0 1 0 0 1 0 0 1 0 0 1 0 0 1 0 0 1 0 0 1 0 0 1 0 0 1 0 0 1 0 0 1 0 0 1 0 0 1 0 0 1 0 0 1 0 0 1 0 0 1 0 0 1 0 0 1 0 0 1 0 0 1 0 0 1 0 0 1 0 0 1 0 0 1 0 0 1 0 0 1 0 0.0654031336 0 -0.997858882 0.1305262 0 -0.991444886 0.0654031336 0 -0.997858882 0.1305262 0 -0.991444886 0.0654031336 0 -0.997858882 0.1305262 0 -0.991444886 0.1305262 0 -0.991444886 0.258819014 0 -0.965925813 0.258819014 0 -0.965925813 0.258819014 0 -0.965925813 0.1305262 0 -0.991444886 0.1305262 0 -0.991444886 0.258819014 0 -0.965925813 0.382683396 0 -0.923879504 0.382683396 0 -0.923879504 0.382683396 0 -0.923879504 0.258819014 0 -0.965925813 0.258819014 0 -0.965925813 0.382683396 0 -0.923879504 0.5 0 -0.866025388 0.5 0 -0.866025388 0.5 0 -0.866025388 0.382683396 0 -0.923879504 0.382683396 0 -0.923879504 0.5 0 -0.866025388 0.60876143 0 -0.793353319 0.60876143 0 -0.793353319 0.60876143 0 -0.793353319 0.5 0 -0.866025388 0.5 0 -0.866025388 0.60876143 0 -0.793353319 0.707106829 0 -0.707106829 0.707106829 0 -0.707106829 0.707106829 0 -0.707106829 0.60876143 0 -0.793353319 0.60876143 0 -0.793353319 0.793353319 0 -0.60876143 0.707106829 0 -0.707106829 0.707106829 0 -0.707106829 0.707106829 0 -0.707106829 0.793353319 0 -0.60876143 0.793353319 0 -0.60876143 0.866025388 0 -0.5 0.793353319 0 -0.60876143 0.793353319 0 -0.60876143 0.793353319 0 -0.60876143 0.866025388 0 -0.5 0.866025388 0 -0.5 0.923879504 0 -0.382683396 0.866025388 0 -0.5 0.866025388 0 -0.5 0.866025388 0 -0.5 0.923879504 0 -0.382683396 0.923879504 0 -0.382683396 0.965925813 0 -0.258819014 0.923879504 0 -0.382683396 0.923879504 0 -0.382683396 0.923879504 0 -0.382683396 0.965925813 0 -0.258819014 0.965925813 0 -0.258819014 0.991444886 0 -0.1305262 0.965925813 0 -0.258819014 0.965925813 0 -0.258819014 0.965925813 0 -0.258819014 0.991444886 0 -0.1305262 0.991444886 0 -0.1305262 0.997858882 0 -0.0654031336 0.991444886 0 -0.1305262 0.991444886 0 -0.1305262 0.991444886 0 -0.1305262 0.997858882 0 -0.0654031336 0.997858882 0 -0.0654031336 -1 0 0 -1 0 0 -1 0 0 -1 0 0 -1 0 0 -1 0 0 -1 0 0 -1 0 0 -1 0 0 -1 0 0 -1 0 0 -1 0 0 -1 0 0 -1 0 0 -1 0 0 -1 0 0 -1 0 0 -1 0 0 -1 0 0 -1 0 0 -1 0 0 -1 0 0 -1 0 0 -1 0 0 -1 0 0 -1 0 0 -1 0 0 -1 0 0 -1 0 0 -1 0 0 0 0 1 0 0 1 0 0 1 0 0 1 0 0 1 0 0 1 0 0 1 0 0 1 0 0 1 0 0 1 0 0 1 0 0 1 0 0 1 0 0 1 0 0 1 0 0 1 0 0 1 0 0 1 0 0 1 0 0 1 0 0 1 0 0 1 0 0 1 0 0 1 0 0 1 0 0 1 0 0 1 0 0 1 0 0 1 0 0 1 0 1 0 0 1 0 0 1 0 0 1 0 0 1 0 0 1 0 0 1 0 0 1 0 0 1 0 0 1 0 0 1 0 0 1 0 0 1 0 0 1 0 0 1 0 0 1 0 0 1 0 0 1 0 0 1 0 0 1 0 0 1 0 0 1 0 0 1 0 0 1 0 0 1 0 0 1 0 0 1 0 0 1 0 0 1 0 0 1 0 0 1 0 0 1 0 0 1 0 0 1 0 0 1 0 0 1 0 0 1 0 0 1 0 0 1 0 0 1 0 0 1 0 0 1 0 0 1 0 0 1 0 0 1 0 0 1 0 0 1 0 0 1 0 0 1 0 0 1 0 0 1 0 0 1 0 0 1 0 0 1 0 0 1 0 0 1 0 0 1 0 0 1 0 0 1 0 0 1 0 0 1 0 0 1 0 0 1 0 0 1 0 0 1 0 0 1 0 0 1 0 0 1 0 0 1 0 0 1 0 0 1 0 0 1 0 0 1 0 0 1 0 0 1 0 0 1 0 0 1 0 0 1 0 0 1 0 0 1 0 0 1 0 0 1 0 0 1 0 0 1 0 0 1 0 0 1 0 0 1 0 0 1 0 0 1 0 0 1 0 0 1 0 0 1 0 0 1 0 0 1 0 0 1 0 0 1 0 0 1 0 0 1 0 0 1 0 0 1 0 0 1 0 0 1 0 0 1 0 0 1 0 0 1 0 0 1 0 0 1 0 0 1 0 0 1 0 0 1 0 0 1 0 0 1 0 0 1 0 0 1 0 0 1 0 0 1 0 0 1 0 0 1 0 0 1 0 0 1 0 0 1 0 0 1 0 0 1 0 0 1 0 0 1 0 0 1 0 0 1 0 0 1 0 0 1 0 0 1 0 0 1 0 0 1 0 0 1 0 0 1 0 0 1 0 0 1 0 0 1 0 0 1 0 0 1 0 0 1 0 0 1 0 0 1 0 0 1 0 0 1 0 0 1 0 0 1 0 0 1 0 0 1 0 0 1 0 0 1 0 0 1 0 0 1 0 0 1 0 0 1 0 0 1 0 0 1 0 0 1 0 0 1 0 0 1 0 0 1 0 0 1 0 0 1 0 0 1 0 0 1 0 0 1 0 0 1 0 0 1 0 0 1 0 0 1 0 0 1 0 0 1 0 0 1 0 0 1 0 0 1 0 0 1 0 0 1 0 0 1 0 0 1 0 0 1 0 0 1 0 0 1 0 0 1 0 0 1 0 0 1 0 0 1 0 0 1 0 0 1 0 0 1 0 0 1 0 0 1 0 0 1 0 0 1 0 0 1 0 0 1 0 0 1 0 0 1 0 0 1 0 0 1 0 0 1 0 0 1 0 0 1 0 0 1 0 0 1 0 0 1 0 0 1 0 0 1 0 0 1 0 0 1 0 0 1 0 0 1 0 0 1 0 0 1 0 0 1 0 0 1 0 0 1 0 0 1 0 0 1 0 0 1 0 0 1 0 0 1 0 0 1 0 0 1 0 0 1 0 0 1 0 0 1 0 0 1 0 0 1 0 0 1 0 0 1 0 0 1 0 0 1 0 0 1 0 0 1 0 0 1 0 0 1 0 0 1 0 0 1 0 0 1 0 0 1 0 0 1 0 0 1 0 0 1 0 0 1 0 0 1 0 0 1 0 0 1 0 0 1 0 0 1 0 0 1 0 0 1 0 0 1 0 0 1 0 0 1 0 0 1 0 0 1 0 0 1 0 0 1 0 0 1 0 0 1 0 0 1 0 0 1 0 0 1 0 0 1 0 0 1 0 0 1 0 0 1 0 0 1 0 0 1 0 0 1 0 0 1 0 0 1 0 0 1 0 0 1 0 0 1 0 0 1 0 0 1 0 0 1 0 0 1 0 0 1 0 0 1 0 0 1 0 0 1 0 0 1 0 0 1 0 0 1 0 0 1 0 0 1 0 0 1 0 0 1 0 0 1 0 0 1 0 0 1 0 0 1 0 0 1 0 0 1 0 0 1 0 0 1 0 0 1 0 0 1 0 0 1 0 0 1 0 0 1 0 0 1 0 0 1 0 0 1 0 0 1 0 0 1 0 0 1 0 0 1 0 0 1 0 0 1 0 0 1 0 0 1 0 0 1 0 0 1 0 0 1 0 0 1 0 0 1 0 0 1 0 0 1 0 0 1 0 0 1 0 0 1 0 0 1 0 0 1 0 0 1 0 0 1 0 0 1 0 0 1 0 0 1 0 0 1 0 0 1 0 0 1 0 0 1 0 0 1 0 0 1 0 0 1 0 0 1 0 0 1 0 0 1 0 0 1 0 0 1 0 0 1 0 0 1 0 0 1 0 0 1 0 0 1 0 0 1 0 0 1 0 0 1 0 0 1 0 0 1 0 0 1 0 0 1 0 0 1 0 0 1 0 0 1 0 0 1 0 0 1 0 0 1 0 </float_array>
          <technique_common>
            <accessor count="1560" offset="0" source="#road-bend_1-normals-array" stride="3">
              <param name="X" type="float" />
              <param name="Y" type="float" />
              <param name="Z" type="float" />
            </accessor>
          </technique_common>
        </source>
        <source id="road-bend_1-tex0" name="road-bend_1-tex0">
          <float_array id="road-bend_1-tex0-array" count="3120"> 0.46875 0.474999994 0.46875 0.375 0.46875 0.474999994 0.46875 0.375 0.46875 0.474999994 0.46875 0.375 0.46875 0.474999994 0.46875 0.375 0.46875 0.474999994 0.46875 0.375 0.46875 0.474999994 0.46875 0.375 0.46875 0.474999994 0.46875 0.375 0.46875 0.375 0.46875 0.375 0.46875 0.474999994 0.46875 0.474999994 0.46875 0.474999994 0.46875 0.375 0.46875 0.375 0.46875 0.375 0.46875 0.474999994 0.46875 0.474999994 0.46875 0.474999994 0.46875 0.375 0.46875 0.375 0.46875 0.375 0.46875 0.474999994 0.46875 0.474999994 0.46875 0.474999994 0.46875 0.375 0.46875 0.375 0.46875 0.375 0.46875 0.474999994 0.46875 0.474999994 0.46875 0.375 0.46875 0.474999994 0.46875 0.375 0.46875 0.474999994 0.46875 0.375 0.46875 0.474999994 0.46875 0.375 0.46875 0.474999994 0.46875 0.375 0.46875 0.474999994 0.46875 0.375 0.46875 0.474999994 0.46875 0.474999994 0.46875 0.375 0.46875 0.375 0.46875 0.375 0.46875 0.474999994 0.46875 0.474999994 0.46875 0.474999994 0.46875 0.375 0.46875 0.375 0.46875 0.375 0.46875 0.474999994 0.46875 0.474999994 0.46875 0.375 0.46875 0.474999994 0.46875 0.375 0.46875 0.474999994 0.46875 0.375 0.46875 0.474999994 0.46875 0.275000006 0.46875 0.275000006 0.46875 0.275000006 0.46875 0.275000006 0.46875 0.275000006 0.46875 0.275000006 0.46875 0.275000006 0.46875 0.275000006 0.46875 0.275000006 0.46875 0.275000006 0.46875 0.275000006 0.46875 0.275000006 0.46875 0.275000006 0.46875 0.275000006 0.46875 0.275000006 0.46875 0.275000006 0.46875 0.275000006 0.46875 0.275000006 0.46875 0.275000006 0.46875 0.275000006 0.46875 0.275000006 0.46875 0.275000006 0.46875 0.275000006 0.46875 0.275000006 0.46875 0.275000006 0.46875 0.275000006 0.46875 0.275000006 0.46875 0.275000006 0.46875 0.275000006 0.46875 0.275000006 0.46875 0.275000006 0.46875 0.275000006 0.46875 0.275000006 0.46875 0.275000006 0.46875 0.275000006 0.46875 0.275000006 0.46875 0.375 0.46875 0.474999994 0.46875 0.375 0.46875 0.474999994 0.46875 0.375 0.46875 0.474999994 0.46875 0.375 0.46875 0.474999994 0.46875 0.375 0.46875 0.474999994 0.46875 0.375 0.46875 0.474999994 0.46875 0.375 0.46875 0.474999994 0.46875 0.375 0.46875 0.474999994 0.46875 0.375 0.46875 0.474999994 0.46875 0.375 0.46875 0.474999994 0.46875 0.375 0.46875 0.474999994 0.46875 0.375 0.46875 0.474999994 0.46875 0.375 0.46875 0.474999994 0.46875 0.375 0.46875 0.474999994 0.46875 0.375 0.46875 0.474999994 0.46875 0.375 0.46875 0.474999994 0.46875 0.375 0.46875 0.474999994 0.46875 0.375 0.46875 0.474999994 0.46875 0.474999994 0.46875 0.474999994 0.46875 0.474999994 0.46875 0.474999994 0.46875 0.474999994 0.46875 0.474999994 0.46875 0.474999994 0.46875 0.474999994 0.46875 0.474999994 0.46875 0.474999994 0.46875 0.474999994 0.46875 0.474999994 0.46875 0.474999994 0.46875 0.474999994 0.46875 0.474999994 0.46875 0.474999994 0.46875 0.474999994 0.46875 0.474999994 0.46875 0.474999994 0.46875 0.474999994 0.46875 0.474999994 0.46875 0.474999994 0.46875 0.474999994 0.46875 0.474999994 0.46875 0.474999994 0.46875 0.474999994 0.46875 0.474999994 0.46875 0.474999994 0.46875 0.474999994 0.46875 0.474999994 0.46875 0.474999994 0.46875 0.474999994 0.46875 0.474999994 0.46875 0.474999994 0.46875 0.474999994 0.46875 0.474999994 0.46875 0.474999994 0.46875 0.375 0.46875 0.474999994 0.46875 0.375 0.46875 0.474999994 0.46875 0.375 0.46875 0.474999994 0.46875 0.375 0.46875 0.474999994 0.46875 0.375 0.46875 0.474999994 0.46875 0.375 0.46875 0.375 0.46875 0.474999994 0.46875 0.375 0.46875 0.474999994 0.46875 0.375 0.46875 0.474999994 0.46875 0.474999994 0.46875 0.375 0.46875 0.474999994 0.46875 0.375 0.46875 0.474999994 0.46875 0.375 0.46875 0.375 0.46875 0.474999994 0.46875 0.375 0.46875 0.474999994 0.46875 0.375 0.46875 0.474999994 0.46875 0.474999994 0.46875 0.375 0.46875 0.474999994 0.46875 0.375 0.46875 0.474999994 0.46875 0.375 0.46875 0.375 0.46875 0.474999994 0.46875 0.375 0.46875 0.474999994 0.46875 0.375 0.46875 0.474999994 0.46875 0.474999994 0.46875 0.474999994 0.46875 0.474999994 0.46875 0.474999994 0.46875 0.474999994 0.46875 0.474999994 0.46875 0.474999994 0.46875 0.474999994 0.46875 0.474999994 0.46875 0.474999994 0.46875 0.474999994 0.46875 0.474999994 0.46875 0.474999994 0.46875 0.474999994 0.46875 0.474999994 0.46875 0.474999994 0.46875 0.474999994 0.46875 0.474999994 0.46875 0.474999994 0.46875 0.474999994 0.46875 0.474999994 0.46875 0.474999994 0.46875 0.474999994 0.46875 0.474999994 0.46875 0.474999994 0.46875 0.474999994 0.46875 0.474999994 0.46875 0.474999994 0.46875 0.474999994 0.46875 0.474999994 0.46875 0.474999994 0.46875 0.474999994 0.46875 0.474999994 0.46875 0.474999994 0.46875 0.474999994 0.46875 0.474999994 0.46875 0.474999994 0.46875 0.474999994 0.46875 0.474999994 0.46875 0.474999994 0.46875 0.474999994 0.46875 0.474999994 0.46875 0.474999994 0.46875 0.474999994 0.46875 0.474999994 0.46875 0.474999994 0.46875 0.474999994 0.46875 0.474999994 0.46875 0.474999994 0.46875 0.474999994 0.46875 0.474999994 0.46875 0.474999994 0.46875 0.474999994 0.46875 0.474999994 0.46875 0.474999994 0.46875 0.474999994 0.46875 0.474999994 0.46875 0.474999994 0.46875 0.474999994 0.46875 0.474999994 0.46875 0.474999994 0.46875 0.474999994 0.46875 0.474999994 0.46875 0.474999994 0.46875 0.474999994 0.46875 0.474999994 0.46875 0.474999994 0.46875 0.474999994 0.46875 0.474999994 0.46875 0.474999994 0.46875 0.474999994 0.46875 0.474999994 0.46875 0.474999994 0.46875 0.275000006 0.46875 0.275000006 0.46875 0.275000006 0.46875 0.474999994 0.46875 0.474999994 0.46875 0.275000006 0.46875 0.474999994 0.46875 0.275000006 0.46875 0.474999994 0.46875 0.275000006 0.46875 0.474999994 0.46875 0.275000006 0.46875 0.474999994 0.46875 0.275000006 0.46875 0.474999994 0.46875 0.275000006 0.46875 0.474999994 0.46875 0.275000006 0.46875 0.474999994 0.46875 0.275000006 0.46875 0.474999994 0.46875 0.275000006 0.46875 0.474999994 0.46875 0.275000006 0.46875 0.474999994 0.46875 0.275000006 0.46875 0.474999994 0.46875 0.275000006 0.46875 0.474999994 0.46875 0.275000006 0.46875 0.474999994 0.46875 0.275000006 0.46875 0.474999994 0.46875 0.275000006 0.46875 0.474999994 0.46875 0.474999994 0.46875 0.275000006 0.46875 0.474999994 0.46875 0.275000006 0.46875 0.474999994 0.46875 0.275000006 0.46875 0.474999994 0.46875 0.275000006 0.46875 0.474999994 0.46875 0.275000006 0.46875 0.474999994 0.46875 0.275000006 0.46875 0.474999994 0.46875 0.275000006 0.46875 0.474999994 0.46875 0.275000006 0.46875 0.474999994 0.46875 0.275000006 0.46875 0.474999994 0.46875 0.275000006 0.46875 0.474999994 0.46875 0.275000006 0.46875 0.474999994 0.46875 0.275000006 0.46875 0.474999994 0.46875 0.275000006 0.46875 0.474999994 0.46875 0.275000006 0.46875 0.474999994 0.46875 0.275000006 0.46875 0.474999994 0.46875 0.275000006 0.46875 0.474999994 0.46875 0.275000006 0.46875 0.474999994 0.46875 0.275000006 0.34375 0.224999994 0.34375 0.0250000004 0.34375 0.224999994 0.34375 0.125 0.34375 0.0250000004 0.34375 0.224999994 0.34375 0.125 0.34375 0.0250000004 0.34375 0.125 0.34375 0.125 0.34375 0.0250000004 0.34375 0.125 0.34375 0.125 0.34375 0.0250000004 0.34375 0.125 0.34375 0.125 0.34375 0.0250000004 0.34375 0.125 0.34375 0.125 0.34375 0.0250000004 0.34375 0.125 0.34375 0.125 0.34375 0.0250000004 0.34375 0.0250000004 0.34375 0.0250000004 0.34375 0.125 0.34375 0.224999994 0.34375 0.224999994 0.34375 0.224999994 0.34375 0.125 0.34375 0.125 0.34375 0.224999994 0.34375 0.224999994 0.34375 0.125 0.34375 0.0250000004 0.34375 0.224999994 0.34375 0.0250000004 0.34375 0.125 0.34375 0.0250000004 0.34375 0.0250000004 0.34375 0.125 0.34375 0.125 0.34375 0.125 0.34375 0.0250000004 0.34375 0.125 0.34375 0.0250000004 0.34375 0.125 0.34375 0.224999994 0.34375 0.224999994 0.34375 0.125 0.34375 0.224999994 0.34375 0.125 0.34375 0.125 0.34375 0.125 0.34375 0.125 0.34375 0.125 0.34375 0.125 0.34375 0.125 0.34375 0.125 0.34375 0.125 0.28125 0.125 0.28125 0.125 0.28125 0.125 0.28125 0.125 0.28125 0.125 0.28125 0.125 0.28125 0.125 0.28125 0.125 0.28125 0.125 0.28125 0.125 0.28125 0.125 0.28125 0.125 0.28125 0.125 0.28125 0.125 0.28125 0.125 0.28125 0.125 0.28125 0.125 0.28125 0.125 0.28125 0.125 0.28125 0.125 0.28125 0.125 0.28125 0.125 0.28125 0.125 0.28125 0.125 0.28125 0.125 0.28125 0.125 0.28125 0.125 0.28125 0.125 0.28125 0.125 0.28125 0.125 0.28125 0.125 0.28125 0.125 0.28125 0.125 0.28125 0.125 0.28125 0.125 0.28125 0.125 0.28125 0.125 0.28125 0.125 0.28125 0.125 0.28125 0.125 0.28125 0.125 0.28125 0.125 0.28125 0.125 0.28125 0.125 0.28125 0.125 0.28125 0.125 0.28125 0.125 0.28125 0.125 0.28125 0.125 0.28125 0.125 0.28125 0.125 0.28125 0.125 0.28125 0.125 0.28125 0.125 0.28125 0.125 0.28125 0.125 0.28125 0.125 0.28125 0.125 0.28125 0.125 0.28125 0.125 0.28125 0.125 0.28125 0.125 0.28125 0.125 0.28125 0.125 0.28125 0.125 0.28125 0.125 0.28125 0.125 0.28125 0.125 0.28125 0.125 0.28125 0.125 0.28125 0.125 0.28125 0.125 0.28125 0.125 0.28125 0.125 0.28125 0.125 0.28125 0.125 0.28125 0.125 0.28125 0.125 0.28125 0.125 0.28125 0.125 0.28125 0.125 0.28125 0.125 0.28125 0.125 0.28125 0.125 0.28125 0.125 0.28125 0.125 0.28125 0.125 0.28125 0.125 0.28125 0.125 0.28125 0.125 0.28125 0.125 0.28125 0.125 0.28125 0.125 0.28125 0.125 0.28125 0.125 0.28125 0.125 0.28125 0.125 0.28125 0.125 0.28125 0.125 0.28125 0.125 0.28125 0.125 0.28125 0.125 0.28125 0.125 0.28125 0.125 0.28125 0.125 0.28125 0.125 0.28125 0.125 0.28125 0.125 0.28125 0.125 0.28125 0.125 0.28125 0.125 0.28125 0.125 0.28125 0.125 0.28125 0.125 0.28125 0.125 0.28125 0.125 0.28125 0.125 0.28125 0.125 0.28125 0.125 0.28125 0.125 0.28125 0.125 0.28125 0.125 0.28125 0.125 0.28125 0.125 0.28125 0.125 0.28125 0.125 0.28125 0.125 0.28125 0.125 0.28125 0.125 0.28125 0.125 0.28125 0.125 0.28125 0.125 0.28125 0.125 0.28125 0.125 0.28125 0.125 0.28125 0.125 0.28125 0.125 0.28125 0.125 0.28125 0.125 0.28125 0.125 0.28125 0.125 0.28125 0.125 0.28125 0.125 0.28125 0.125 0.40625 0.125 0.40625 0.125 0.40625 0.125 0.40625 0.125 0.40625 0.125 0.40625 0.125 0.40625 0.125 0.40625 0.125 0.40625 0.125 0.40625 0.125 0.40625 0.125 0.40625 0.125 0.40625 0.125 0.40625 0.125 0.40625 0.125 0.40625 0.125 0.40625 0.125 0.40625 0.125 0.40625 0.125 0.40625 0.125 0.40625 0.125 0.40625 0.125 0.40625 0.125 0.40625 0.125 0.40625 0.125 0.40625 0.125 0.40625 0.125 0.40625 0.125 0.40625 0.125 0.40625 0.125 0.40625 0.125 0.40625 0.125 0.40625 0.125 0.40625 0.125 0.40625 0.125 0.40625 0.125 0.40625 0.125 0.40625 0.125 0.40625 0.125 0.40625 0.125 0.40625 0.125 0.40625 0.125 0.40625 0.125 0.40625 0.125 0.40625 0.125 0.40625 0.125 0.40625 0.125 0.40625 0.125 0.40625 0.125 0.40625 0.125 0.40625 0.125 0.40625 0.125 0.40625 0.125 0.40625 0.125 0.40625 0.125 0.40625 0.125 0.40625 0.125 0.40625 0.125 0.40625 0.125 0.40625 0.125 0.40625 0.125 0.40625 0.125 0.40625 0.125 0.40625 0.125 0.40625 0.125 0.40625 0.125 0.40625 0.125 0.40625 0.125 0.40625 0.125 0.40625 0.125 0.40625 0.125 0.40625 0.125 0.03125 0.125 0.03125 0.125 0.03125 0.125 0.03125 0.125 0.03125 0.125 0.03125 0.125 0.03125 0.125 0.03125 0.125 0.03125 0.125 0.03125 0.125 0.03125 0.125 0.03125 0.125 0.03125 0.125 0.03125 0.125 0.03125 0.125 0.03125 0.125 0.03125 0.125 0.03125 0.125 0.03125 0.125 0.03125 0.125 0.03125 0.125 0.03125 0.125 0.03125 0.125 0.03125 0.125 0.03125 0.125 0.03125 0.125 0.03125 0.125 0.03125 0.125 0.03125 0.125 0.03125 0.125 0.03125 0.125 0.03125 0.125 0.03125 0.125 0.03125 0.125 0.03125 0.125 0.03125 0.125 0.03125 0.125 0.03125 0.125 0.03125 0.125 0.03125 0.125 0.03125 0.125 0.03125 0.125 0.03125 0.125 0.03125 0.125 0.03125 0.125 0.03125 0.125 0.03125 0.125 0.03125 0.125 0.03125 0.125 0.03125 0.125 0.03125 0.125 0.03125 0.125 0.03125 0.125 0.03125 0.125 0.03125 0.125 0.03125 0.125 0.03125 0.125 0.03125 0.125 0.03125 0.125 0.03125 0.125 0.03125 0.125 0.03125 0.125 0.03125 0.125 0.03125 0.125 0.03125 0.125 0.03125 0.125 0.03125 0.125 0.03125 0.125 0.03125 0.125 0.03125 0.125 0.03125 0.125 0.03125 0.125 0.03125 0.125 0.03125 0.125 0.03125 0.125 0.03125 0.125 0.03125 0.125 0.03125 0.125 0.03125 0.125 0.03125 0.125 0.03125 0.125 0.03125 0.125 0.03125 0.125 0.03125 0.125 0.03125 0.125 0.03125 0.125 0.03125 0.125 0.03125 0.125 0.03125 0.125 0.03125 0.125 0.03125 0.125 0.03125 0.125 0.03125 0.125 0.03125 0.125 0.03125 0.125 0.03125 0.125 0.03125 0.125 0.03125 0.125 0.03125 0.125 0.03125 0.125 0.03125 0.125 0.03125 0.125 0.03125 0.125 0.03125 0.125 0.03125 0.125 0.03125 0.125 0.03125 0.125 0.03125 0.125 0.03125 0.125 0.03125 0.125 0.03125 0.125 0.03125 0.125 0.03125 0.125 0.03125 0.125 0.03125 0.125 0.03125 0.125 0.03125 0.125 0.03125 0.125 0.03125 0.125 0.03125 0.125 0.03125 0.125 0.03125 0.125 0.03125 0.125 0.03125 0.125 0.03125 0.125 0.03125 0.125 0.03125 0.125 0.03125 0.125 0.03125 0.125 0.03125 0.125 0.03125 0.125 0.03125 0.125 0.03125 0.125 0.03125 0.125 0.03125 0.125 0.03125 0.125 0.03125 0.125 0.03125 0.125 0.03125 0.125 0.03125 0.125 0.03125 0.125 0.03125 0.125 0.03125 0.125 0.03125 0.125 0.46875 0.474999994 0.46875 0.375 0.46875 0.474999994 0.46875 0.375 0.46875 0.474999994 0.46875 0.375 0.46875 0.474999994 0.46875 0.375 0.46875 0.474999994 0.46875 0.375 0.46875 0.474999994 0.46875 0.375 0.46875 0.474999994 0.46875 0.375 0.46875 0.375 0.46875 0.375 0.46875 0.474999994 0.46875 0.474999994 0.46875 0.474999994 0.46875 0.375 0.46875 0.375 0.46875 0.375 0.46875 0.474999994 0.46875 0.474999994 0.46875 0.474999994 0.46875 0.375 0.46875 0.375 0.46875 0.375 0.46875 0.474999994 0.46875 0.474999994 0.46875 0.474999994 0.46875 0.375 0.46875 0.375 0.46875 0.375 0.46875 0.474999994 0.46875 0.474999994 0.46875 0.375 0.46875 0.474999994 0.46875 0.375 0.46875 0.474999994 0.46875 0.375 0.46875 0.474999994 0.46875 0.375 0.46875 0.474999994 0.46875 0.375 0.46875 0.474999994 0.46875 0.375 0.46875 0.474999994 0.46875 0.474999994 0.46875 0.375 0.46875 0.375 0.46875 0.375 0.46875 0.474999994 0.46875 0.474999994 0.46875 0.474999994 0.46875 0.375 0.46875 0.375 0.46875 0.375 0.46875 0.474999994 0.46875 0.474999994 0.46875 0.375 0.46875 0.474999994 0.46875 0.375 0.46875 0.474999994 0.46875 0.375 0.46875 0.474999994 0.46875 0.275000006 0.46875 0.275000006 0.46875 0.275000006 0.46875 0.275000006 0.46875 0.275000006 0.46875 0.275000006 0.46875 0.275000006 0.46875 0.275000006 0.46875 0.275000006 0.46875 0.275000006 0.46875 0.275000006 0.46875 0.275000006 0.46875 0.275000006 0.46875 0.275000006 0.46875 0.275000006 0.46875 0.275000006 0.46875 0.275000006 0.46875 0.275000006 0.46875 0.275000006 0.46875 0.275000006 0.46875 0.275000006 0.46875 0.275000006 0.46875 0.275000006 0.46875 0.275000006 0.46875 0.275000006 0.46875 0.275000006 0.46875 0.275000006 0.46875 0.275000006 0.46875 0.275000006 0.46875 0.275000006 0.46875 0.275000006 0.46875 0.275000006 0.46875 0.275000006 0.46875 0.275000006 0.46875 0.275000006 0.46875 0.275000006 0.46875 0.375 0.46875 0.474999994 0.46875 0.375 0.46875 0.474999994 0.46875 0.375 0.46875 0.474999994 0.46875 0.375 0.46875 0.474999994 0.46875 0.375 0.46875 0.474999994 0.46875 0.375 0.46875 0.474999994 0.46875 0.375 0.46875 0.474999994 0.46875 0.375 0.46875 0.474999994 0.46875 0.375 0.46875 0.474999994 0.46875 0.375 0.46875 0.474999994 0.46875 0.375 0.46875 0.474999994 0.46875 0.375 0.46875 0.474999994 0.46875 0.375 0.46875 0.474999994 0.46875 0.375 0.46875 0.474999994 0.46875 0.375 0.46875 0.474999994 0.46875 0.375 0.46875 0.474999994 0.46875 0.375 0.46875 0.474999994 0.46875 0.375 0.46875 0.474999994 0.46875 0.474999994 0.46875 0.474999994 0.46875 0.474999994 0.46875 0.474999994 0.46875 0.474999994 0.46875 0.474999994 0.46875 0.474999994 0.46875 0.474999994 0.46875 0.474999994 0.46875 0.474999994 0.46875 0.474999994 0.46875 0.474999994 0.46875 0.474999994 0.46875 0.474999994 0.46875 0.474999994 0.46875 0.474999994 0.46875 0.474999994 0.46875 0.474999994 0.46875 0.474999994 0.46875 0.474999994 0.46875 0.474999994 0.46875 0.474999994 0.46875 0.474999994 0.46875 0.474999994 0.46875 0.474999994 0.46875 0.474999994 0.46875 0.474999994 0.46875 0.474999994 0.46875 0.474999994 0.46875 0.474999994 0.46875 0.474999994 0.46875 0.474999994 0.46875 0.474999994 0.46875 0.474999994 0.46875 0.474999994 0.46875 0.474999994 0.46875 0.474999994 0.46875 0.375 0.46875 0.474999994 0.46875 0.375 0.46875 0.474999994 0.46875 0.375 0.46875 0.474999994 0.46875 0.375 0.46875 0.474999994 0.46875 0.375 0.46875 0.474999994 0.46875 0.375 0.46875 0.375 0.46875 0.474999994 0.46875 0.375 0.46875 0.474999994 0.46875 0.375 0.46875 0.474999994 0.46875 0.474999994 0.46875 0.375 0.46875 0.474999994 0.46875 0.375 0.46875 0.474999994 0.46875 0.375 0.46875 0.375 0.46875 0.474999994 0.46875 0.375 0.46875 0.474999994 0.46875 0.375 0.46875 0.474999994 0.46875 0.474999994 0.46875 0.375 0.46875 0.474999994 0.46875 0.375 0.46875 0.474999994 0.46875 0.375 0.46875 0.375 0.46875 0.474999994 0.46875 0.375 0.46875 0.474999994 0.46875 0.375 0.46875 0.474999994 0.46875 0.474999994 0.46875 0.474999994 0.46875 0.474999994 0.46875 0.474999994 0.46875 0.474999994 0.46875 0.474999994 0.46875 0.474999994 0.46875 0.474999994 0.46875 0.474999994 0.46875 0.474999994 0.46875 0.474999994 0.46875 0.474999994 0.46875 0.474999994 0.46875 0.474999994 0.46875 0.474999994 0.46875 0.474999994 0.46875 0.474999994 0.46875 0.474999994 0.46875 0.474999994 0.46875 0.474999994 0.46875 0.474999994 0.46875 0.474999994 0.46875 0.474999994 0.46875 0.474999994 0.46875 0.474999994 0.46875 0.474999994 0.46875 0.474999994 0.46875 0.474999994 0.46875 0.474999994 0.46875 0.474999994 0.46875 0.474999994 0.46875 0.474999994 0.46875 0.474999994 0.46875 0.474999994 0.46875 0.474999994 0.46875 0.474999994 0.46875 0.474999994 0.46875 0.474999994 0.46875 0.474999994 0.46875 0.474999994 0.46875 0.474999994 0.46875 0.474999994 0.46875 0.474999994 0.46875 0.474999994 0.46875 0.474999994 0.46875 0.474999994 0.46875 0.474999994 0.46875 0.474999994 0.46875 0.474999994 0.46875 0.474999994 0.46875 0.474999994 0.46875 0.474999994 0.46875 0.474999994 0.46875 0.474999994 0.46875 0.474999994 0.46875 0.474999994 0.46875 0.474999994 0.46875 0.474999994 0.46875 0.474999994 0.46875 0.474999994 0.46875 0.474999994 0.46875 0.474999994 0.46875 0.474999994 0.46875 0.474999994 0.46875 0.474999994 0.46875 0.474999994 0.46875 0.474999994 0.46875 0.474999994 0.46875 0.474999994 0.46875 0.474999994 0.46875 0.474999994 0.46875 0.474999994 0.46875 0.474999994 0.46875 0.275000006 0.46875 0.275000006 0.46875 0.275000006 0.46875 0.474999994 0.46875 0.474999994 0.46875 0.275000006 0.46875 0.474999994 0.46875 0.275000006 0.46875 0.474999994 0.46875 0.275000006 0.46875 0.474999994 0.46875 0.275000006 0.46875 0.474999994 0.46875 0.275000006 0.46875 0.474999994 0.46875 0.275000006 0.46875 0.474999994 0.46875 0.275000006 0.46875 0.474999994 0.46875 0.275000006 0.46875 0.474999994 0.46875 0.275000006 0.46875 0.474999994 0.46875 0.275000006 0.46875 0.474999994 0.46875 0.275000006 0.46875 0.474999994 0.46875 0.275000006 0.46875 0.474999994 0.46875 0.275000006 0.46875 0.474999994 0.46875 0.275000006 0.46875 0.474999994 0.46875 0.275000006 0.46875 0.474999994 0.46875 0.474999994 0.46875 0.275000006 0.46875 0.474999994 0.46875 0.275000006 0.46875 0.474999994 0.46875 0.275000006 0.46875 0.474999994 0.46875 0.275000006 0.46875 0.474999994 0.46875 0.275000006 0.46875 0.474999994 0.46875 0.275000006 0.46875 0.474999994 0.46875 0.275000006 0.46875 0.474999994 0.46875 0.275000006 0.46875 0.474999994 0.46875 0.275000006 0.46875 0.474999994 0.46875 0.275000006 0.46875 0.474999994 0.46875 0.275000006 0.46875 0.474999994 0.46875 0.275000006 0.46875 0.474999994 0.46875 0.275000006 0.46875 0.474999994 0.46875 0.275000006 0.46875 0.474999994 0.46875 0.275000006 0.46875 0.474999994 0.46875 0.275000006 0.46875 0.474999994 0.46875 0.275000006 0.46875 0.474999994 0.46875 0.275000006 0.34375 0.224999994 0.34375 0.0250000004 0.34375 0.224999994 0.34375 0.125 0.34375 0.0250000004 0.34375 0.224999994 0.34375 0.125 0.34375 0.0250000004 0.34375 0.125 0.34375 0.125 0.34375 0.0250000004 0.34375 0.125 0.34375 0.125 0.34375 0.0250000004 0.34375 0.125 0.34375 0.125 0.34375 0.0250000004 0.34375 0.125 0.34375 0.125 0.34375 0.0250000004 0.34375 0.125 0.34375 0.125 0.34375 0.0250000004 0.34375 0.0250000004 0.34375 0.0250000004 0.34375 0.125 0.34375 0.224999994 0.34375 0.224999994 0.34375 0.224999994 0.34375 0.125 0.34375 0.125 0.34375 0.224999994 0.34375 0.224999994 0.34375 0.125 0.34375 0.0250000004 0.34375 0.224999994 0.34375 0.0250000004 0.34375 0.125 0.34375 0.0250000004 0.34375 0.0250000004 0.34375 0.125 0.34375 0.125 0.34375 0.125 0.34375 0.0250000004 0.34375 0.125 0.34375 0.0250000004 0.34375 0.125 0.34375 0.224999994 0.34375 0.224999994 0.34375 0.125 0.34375 0.224999994 0.34375 0.125 0.34375 0.125 0.34375 0.125 0.34375 0.125 0.34375 0.125 0.34375 0.125 0.34375 0.125 0.34375 0.125 0.34375 0.125 0.28125 0.125 0.28125 0.125 0.28125 0.125 0.28125 0.125 0.28125 0.125 0.28125 0.125 0.28125 0.125 0.28125 0.125 0.28125 0.125 0.28125 0.125 0.28125 0.125 0.28125 0.125 0.28125 0.125 0.28125 0.125 0.28125 0.125 0.28125 0.125 0.28125 0.125 0.28125 0.125 0.28125 0.125 0.28125 0.125 0.28125 0.125 0.28125 0.125 0.28125 0.125 0.28125 0.125 0.28125 0.125 0.28125 0.125 0.28125 0.125 0.28125 0.125 0.28125 0.125 0.28125 0.125 0.28125 0.125 0.28125 0.125 0.28125 0.125 0.28125 0.125 0.28125 0.125 0.28125 0.125 0.28125 0.125 0.28125 0.125 0.28125 0.125 0.28125 0.125 0.28125 0.125 0.28125 0.125 0.28125 0.125 0.28125 0.125 0.28125 0.125 0.28125 0.125 0.28125 0.125 0.28125 0.125 0.28125 0.125 0.28125 0.125 0.28125 0.125 0.28125 0.125 0.28125 0.125 0.28125 0.125 0.28125 0.125 0.28125 0.125 0.28125 0.125 0.28125 0.125 0.28125 0.125 0.28125 0.125 0.28125 0.125 0.28125 0.125 0.28125 0.125 0.28125 0.125 0.28125 0.125 0.28125 0.125 0.28125 0.125 0.28125 0.125 0.28125 0.125 0.28125 0.125 0.28125 0.125 0.28125 0.125 0.28125 0.125 0.28125 0.125 0.28125 0.125 0.28125 0.125 0.28125 0.125 0.28125 0.125 0.28125 0.125 0.28125 0.125 0.28125 0.125 0.28125 0.125 0.28125 0.125 0.28125 0.125 0.28125 0.125 0.28125 0.125 0.28125 0.125 0.28125 0.125 0.28125 0.125 0.28125 0.125 0.28125 0.125 0.28125 0.125 0.28125 0.125 0.28125 0.125 0.28125 0.125 0.28125 0.125 0.28125 0.125 0.28125 0.125 0.28125 0.125 0.28125 0.125 0.28125 0.125 0.28125 0.125 0.28125 0.125 0.28125 0.125 0.28125 0.125 0.28125 0.125 0.28125 0.125 0.28125 0.125 0.28125 0.125 0.28125 0.125 0.28125 0.125 0.28125 0.125 0.28125 0.125 0.28125 0.125 0.28125 0.125 0.28125 0.125 0.28125 0.125 0.28125 0.125 0.28125 0.125 0.28125 0.125 0.28125 0.125 0.28125 0.125 0.28125 0.125 0.28125 0.125 0.28125 0.125 0.28125 0.125 0.28125 0.125 0.28125 0.125 0.28125 0.125 0.28125 0.125 0.28125 0.125 0.28125 0.125 0.28125 0.125 0.28125 0.125 0.28125 0.125 0.28125 0.125 0.28125 0.125 0.28125 0.125 0.28125 0.125 0.28125 0.125 0.28125 0.125 0.28125 0.125 0.28125 0.125 0.28125 0.125 0.40625 0.125 0.40625 0.125 0.40625 0.125 0.40625 0.125 0.40625 0.125 0.40625 0.125 0.40625 0.125 0.40625 0.125 0.40625 0.125 0.40625 0.125 0.40625 0.125 0.40625 0.125 0.40625 0.125 0.40625 0.125 0.40625 0.125 0.40625 0.125 0.40625 0.125 0.40625 0.125 0.40625 0.125 0.40625 0.125 0.40625 0.125 0.40625 0.125 0.40625 0.125 0.40625 0.125 0.40625 0.125 0.40625 0.125 0.40625 0.125 0.40625 0.125 0.40625 0.125 0.40625 0.125 0.40625 0.125 0.40625 0.125 0.40625 0.125 0.40625 0.125 0.40625 0.125 0.40625 0.125 0.40625 0.125 0.40625 0.125 0.40625 0.125 0.40625 0.125 0.40625 0.125 0.40625 0.125 0.40625 0.125 0.40625 0.125 0.40625 0.125 0.40625 0.125 0.40625 0.125 0.40625 0.125 0.40625 0.125 0.40625 0.125 0.40625 0.125 0.40625 0.125 0.40625 0.125 0.40625 0.125 0.40625 0.125 0.40625 0.125 0.40625 0.125 0.40625 0.125 0.40625 0.125 0.40625 0.125 0.40625 0.125 0.40625 0.125 0.40625 0.125 0.40625 0.125 0.40625 0.125 0.40625 0.125 0.40625 0.125 0.40625 0.125 0.40625 0.125 0.40625 0.125 0.40625 0.125 0.40625 0.125 0.03125 0.125 0.03125 0.125 0.03125 0.125 0.03125 0.125 0.03125 0.125 0.03125 0.125 0.03125 0.125 0.03125 0.125 0.03125 0.125 0.03125 0.125 0.03125 0.125 0.03125 0.125 0.03125 0.125 0.03125 0.125 0.03125 0.125 0.03125 0.125 0.03125 0.125 0.03125 0.125 0.03125 0.125 0.03125 0.125 0.03125 0.125 0.03125 0.125 0.03125 0.125 0.03125 0.125 0.03125 0.125 0.03125 0.125 0.03125 0.125 0.03125 0.125 0.03125 0.125 0.03125 0.125 0.03125 0.125 0.03125 0.125 0.03125 0.125 0.03125 0.125 0.03125 0.125 0.03125 0.125 0.03125 0.125 0.03125 0.125 0.03125 0.125 0.03125 0.125 0.03125 0.125 0.03125 0.125 0.03125 0.125 0.03125 0.125 0.03125 0.125 0.03125 0.125 0.03125 0.125 0.03125 0.125 0.03125 0.125 0.03125 0.125 0.03125 0.125 0.03125 0.125 0.03125 0.125 0.03125 0.125 0.03125 0.125 0.03125 0.125 0.03125 0.125 0.03125 0.125 0.03125 0.125 0.03125 0.125 0.03125 0.125 0.03125 0.125 0.03125 0.125 0.03125 0.125 0.03125 0.125 0.03125 0.125 0.03125 0.125 0.03125 0.125 0.03125 0.125 0.03125 0.125 0.03125 0.125 0.03125 0.125 0.03125 0.125 0.03125 0.125 0.03125 0.125 0.03125 0.125 0.03125 0.125 0.03125 0.125 0.03125 0.125 0.03125 0.125 0.03125 0.125 0.03125 0.125 0.03125 0.125 0.03125 0.125 0.03125 0.125 0.03125 0.125 0.03125 0.125 0.03125 0.125 0.03125 0.125 0.03125 0.125 0.03125 0.125 0.03125 0.125 0.03125 0.125 0.03125 0.125 0.03125 0.125 0.03125 0.125 0.03125 0.125 0.03125 0.125 0.03125 0.125 0.03125 0.125 0.03125 0.125 0.03125 0.125 0.03125 0.125 0.03125 0.125 0.03125 0.125 0.03125 0.125 0.03125 0.125 0.03125 0.125 0.03125 0.125 0.03125 0.125 0.03125 0.125 0.03125 0.125 0.03125 0.125 0.03125 0.125 0.03125 0.125 0.03125 0.125 0.03125 0.125 0.03125 0.125 0.03125 0.125 0.03125 0.125 0.03125 0.125 0.03125 0.125 0.03125 0.125 0.03125 0.125 0.03125 0.125 0.03125 0.125 0.03125 0.125 0.03125 0.125 0.03125 0.125 0.03125 0.125 0.03125 0.125 0.03125 0.125 0.03125 0.125 0.03125 0.125 0.03125 0.125 0.03125 0.125 0.03125 0.125 0.03125 0.125 0.03125 0.125 0.03125 0.125 0.03125 0.125 0.03125 0.125 0.03125 0.125 0.03125 0.125 </float_array>
          <technique_common>
            <accessor count="1560" offset="0" source="#road-bend_1-tex0-array" stride="2">
              <param name="S" type="float" />
              <param name="T" type="float" />
            </accessor>
          </technique_common>
        </source>
        <source id="road-bend_1-color0" name="road-bend_1-color0">
          <float_array id="road-bend_1-color0-array" count="4680"> 1 1 1 1 1 1 1 1 1 1 1 1 1 1 1 1 1 1 1 1 1 1 1 1 1 1 1 1 1 1 1 1 1 1 1 1 1 1 1 1 1 1 1 1 1 1 1 1 1 1 1 1 1 1 1 1 1 1 1 1 1 1 1 1 1 1 1 1 1 1 1 1 1 1 1 1 1 1 1 1 1 1 1 1 1 1 1 1 1 1 1 1 1 1 1 1 1 1 1 1 1 1 1 1 1 1 1 1 1 1 1 1 1 1 1 1 1 1 1 1 1 1 1 1 1 1 1 1 1 1 1 1 1 1 1 1 1 1 1 1 1 1 1 1 1 1 1 1 1 1 1 1 1 1 1 1 1 1 1 1 1 1 1 1 1 1 1 1 1 1 1 1 1 1 1 1 1 1 1 1 1 1 1 1 1 1 1 1 1 1 1 1 1 1 1 1 1 1 1 1 1 1 1 1 1 1 1 1 1 1 1 1 1 1 1 1 1 1 1 1 1 1 1 1 1 1 1 1 1 1 1 1 1 1 1 1 1 1 1 1 1 1 1 1 1 1 1 1 1 1 1 1 1 1 1 1 1 1 1 1 1 1 1 1 1 1 1 1 1 1 1 1 1 1 1 1 1 1 1 1 1 1 1 1 1 1 1 1 1 1 1 1 1 1 1 1 1 1 1 1 1 1 1 1 1 1 1 1 1 1 1 1 1 1 1 1 1 1 1 1 1 1 1 1 1 1 1 1 1 1 1 1 1 1 1 1 1 1 1 1 1 1 1 1 1 1 1 1 1 1 1 1 1 1 1 1 1 1 1 1 1 1 1 1 1 1 1 1 1 1 1 1 1 1 1 1 1 1 1 1 1 1 1 1 1 1 1 1 1 1 1 1 1 1 1 1 1 1 1 1 1 1 1 1 1 1 1 1 1 1 1 1 1 1 1 1 1 1 1 1 1 1 1 1 1 1 1 1 1 1 1 1 1 1 1 1 1 1 1 1 1 1 1 1 1 1 1 1 1 1 1 1 1 1 1 1 1 1 1 1 1 1 1 1 1 1 1 1 1 1 1 1 1 1 1 1 1 1 1 1 1 1 1 1 1 1 1 1 1 1 1 1 1 1 1 1 1 1 1 1 1 1 1 1 1 1 1 1 1 1 1 1 1 1 1 1 1 1 1 1 1 1 1 1 1 1 1 1 1 1 1 1 1 1 1 1 1 1 1 1 1 1 1 1 1 1 1 1 1 1 1 1 1 1 1 1 1 1 1 1 1 1 1 1 1 1 1 1 1 1 1 1 1 1 1 1 1 1 1 1 1 1 1 1 1 1 1 1 1 1 1 1 1 1 1 1 1 1 1 1 1 1 1 1 1 1 1 1 1 1 1 1 1 1 1 1 1 1 1 1 1 1 1 1 1 1 1 1 1 1 1 1 1 1 1 1 1 1 1 1 1 1 1 1 1 1 1 1 1 1 1 1 1 1 1 1 1 1 1 1 1 1 1 1 1 1 1 1 1 1 1 1 1 1 1 1 1 1 1 1 1 1 1 1 1 1 1 1 1 1 1 1 1 1 1 1 1 1 1 1 1 1 1 1 1 1 1 1 1 1 1 1 1 1 1 1 1 1 1 1 1 1 1 1 1 1 1 1 1 1 1 1 1 1 1 1 1 1 1 1 1 1 1 1 1 1 1 1 1 1 1 1 1 1 1 1 1 1 1 1 1 1 1 1 1 1 1 1 1 1 1 1 1 1 1 1 1 1 1 1 1 1 1 1 1 1 1 1 1 1 1 1 1 1 1 1 1 1 1 1 1 1 1 1 1 1 1 1 1 1 1 1 1 1 1 1 1 1 1 1 1 1 1 1 1 1 1 1 1 1 1 1 1 1 1 1 1 1 1 1 1 1 1 1 1 1 1 1 1 1 1 1 1 1 1 1 1 1 1 1 1 1 1 1 1 1 1 1 1 1 1 1 1 1 1 1 1 1 1 1 1 1 1 1 1 1 1 1 1 1 1 1 1 1 1 1 1 1 1 1 1 1 1 1 1 1 1 1 1 1 1 1 1 1 1 1 1 1 1 1 1 1 1 1 1 1 1 1 1 1 1 1 1 1 1 1 1 1 1 1 1 1 1 1 1 1 1 1 1 1 1 1 1 1 1 1 1 1 1 1 1 1 1 1 1 1 1 1 1 1 1 1 1 1 1 1 1 1 1 1 1 1 1 1 1 1 1 1 1 1 1 1 1 1 1 1 1 1 1 1 1 1 1 1 1 1 1 1 1 1 1 1 1 1 1 1 1 1 1 1 1 1 1 1 1 1 1 1 1 1 1 1 1 1 1 1 1 1 1 1 1 1 1 1 1 1 1 1 1 1 1 1 1 1 1 1 1 1 1 1 1 1 1 1 1 1 1 1 1 1 1 1 1 1 1 1 1 1 1 1 1 1 1 1 1 1 1 1 1 1 1 1 1 1 1 1 1 1 1 1 1 1 1 1 1 1 1 1 1 1 1 1 1 1 1 1 1 1 1 1 1 1 1 1 1 1 1 1 1 1 1 1 1 1 1 1 1 1 1 1 1 1 1 1 1 1 1 1 1 1 1 1 1 1 1 1 1 1 1 1 1 1 1 1 1 1 1 1 1 1 1 1 1 1 1 1 1 1 1 1 1 1 1 1 1 1 1 1 1 1 1 1 1 1 1 1 1 1 1 1 1 1 1 1 1 1 1 1 1 1 1 1 1 1 1 1 1 1 1 1 1 1 1 1 1 1 1 1 1 1 1 1 1 1 1 1 1 1 1 1 1 1 1 1 1 1 1 1 1 1 1 1 1 1 1 1 1 1 1 1 1 1 1 1 1 1 1 1 1 1 1 1 1 1 1 1 1 1 1 1 1 1 1 1 1 1 1 1 1 1 1 1 1 1 1 1 1 1 1 1 1 1 1 1 1 1 1 1 1 1 1 1 1 1 1 1 1 1 1 1 1 1 1 1 1 1 1 1 1 1 1 1 1 1 1 1 1 1 1 1 1 1 1 1 1 1 1 1 1 1 1 1 1 1 1 1 1 1 1 1 1 1 1 1 1 1 1 1 1 1 1 1 1 1 1 1 1 1 1 1 1 1 1 1 1 1 1 1 1 1 1 1 1 1 1 1 1 1 1 1 1 1 1 1 1 1 1 1 1 1 1 1 1 1 1 1 1 1 1 1 1 1 1 1 1 1 1 1 1 1 1 1 1 1 1 1 1 1 1 1 1 1 1 1 1 1 1 1 1 1 1 1 1 1 1 1 1 1 1 1 1 1 1 1 1 1 1 1 1 1 1 1 1 1 1 1 1 1 1 1 1 1 1 1 1 1 1 1 1 1 1 1 1 1 1 1 1 1 1 1 1 1 1 1 1 1 1 1 1 1 1 1 1 1 1 1 1 1 1 1 1 1 1 1 1 1 1 1 1 1 1 1 1 1 1 1 1 1 1 1 1 1 1 1 1 1 1 1 1 1 1 1 1 1 1 1 1 1 1 1 1 1 1 1 1 1 1 1 1 1 1 1 1 1 1 1 1 1 1 1 1 1 1 1 1 1 1 1 1 1 1 1 1 1 1 1 1 1 1 1 1 1 1 1 1 1 1 1 1 1 1 1 1 1 1 1 1 1 1 1 1 1 1 1 1 1 1 1 1 1 1 1 1 1 1 1 1 1 1 1 1 1 1 1 1 1 1 1 1 1 1 1 1 1 1 1 1 1 1 1 1 1 1 1 1 1 1 1 1 1 1 1 1 1 1 1 1 1 1 1 1 1 1 1 1 1 1 1 1 1 1 1 1 1 1 1 1 1 1 1 1 1 1 1 1 1 1 1 1 1 1 1 1 1 1 1 1 1 1 1 1 1 1 1 1 1 1 1 1 1 1 1 1 1 1 1 1 1 1 1 1 1 1 1 1 1 1 1 1 1 1 1 1 1 1 1 1 1 1 1 1 1 1 1 1 1 1 1 1 1 1 1 1 1 1 1 1 1 1 1 1 1 1 1 1 1 1 1 1 1 1 1 1 1 1 1 1 1 1 1 1 1 1 1 1 1 1 1 1 1 1 1 1 1 1 1 1 1 1 1 1 1 1 1 1 1 1 1 1 1 1 1 1 1 1 1 1 1 1 1 1 1 1 1 1 1 1 1 1 1 1 1 1 1 1 1 1 1 1 1 1 1 1 1 1 1 1 1 1 1 1 1 1 1 1 1 1 1 1 1 1 1 1 1 1 1 1 1 1 1 1 1 1 1 1 1 1 1 1 1 1 1 1 1 1 1 1 1 1 1 1 1 1 1 1 1 1 1 1 1 1 1 1 1 1 1 1 1 1 1 1 1 1 1 1 1 1 1 1 1 1 1 1 1 1 1 1 1 1 1 1 1 1 1 1 1 1 1 1 1 1 1 1 1 1 1 1 1 1 1 1 1 1 1 1 1 1 1 1 1 1 1 1 1 1 1 1 1 1 1 1 1 1 1 1 1 1 1 1 1 1 1 1 1 1 1 1 1 1 1 1 1 1 1 1 1 1 1 1 1 1 1 1 1 1 1 1 1 1 1 1 1 1 1 1 1 1 1 1 1 1 1 1 1 1 1 1 1 1 1 1 1 1 1 1 1 1 1 1 1 1 1 1 1 1 1 1 1 1 1 1 1 1 1 1 1 1 1 1 1 1 1 1 1 1 1 1 1 1 1 1 1 1 1 1 1 1 1 1 1 1 1 1 1 1 1 1 1 1 1 1 1 1 1 1 1 1 1 1 1 1 1 1 1 1 1 1 1 1 1 1 1 1 1 1 1 1 1 1 1 1 1 1 1 1 1 1 1 1 1 1 1 1 1 1 1 1 1 1 1 1 1 1 1 1 1 1 1 1 1 1 1 1 1 1 1 1 1 1 1 1 1 1 1 1 1 1 1 1 1 1 1 1 1 1 1 1 1 1 1 1 1 1 1 1 1 1 1 1 1 1 1 1 1 1 1 1 1 1 1 1 1 1 1 1 1 1 1 1 1 1 1 1 1 1 1 1 1 1 1 1 1 1 1 1 1 1 1 1 1 1 1 1 1 1 1 1 1 1 1 1 1 1 1 1 1 1 1 1 1 1 1 1 1 1 1 1 1 1 1 1 1 1 1 1 1 1 1 1 1 1 1 1 1 1 1 1 1 1 1 1 1 1 1 1 1 1 1 1 1 1 1 1 1 1 1 1 1 1 1 1 1 1 1 1 1 1 1 1 1 1 1 1 1 1 1 1 1 1 1 1 1 1 1 1 1 1 1 1 1 1 1 1 1 1 1 1 1 1 1 1 1 1 1 1 1 1 1 1 1 1 1 1 1 1 1 1 1 1 1 1 1 1 1 1 1 1 1 1 1 1 1 1 1 1 1 1 1 1 1 1 1 1 1 1 1 1 1 1 1 1 1 1 1 1 1 1 1 1 1 1 1 1 1 1 1 1 1 1 1 1 1 1 1 1 1 1 1 1 1 1 1 1 1 1 1 1 1 1 1 1 1 1 1 1 1 1 1 1 1 1 1 1 1 1 1 1 1 1 1 1 1 1 1 1 1 1 1 1 1 1 1 1 1 1 1 1 1 1 1 1 1 1 1 1 1 1 1 1 1 1 1 1 1 1 1 1 1 1 1 1 1 1 1 1 1 1 1 1 1 1 1 1 1 1 1 1 1 1 1 1 1 1 1 1 1 1 1 1 1 1 1 1 1 1 1 1 1 1 1 1 1 1 1 1 1 1 1 1 1 1 1 1 1 1 1 1 1 1 1 1 1 1 1 1 1 1 1 1 1 1 1 1 1 1 1 1 1 1 1 1 1 1 1 1 1 1 1 1 1 1 1 1 1 1 1 1 1 1 1 1 1 1 1 1 1 1 1 1 1 1 1 1 1 1 1 1 1 1 1 1 1 1 1 1 1 1 1 1 1 1 1 1 1 1 1 1 1 1 1 1 1 1 1 1 1 1 1 1 1 1 1 1 1 1 1 1 1 1 1 1 1 1 1 1 1 1 1 1 1 1 1 1 1 1 1 1 1 1 1 1 1 1 1 1 1 1 1 1 1 1 1 1 1 1 1 1 1 1 1 1 1 1 1 1 1 1 1 1 1 1 1 1 1 1 1 1 1 1 1 1 1 1 1 1 1 1 1 1 1 1 1 1 1 1 1 1 1 1 1 1 1 1 1 1 1 1 1 1 1 1 1 1 1 1 1 1 1 1 1 1 1 1 1 1 1 1 1 1 1 1 1 1 1 1 1 1 1 1 1 1 1 1 1 1 1 1 1 1 1 1 1 1 1 1 1 1 1 1 1 1 1 1 1 1 1 1 1 1 1 1 1 1 1 1 1 1 1 1 1 1 1 1 1 1 1 1 1 1 1 1 1 1 1 1 1 1 1 1 1 1 1 1 1 1 1 1 1 1 1 1 1 1 1 1 1 1 1 1 1 1 1 1 1 1 1 1 1 1 1 1 1 1 1 1 1 1 1 1 1 1 1 1 1 1 1 1 1 1 1 1 1 1 1 1 1 1 1 1 1 1 1 1 1 1 1 1 1 1 1 1 1 1 1 1 1 1 1 1 1 1 1 1 1 1 1 1 1 1 1 1 1 1 1 1 1 1 1 1 1 1 1 1 1 1 1 1 1 1 1 1 1 1 1 1 1 1 1 1 1 1 1 1 1 1 1 1 1 1 1 1 1 1 1 1 1 1 1 1 1 1 1 1 1 1 1 1 1 1 1 1 1 1 1 1 1 1 1 1 1 1 1 1 1 1 1 1 1 1 1 1 1 1 1 1 1 1 1 1 1 1 1 1 1 1 1 1 1 1 1 1 1 1 1 1 1 1 1 1 1 1 1 1 1 1 1 1 1 1 1 1 1 1 1 1 1 1 1 1 1 1 1 1 1 1 1 1 1 1 1 1 1 1 1 1 1 1 1 1 1 1 1 1 1 1 1 1 1 1 1 1 1 1 1 1 1 1 1 1 1 1 1 1 1 1 1 1 1 1 1 1 1 1 1 1 1 1 1 1 1 1 1 1 1 1 1 1 1 1 1 1 1 1 1 1 1 1 1 1 1 1 1 1 1 1 1 1 1 1 1 1 1 1 1 1 1 1 1 1 1 1 1 1 1 1 1 1 1 1 1 1 1 1 1 1 1 1 1 1 1 1 1 1 1 1 1 1 1 1 1 1 1 1 1 1 1 1 1 1 1 1 1 1 1 1 1 1 1 1 1 1 1 1 1 1 1 1 1 1 1 1 1 1 1 1 1 1 1 1 1 1 1 1 1 1 1 1 1 1 1 1 1 1 1 1 1 1 1 1 1 1 1 1 1 1 1 1 1 1 1 1 1 1 1 1 1 1 1 1 1 1 1 1 1 1 1 1 1 1 1 1 1 1 1 1 1 1 1 1 1 1 1 1 1 1 1 1 1 1 1 1 1 1 1 1 1 1 1 1 1 1 1 1 1 1 1 1 1 1 1 1 1 1 1 1 1 1 1 1 1 1 1 1 1 1 1 1 1 1 1 1 1 1 1 1 1 1 1 1 1 1 1 1 1 1 1 1 1 1 1 1 1 1 1 1 1 1 1 1 1 1 1 1 1 1 1 1 1 1 1 1 1 1 1 1 1 1 1 1 1 1 1 1 1 1 1 1 1 1 1 1 1 1 1 1 1 1 1 1 1 1 1 1 1 1 1 1 1 1 1 1 1 1 1 1 1 1 1 1 1 1 1 1 1 1 1 1 1 1 1 1 1 1 1 1 1 1 1 1 1 1 1 1 1 1 1 1 1 1 1 1 1 1 1 1 1 1 1 1 1 1 1 1 1 1 1 1 1 1 1 1 1 1 1 1 1 1 1 1 1 1 1 1 1 1 1 1 1 1 1 1 1 1 1 1 1 1 1 1 1 1 1 1 1 1 1 1 1 1 1 1 1 1 1 1 1 1 1 1 1 1 1 1 1 1 1 1 1 1 1 1 1 1 1 1 1 1 1 1 1 1 1 1 1 1 1 1 1 1 1 1 1 1 1 1 1 1 1 1 1 1 1 1 1 1 1 1 1 1 1 1 1 1 1 1 1 1 1 1 1 1 1 1 1 1 1 1 1 1 1 1 1 1 1 1 1 1 1 1 1 1 1 1 1 1 1 1 1 1 1 1 1 1 1 1 1 1 1 1 1 1 1 1 1 1 1 1 1 1 1 1 1 1 1 1 1 1 1 1 1 1 1 1 1 1 1 1 1 1 1 1 1 1 1 1 1 1 1 1 1 1 1 1 1 1 1 1 1 1 1 1 1 1 1 1 1 1 1 1 1 1 1 1 1 1 1 1 1 1 1 1 1 1 1 1 1 1 1 1 1 1 1 1 1 1 1 1 1 1 1 1 1 1 1 1 1 1 1 1 1 1 1 1 1 1 1 1 1 1 1 1 1 1 1 1 1 1 1 1 1 1 1 1 1 1 1 1 1 1 1 1 1 1 1 1 1 1 1 1 1 1 1 1 1 1 1 1 1 1 1 1 1 1 1 1 1 1 1 1 1 1 1 1 1 1 1 1 1 1 1 1 1 1 1 1 1 1 1 1 1 1 1 1 1 1 1 1 1 1 1 1 1 1 1 1 1 1 1 1 1 1 1 1 1 1 1 1 1 1 1 1 1 1 1 1 1 1 1 1 1 1 1 1 1 1 1 1 1 1 1 1 1 1 1 1 1 1 1 1 1 1 1 1 1 1 1 1 1 1 1 1 1 1 1 1 1 1 1 1 1 1 1 1 1 1 1 1 1 1 1 1 1 1 1 1 1 1 1 1 1 1 1 1 1 1 1 1 1 1 1 1 1 1 1 1 1 1 1 1 1 1 1 1 1 1 1 1 1 1 1 1 1 1 1 1 1 1 1 1 1 1 1 1 1 1 1 1 1 1 1 1 1 1 1 1 1 1 1 1 1 1 1 1 1 1 1 1 1 1 1 1 1 1 1 1 1 1 1 1 1 1 1 1 1 1 1 1 1 1 1 1 1 1 1 1 1 1 1 1 1 1 1 1 1 1 1 1 1 1 1 1 1 1 1 1 1 1 1 1 1 1 1 1 1 1 1 1 1 1 1 1 1 1 1 1 1 1 1 1 1 1 1 1 1 1 1 1 1 1 1 1 1 1 1 1 1 1 1 1 1 1 1 1 1 1 1 1 1 1 1 1 1 1 1 1 1 1 1 1 1 1 1 1 1 1 1 1 1 1 1 1 1 1 1 1 1 1 1 1 1 1 1 1 1 1 1 1 1 1 1 1 1 1 1 1 1 1 1 1 1 1 1 1 1 1 1 1 1 1 1 1 1 1 1 1 1 1 1 1 1 1 1 1 1 1 1 1 1 1 1 1 1 1 1 1 1 1 1 1 1 1 1 1 1 1 1 1 1 1 1 1 1 1 1 1 1 1 1 1 1 1 1 1 1 1 1 1 1 1 1 1 1 1 1 1 1 1 1 1 1 1 1 1 1 1 1 1 1 1 1 1 1 1 1 1 1 1 1 1 1 1 1 1 1 1 1 1 1 1 1 1 1 1 1 1 1 1 1 1 1 1 1 1 1 1 1 1 1 1 1 1 1 1 1 1 1 1 1 1 1 1 1 1 1 1 1 1 1 1 1 1 1 1 1 1 1 1 1 1 1 1 1 1 1 1 1 1 1 1 1 1 1 1 1 1 1 1 1 1 1 1 1 1 1 1 1 1 1 1 1 1 1 1 1 1 1 1 1 1 1 1 1 1 1 1 1 1 1 1 1 1 1 1 1 1 1 1 1 1 1 1 1 1 1 1 1 1 1 1 1 1 1 1 1 1 1 1 1 1 1 1 1 1 1 1 1 1 1 1 1 1 1 1 1 1 1 1 1 1 1 1 1 1 1 1 1 1 1 1 1 1 1 1 1 1 1 1 1 1 1 1 1 1 1 1 1 1 1 1 1 1 1 1 1 1 1 1 1 1 1 1 1 1 1 1 1 1 1 1 1 1 1 1 1 1 1 1 1 1 1 1 1 1 1 1 1 1 1 1 1 1 1 1 1 1 1 1 1 1 1 1 1 1 1 1 1 1 1 1 1 1 1 1 1 1 1 1 1 1 1 1 1 1 1 1 1 1 1 1 1 1 1 1 1 1 1 1 1 1 1 1 1 1 1 1 1 1 1 1 1 1 1 1 1 1 1 1 1 1 1 1 1 1 1 1 1 1 1 1 1 1 1 1 1 1 1 1 1 1 1 1 1 1 1 1 1 1 1 1 1 1 1 1 1 1 1 1 1 1 1 1 1 1 1 1 1 1 1 1 1 1 1 1 1 1 1 1 1 1 1 1 1 1 1 1 1 1 1 1 1 1 1 1 1 1 1 1 1 1 1 1 1 1 1 1 1 1 1 1 1 1 1 1 1 1 1 1 1 1 1 1 1 1 1 1 1 1 1 1 1 1 1 1 1 1 1 1 1 1 1 1 1 1 1 1 1 1 1 1 1 1 1 1 1 1 1 1 1 1 1 </float_array>
          <technique_common>
            <accessor count="1560" offset="0" source="#road-bend_1-color0-array" stride="3">
              <param name="R" type="float" />
              <param name="G" type="float" />
              <param name="B" type="float" />
            </accessor>
          </technique_common>
        </source>
        <vertices id="road-bend_1-vertices">
          <input semantic="POSITION" source="#road-bend_1-positions" />
        </vertices>
        <polylist count="520" material="defaultMaterial">
          <input offset="0" semantic="VERTEX" source="#road-bend_1-vertices" />
          <input offset="0" semantic="NORMAL" source="#road-bend_1-normals" />
          <input offset="0" semantic="TEXCOORD" source="#road-bend_1-tex0" set="0" />
          <input offset="0" semantic="COLOR" source="#road-bend_1-color0" set="0" />
          <vcount>3 3 3 3 3 3 3 3 3 3 3 3 3 3 3 3 3 3 3 3 3 3 3 3 3 3 3 3 3 3 3 3 3 3 3 3 3 3 3 3 3 3 3 3 3 3 3 3 3 3 3 3 3 3 3 3 3 3 3 3 3 3 3 3 3 3 3 3 3 3 3 3 3 3 3 3 3 3 3 3 3 3 3 3 3 3 3 3 3 3 3 3 3 3 3 3 3 3 3 3 3 3 3 3 3 3 3 3 3 3 3 3 3 3 3 3 3 3 3 3 3 3 3 3 3 3 3 3 3 3 3 3 3 3 3 3 3 3 3 3 3 3 3 3 3 3 3 3 3 3 3 3 3 3 3 3 3 3 3 3 3 3 3 3 3 3 3 3 3 3 3 3 3 3 3 3 3 3 3 3 3 3 3 3 3 3 3 3 3 3 3 3 3 3 3 3 3 3 3 3 3 3 3 3 3 3 3 3 3 3 3 3 3 3 3 3 3 3 3 3 3 3 3 3 3 3 3 3 3 3 3 3 3 3 3 3 3 3 3 3 3 3 3 3 3 3 3 3 3 3 3 3 3 3 3 3 3 3 3 3 3 3 3 3 3 3 3 3 3 3 3 3 3 3 3 3 3 3 3 3 3 3 3 3 3 3 3 3 3 3 3 3 3 3 3 3 3 3 3 3 3 3 3 3 3 3 3 3 3 3 3 3 3 3 3 3 3 3 3 3 3 3 3 3 3 3 3 3 3 3 3 3 3 3 3 3 3 3 3 3 3 3 3 3 3 3 3 3 3 3 3 3 3 3 3 3 3 3 3 3 3 3 3 3 3 3 3 3 3 3 3 3 3 3 3 3 3 3 3 3 3 3 3 3 3 3 3 3 3 3 3 3 3 3 3 3 3 3 3 3 3 3 3 3 3 3 3 3 3 3 3 3 3 3 3 3 3 3 3 3 3 3 3 3 3 3 3 3 3 3 3 3 3 3 3 3 3 3 3 3 3 3 3 3 3 3 3 3 3 3 3 3 3 3 3 3 3 3 3 3 3 3 3 3 3 3 3 3 3 3 3 3 3 3 3 3 3 3 3 3 3 3 3 3 3 3 3 3 3 3 3 3 3 3 3 3 3 3 3 3 3 3 3 3 3 3 3 3 3 3 3 3 3 3 3 3 3 3 3 3 </vcount>
          <p>0 1 2 3 4 5 6 7 8 9 10 11 12 13 14 15 16 17 18 19 20 21 22 23 24 25 26 27 28 29 30 31 32 33 34 35 36 37 38 39 40 41 42 43 44 45 46 47 48 49 50 51 52 53 54 55 56 57 58 59 60 61 62 63 64 65 66 67 68 69 70 71 72 73 74 75 76 77 78 79 80 81 82 83 84 85 86 87 88 89 90 91 92 93 94 95 96 97 98 99 100 101 102 103 104 105 106 107 108 109 110 111 112 113 114 115 116 117 118 119 120 121 122 123 124 125 126 127 128 129 130 131 132 133 134 135 136 137 138 139 140 141 142 143 144 145 146 147 148 149 150 151 152 153 154 155 156 157 158 159 160 161 162 163 164 165 166 167 168 169 170 171 172 173 174 175 176 177 178 179 180 181 182 183 184 185 186 187 188 189 190 191 192 193 194 195 196 197 198 199 200 201 202 203 204 205 206 207 208 209 210 211 212 213 214 215 216 217 218 219 220 221 222 223 224 225 226 227 228 229 230 231 232 233 234 235 236 237 238 239 240 241 242 243 244 245 246 247 248 249 250 251 252 253 254 255 256 257 258 259 260 261 262 263 264 265 266 267 268 269 270 271 272 273 274 275 276 277 278 279 280 281 282 283 284 285 286 287 288 289 290 291 292 293 294 295 296 297 298 299 300 301 302 303 304 305 306 307 308 309 310 311 312 313 314 315 316 317 318 319 320 321 322 323 324 325 326 327 328 329 330 331 332 333 334 335 336 337 338 339 340 341 342 343 344 345 346 347 348 349 350 351 352 353 354 355 356 357 358 359 360 361 362 363 364 365 366 367 368 369 370 371 372 373 374 375 376 377 378 379 380 381 382 383 384 385 386 387 388 389 390 391 392 393 394 395 396 397 398 399 400 401 402 403 404 405 406 407 408 409 410 411 412 413 414 415 416 417 418 419 420 421 422 423 424 425 426 427 428 429 430 431 432 433 434 435 436 437 438 439 440 441 442 443 444 445 446 447 448 449 450 451 452 453 454 455 456 457 458 459 460 461 462 463 464 465 466 467 468 469 470 471 472 473 474 475 476 477 478 479 480 481 482 483 484 485 486 487 488 489 490 491 492 493 494 495 496 497 498 499 500 501 502 503 504 505 506 507 508 509 510 511 512 513 514 515 516 517 518 519 520 521 522 523 524 525 526 527 528 529 530 531 532 533 534 535 536 537 538 539 540 541 542 543 544 545 546 547 548 549 550 551 552 553 554 555 556 557 558 559 560 561 562 563 564 565 566 567 568 569 570 571 572 573 574 575 576 577 578 579 580 581 582 583 584 585 586 587 588 589 590 591 592 593 594 595 596 597 598 599 600 601 602 603 604 605 606 607 608 609 610 611 612 613 614 615 616 617 618 619 620 621 622 623 624 625 626 627 628 629 630 631 632 633 634 635 636 637 638 639 640 641 642 643 644 645 646 647 648 649 650 651 652 653 654 655 656 657 658 659 660 661 662 663 664 665 666 667 668 669 670 671 672 673 674 675 676 677 678 679 680 681 682 683 684 685 686 687 688 689 690 691 692 693 694 695 696 697 698 699 700 701 702 703 704 705 706 707 708 709 710 711 712 713 714 715 716 717 718 719 720 721 722 723 724 725 726 727 728 729 730 731 732 733 734 735 736 737 738 739 740 741 742 743 744 745 746 747 748 749 750 751 752 753 754 755 756 757 758 759 760 761 762 763 764 765 766 767 768 769 770 771 772 773 774 775 776 777 778 779 780 781 782 783 784 785 786 787 788 789 790 791 792 793 794 795 796 797 798 799 800 801 802 803 804 805 806 807 808 809 810 811 812 813 814 815 816 817 818 819 820 821 822 823 824 825 826 827 828 829 830 831 832 833 834 835 836 837 838 839 840 841 842 843 844 845 846 847 848 849 850 851 852 853 854 855 856 857 858 859 860 861 862 863 864 865 866 867 868 869 870 871 872 873 874 875 876 877 878 879 880 881 882 883 884 885 886 887 888 889 890 891 892 893 894 895 896 897 898 899 900 901 902 903 904 905 906 907 908 909 910 911 912 913 914 915 916 917 918 919 920 921 922 923 924 925 926 927 928 929 930 931 932 933 934 935 936 937 938 939 940 941 942 943 944 945 946 947 948 949 950 951 952 953 954 955 956 957 958 959 960 961 962 963 964 965 966 967 968 969 970 971 972 973 974 975 976 977 978 979 980 981 982 983 984 985 986 987 988 989 990 991 992 993 994 995 996 997 998 999 1000 1001 1002 1003 1004 1005 1006 1007 1008 1009 1010 1011 1012 1013 1014 1015 1016 1017 1018 1019 1020 1021 1022 1023 1024 1025 1026 1027 1028 1029 1030 1031 1032 1033 1034 1035 1036 1037 1038 1039 1040 1041 1042 1043 1044 1045 1046 1047 1048 1049 1050 1051 1052 1053 1054 1055 1056 1057 1058 1059 1060 1061 1062 1063 1064 1065 1066 1067 1068 1069 1070 1071 1072 1073 1074 1075 1076 1077 1078 1079 1080 1081 1082 1083 1084 1085 1086 1087 1088 1089 1090 1091 1092 1093 1094 1095 1096 1097 1098 1099 1100 1101 1102 1103 1104 1105 1106 1107 1108 1109 1110 1111 1112 1113 1114 1115 1116 1117 1118 1119 1120 1121 1122 1123 1124 1125 1126 1127 1128 1129 1130 1131 1132 1133 1134 1135 1136 1137 1138 1139 1140 1141 1142 1143 1144 1145 1146 1147 1148 1149 1150 1151 1152 1153 1154 1155 1156 1157 1158 1159 1160 1161 1162 1163 1164 1165 1166 1167 1168 1169 1170 1171 1172 1173 1174 1175 1176 1177 1178 1179 1180 1181 1182 1183 1184 1185 1186 1187 1188 1189 1190 1191 1192 1193 1194 1195 1196 1197 1198 1199 1200 1201 1202 1203 1204 1205 1206 1207 1208 1209 1210 1211 1212 1213 1214 1215 1216 1217 1218 1219 1220 1221 1222 1223 1224 1225 1226 1227 1228 1229 1230 1231 1232 1233 1234 1235 1236 1237 1238 1239 1240 1241 1242 1243 1244 1245 1246 1247 1248 1249 1250 1251 1252 1253 1254 1255 1256 1257 1258 1259 1260 1261 1262 1263 1264 1265 1266 1267 1268 1269 1270 1271 1272 1273 1274 1275 1276 1277 1278 1279 1280 1281 1282 1283 1284 1285 1286 1287 1288 1289 1290 1291 1292 1293 1294 1295 1296 1297 1298 1299 1300 1301 1302 1303 1304 1305 1306 1307 1308 1309 1310 1311 1312 1313 1314 1315 1316 1317 1318 1319 1320 1321 1322 1323 1324 1325 1326 1327 1328 1329 1330 1331 1332 1333 1334 1335 1336 1337 1338 1339 1340 1341 1342 1343 1344 1345 1346 1347 1348 1349 1350 1351 1352 1353 1354 1355 1356 1357 1358 1359 1360 1361 1362 1363 1364 1365 1366 1367 1368 1369 1370 1371 1372 1373 1374 1375 1376 1377 1378 1379 1380 1381 1382 1383 1384 1385 1386 1387 1388 1389 1390 1391 1392 1393 1394 1395 1396 1397 1398 1399 1400 1401 1402 1403 1404 1405 1406 1407 1408 1409 1410 1411 1412 1413 1414 1415 1416 1417 1418 1419 1420 1421 1422 1423 1424 1425 1426 1427 1428 1429 1430 1431 1432 1433 1434 1435 1436 1437 1438 1439 1440 1441 1442 1443 1444 1445 1446 1447 1448 1449 1450 1451 1452 1453 1454 1455 1456 1457 1458 1459 1460 1461 1462 1463 1464 1465 1466 1467 1468 1469 1470 1471 1472 1473 1474 1475 1476 1477 1478 1479 1480 1481 1482 1483 1484 1485 1486 1487 1488 1489 1490 1491 1492 1493 1494 1495 1496 1497 1498 1499 1500 1501 1502 1503 1504 1505 1506 1507 1508 1509 1510 1511 1512 1513 1514 1515 1516 1517 1518 1519 1520 1521 1522 1523 1524 1525 1526 1527 1528 1529 1530 1531 1532 1533 1534 1535 1536 1537 1538 1539 1540 1541 1542 1543 1544 1545 1546 1547 1548 1549 1550 1551 1552 1553 1554 1555 1556 1557 1558 1559 </p>
        </polylist>
      </mesh>
    </geometry>
  </library_geometries>
  <library_controllers>
  </library_controllers>
  <library_visual_scenes>
    <visual_scene id="road-bend.obj" name="road-bend.obj">
      <node id="road-bend" name="road-bend" type="NODE">
        <matrix sid="matrix">1 0 0 0 0 1 0 0 0 0 1 0 0 0 0 1</matrix>
        <instance_geometry url="#road-bend_1">
          <bind_material>
            <technique_common>
              <instance_material symbol="defaultMaterial" target="#colormap">
                <bind_vertex_input semantic="CHANNEL0" input_semantic="TEXCOORD" input_set="0"/>
              </instance_material>
            </technique_common>
          </bind_material>
        </instance_geometry>
      </node>
    </visual_scene>
  </library_visual_scenes>
  <scene>
    <instance_visual_scene url="#road-bend.obj" />
  </scene>
</COLLADA>
